Plate_ID,Batch_ID,Run_Date,Analyst,Instrument_ID,Read_Order,Well,Row,Column,Sample_ID,Sample_Type,Replicate,Dilution_Factor,Expected_Concentration_pg_mL,Synthetic_True_Final_Concentration_pg_mL,OD450,Calculated_Assay_Concentration_pg_mL,Calculated_Final_Concentration_pg_mL,Result_Qualifier,Replicate_CV_Pct,Recovery_Pct,Sample_QC_Flag
PLT-001,BATCH-01,2026-01-05,Analyst_A,ELISA_Reader_01,1,A1,A,1,STD_2000,Standard,1,1,2000.0,2000.0,2.2642,1997.7183,1997.7183,N/A,5.5,103.93,Pass
PLT-001,BATCH-01,2026-01-05,Analyst_A,ELISA_Reader_01,2,A2,A,2,STD_2000,Standard,2,1,2000.0,2000.0,2.28227,2159.4576,2159.4576,N/A,5.5,103.93,Pass
PLT-001,BATCH-01,2026-01-05,Analyst_A,ELISA_Reader_01,3,A3,A,3,BLANK,Blank,1,1,0.0,0.0,0.04269,0.0015,0.0015,N/A,0.0,,Pass
PLT-001,BATCH-01,2026-01-05,Analyst_A,ELISA_Reader_01,4,A4,A,4,BLANK,Blank,2,1,0.0,0.0,0.04364,0.0015,0.0015,N/A,0.0,,Pass
PLT-001,BATCH-01,2026-01-05,Analyst_A,ELISA_Reader_01,5,A5,A,5,SMP-0001,Unknown,1,2,,85.4112,0.26485,43.1943,86.3885,Quantifiable,2.14,,Pass
PLT-001,BATCH-01,2026-01-05,Analyst_A,ELISA_Reader_01,6,A6,A,6,SMP-0001,Unknown,2,2,,85.4112,0.25765,41.907,83.8141,Quantifiable,2.14,,Pass
PLT-001,BATCH-01,2026-01-05,Analyst_A,ELISA_Reader_01,7,A7,A,7,SMP-0002,Unknown,1,1,,70.0763,0.40607,68.7778,68.7778,Quantifiable,3.16,,Pass
PLT-001,BATCH-01,2026-01-05,Analyst_A,ELISA_Reader_01,8,A8,A,8,SMP-0002,Unknown,2,1,,70.0763,0.42298,71.9211,71.9211,Quantifiable,3.16,,Pass
PLT-001,BATCH-01,2026-01-05,Analyst_A,ELISA_Reader_01,9,A9,A,9,SMP-0003,Unknown,1,5,,15.5307,0.04982,1.8781,9.3906,<LLOQ,61.61,,Review
PLT-001,BATCH-01,2026-01-05,Analyst_A,ELISA_Reader_01,10,A10,A,10,SMP-0003,Unknown,2,5,,15.5307,0.06125,4.778,23.8901,<LLOQ,61.61,,Review
PLT-001,BATCH-01,2026-01-05,Analyst_A,ELISA_Reader_01,11,A11,A,11,SMP-0004,Unknown,1,1,,191.53,0.95983,192.1868,192.1868,Quantifiable,0.8,,Pass
PLT-001,BATCH-01,2026-01-05,Analyst_A,ELISA_Reader_01,12,A12,A,12,SMP-0004,Unknown,2,1,,191.53,0.96761,194.3628,194.3628,Quantifiable,0.8,,Pass
PLT-001,BATCH-01,2026-01-05,Analyst_A,ELISA_Reader_01,13,B1,B,1,STD_1000,Standard,1,1,1000.0,1000.0,2.03374,1006.3453,1006.3453,N/A,3.29,98.35,Pass
PLT-001,BATCH-01,2026-01-05,Analyst_A,ELISA_Reader_01,14,B2,B,2,STD_1000,Standard,2,1,1000.0,1000.0,2.01278,960.5801,960.5801,N/A,3.29,98.35,Pass
PLT-001,BATCH-01,2026-01-05,Analyst_A,ELISA_Reader_01,15,B3,B,3,QC_Low,QC,1,1,50.0,50.0,0.30208,49.8561,49.8561,N/A,1.65,100.89,Pass
PLT-001,BATCH-01,2026-01-05,Analyst_A,ELISA_Reader_01,16,B4,B,4,QC_Low,QC,2,1,50.0,50.0,0.30863,51.0337,51.0337,N/A,1.65,100.89,Pass
PLT-001,BATCH-01,2026-01-05,Analyst_A,ELISA_Reader_01,17,B5,B,5,SMP-0005,Unknown,1,1,,875.6929,1.9765,889.4211,889.4211,Quantifiable,4.46,,Pass
PLT-001,BATCH-01,2026-01-05,Analyst_A,ELISA_Reader_01,18,B6,B,6,SMP-0005,Unknown,2,1,,875.6929,1.94522,834.9865,834.9865,Quantifiable,4.46,,Pass
PLT-001,BATCH-01,2026-01-05,Analyst_A,ELISA_Reader_01,19,B7,B,7,SMP-0006,Unknown,1,5,,1835.6488,1.44948,378.2133,1891.0665,Quantifiable,4.09,,Pass
PLT-001,BATCH-01,2026-01-05,Analyst_A,ELISA_Reader_01,20,B8,B,8,SMP-0006,Unknown,2,5,,1835.6488,1.40775,356.9637,1784.8186,Quantifiable,4.09,,Pass
PLT-001,BATCH-01,2026-01-05,Analyst_A,ELISA_Reader_01,21,B9,B,9,SMP-0007,Unknown,1,1,,40.181,0.2403,38.808,38.808,Quantifiable,2.0,,Pass
PLT-001,BATCH-01,2026-01-05,Analyst_A,ELISA_Reader_01,22,B10,B,10,SMP-0007,Unknown,2,1,,40.181,0.24654,39.9233,39.9233,Quantifiable,2.0,,Pass
PLT-001,BATCH-01,2026-01-05,Analyst_A,ELISA_Reader_01,23,B11,B,11,SMP-0008,Unknown,1,1,,24.8692,0.16966,26.1045,26.1045,Quantifiable,5.2,,Pass
PLT-001,BATCH-01,2026-01-05,Analyst_A,ELISA_Reader_01,24,B12,B,12,SMP-0008,Unknown,2,1,,24.8692,0.15952,24.2524,24.2524,Quantifiable,5.2,,Pass
PLT-001,BATCH-01,2026-01-05,Analyst_A,ELISA_Reader_01,25,C1,C,1,STD_500,Standard,1,1,500.0,500.0,1.64463,501.0989,501.0989,N/A,0.24,100.05,Pass
PLT-001,BATCH-01,2026-01-05,Analyst_A,ELISA_Reader_01,26,C2,C,2,STD_500,Standard,2,1,500.0,500.0,1.64234,499.3743,499.3743,N/A,0.24,100.05,Pass
PLT-001,BATCH-01,2026-01-05,Analyst_A,ELISA_Reader_01,27,C3,C,3,QC_Mid,QC,1,1,300.0,300.0,1.28633,302.3423,302.3423,N/A,1.98,99.39,Pass
PLT-001,BATCH-01,2026-01-05,Analyst_A,ELISA_Reader_01,28,C4,C,4,QC_Mid,QC,2,1,300.0,300.0,1.26576,293.9964,293.9964,N/A,1.98,99.39,Pass
PLT-001,BATCH-01,2026-01-05,Analyst_A,ELISA_Reader_01,29,C5,C,5,SMP-0009,Unknown,1,1,,849.1301,1.93857,824.1308,824.1308,Quantifiable,0.67,,Pass
PLT-001,BATCH-01,2026-01-05,Analyst_A,ELISA_Reader_01,30,C6,C,6,SMP-0009,Unknown,2,1,,849.1301,1.94338,831.9675,831.9675,Quantifiable,0.67,,Pass
PLT-001,BATCH-01,2026-01-05,Analyst_A,ELISA_Reader_01,31,C7,C,7,SMP-0010,Unknown,1,1,,181.6618,0.9292,183.7752,183.7752,Quantifiable,0.82,,Pass
PLT-001,BATCH-01,2026-01-05,Analyst_A,ELISA_Reader_01,32,C8,C,8,SMP-0010,Unknown,2,1,,181.6618,0.92131,181.6501,181.6501,Quantifiable,0.82,,Pass
PLT-001,BATCH-01,2026-01-05,Analyst_A,ELISA_Reader_01,33,C9,C,9,SMP-0011,Unknown,1,10,,332.5831,0.20883,33.1767,331.7671,Quantifiable,0.72,,Pass
PLT-001,BATCH-01,2026-01-05,Analyst_A,ELISA_Reader_01,34,C10,C,10,SMP-0011,Unknown,2,10,,332.5831,0.21073,33.5181,335.1814,Quantifiable,0.72,,Pass
PLT-001,BATCH-01,2026-01-05,Analyst_A,ELISA_Reader_01,35,C11,C,11,SMP-0012,Unknown,1,1,,16.5764,0.11303,15.5398,15.5398,<LLOQ,4.08,,Pass
PLT-001,BATCH-01,2026-01-05,Analyst_A,ELISA_Reader_01,36,C12,C,12,SMP-0012,Unknown,2,1,,16.5764,0.10853,14.6681,14.6681,<LLOQ,4.08,,Pass
PLT-001,BATCH-01,2026-01-05,Analyst_A,ELISA_Reader_01,37,D1,D,1,STD_250,Standard,1,1,250.0,250.0,1.14167,248.1899,248.1899,N/A,0.46,99.6,Pass
PLT-001,BATCH-01,2026-01-05,Analyst_A,ELISA_Reader_01,38,D2,D,2,STD_250,Standard,2,1,250.0,250.0,1.14641,249.8102,249.8102,N/A,0.46,99.6,Pass
PLT-001,BATCH-01,2026-01-05,Analyst_A,ELISA_Reader_01,39,D3,D,3,QC_High,QC,1,1,1200.0,1200.0,2.11716,1234.1113,1234.1113,N/A,1.6,101.7,Pass
PLT-001,BATCH-01,2026-01-05,Analyst_A,ELISA_Reader_01,40,D4,D,4,QC_High,QC,2,1,1200.0,1200.0,2.1086,1206.5697,1206.5697,N/A,1.6,101.7,Pass
PLT-001,BATCH-01,2026-01-05,Analyst_A,ELISA_Reader_01,41,D5,D,5,SMP-0013,Unknown,1,2,,278.7547,0.7578,140.9356,281.8711,Quantifiable,0.58,,Pass
PLT-001,BATCH-01,2026-01-05,Analyst_A,ELISA_Reader_01,42,D6,D,6,SMP-0013,Unknown,2,2,,278.7547,0.75278,139.7761,279.5522,Quantifiable,0.58,,Pass
PLT-001,BATCH-01,2026-01-05,Analyst_A,ELISA_Reader_01,43,D7,D,7,SMP-0014,Unknown,1,5,,67.1983,0.09685,12.3663,61.8317,<LLOQ,9.3,,Pass
PLT-001,BATCH-01,2026-01-05,Analyst_A,ELISA_Reader_01,44,D8,D,8,SMP-0014,Unknown,2,5,,67.1983,0.08928,10.8404,54.202,<LLOQ,9.3,,Pass
PLT-001,BATCH-01,2026-01-05,Analyst_A,ELISA_Reader_01,45,D9,D,9,SMP-0015,Unknown,1,5,,107.8078,0.14802,22.1352,110.6761,Quantifiable,4.11,,Pass
PLT-001,BATCH-01,2026-01-05,Analyst_A,ELISA_Reader_01,46,D10,D,10,SMP-0015,Unknown,2,5,,107.8078,0.1552,23.4592,117.296,Quantifiable,4.11,,Pass
PLT-001,BATCH-01,2026-01-05,Analyst_A,ELISA_Reader_01,47,D11,D,11,SMP-0016,Unknown,1,1,,208.6203,1.01141,206.9545,206.9545,Quantifiable,1.22,,Pass
PLT-001,BATCH-01,2026-01-05,Analyst_A,ELISA_Reader_01,48,D12,D,12,SMP-0016,Unknown,2,1,,208.6203,1.02356,210.5528,210.5528,Quantifiable,1.22,,Pass
PLT-001,BATCH-01,2026-01-05,Analyst_A,ELISA_Reader_01,49,E1,E,1,STD_125,Standard,1,1,125.0,125.0,0.69963,127.7703,127.7703,N/A,1.61,101.07,Pass
PLT-001,BATCH-01,2026-01-05,Analyst_A,ELISA_Reader_01,50,E2,E,2,STD_125,Standard,2,1,125.0,125.0,0.68656,124.8955,124.8955,N/A,1.61,101.07,Pass
PLT-001,BATCH-01,2026-01-05,Analyst_A,ELISA_Reader_01,51,E3,E,3,SMP-0017,Unknown,1,1,,29.6641,0.18858,29.5344,29.5344,Quantifiable,3.2,,Pass
PLT-001,BATCH-01,2026-01-05,Analyst_A,ELISA_Reader_01,52,E4,E,4,SMP-0017,Unknown,2,1,,29.6641,0.19618,30.9033,30.9033,Quantifiable,3.2,,Pass
PLT-001,BATCH-01,2026-01-05,Analyst_A,ELISA_Reader_01,53,E5,E,5,SMP-0018,Unknown,1,5,,1074.1588,1.03529,214.0721,1070.3604,Quantifiable,0.01,,Pass
PLT-001,BATCH-01,2026-01-05,Analyst_A,ELISA_Reader_01,54,E6,E,6,SMP-0018,Unknown,2,5,,1074.1588,1.03542,214.1107,1070.5534,Quantifiable,0.01,,Pass
PLT-001,BATCH-01,2026-01-05,Analyst_A,ELISA_Reader_01,55,E7,E,7,SMP-0019,Unknown,1,5,,193.1969,0.24064,38.8689,194.3443,Quantifiable,0.39,,Pass
PLT-001,BATCH-01,2026-01-05,Analyst_A,ELISA_Reader_01,56,E8,E,8,SMP-0019,Unknown,2,5,,193.1969,0.24185,39.0853,195.4263,Quantifiable,0.39,,Pass
PLT-001,BATCH-01,2026-01-05,Analyst_A,ELISA_Reader_01,57,E9,E,9,SMP-0020,Unknown,1,5,,502.2319,0.56684,99.7623,498.8116,Quantifiable,1.42,,Pass
PLT-001,BATCH-01,2026-01-05,Analyst_A,ELISA_Reader_01,58,E10,E,10,SMP-0020,Unknown,2,5,,502.2319,0.57686,101.7891,508.9457,Quantifiable,1.42,,Pass
PLT-001,BATCH-01,2026-01-05,Analyst_A,ELISA_Reader_01,59,E11,E,11,SMP-0021,Unknown,1,1,,424.884,1.52512,420.72,420.72,Quantifiable,4.01,,Pass
PLT-001,BATCH-01,2026-01-05,Analyst_A,ELISA_Reader_01,60,E12,E,12,SMP-0021,Unknown,2,1,,424.884,1.56463,445.29,445.29,Quantifiable,4.01,,Pass
PLT-001,BATCH-01,2026-01-05,Analyst_A,ELISA_Reader_01,61,F1,F,1,STD_62.5,Standard,1,1,62.5,62.5,0.37391,62.858,62.858,N/A,0.73,100.06,Pass
PLT-001,BATCH-01,2026-01-05,Analyst_A,ELISA_Reader_01,62,F2,F,2,STD_62.5,Standard,2,1,62.5,62.5,0.37038,62.2133,62.2133,N/A,0.73,100.06,Pass
PLT-001,BATCH-01,2026-01-05,Analyst_A,ELISA_Reader_01,63,F3,F,3,SMP-0022,Unknown,1,5,,70.2312,0.1125,15.4378,77.1891,<LLOQ,7.07,,Pass
PLT-001,BATCH-01,2026-01-05,Analyst_A,ELISA_Reader_01,64,F4,F,4,SMP-0022,Unknown,2,5,,70.2312,0.10494,13.9671,69.8356,<LLOQ,7.07,,Pass
PLT-001,BATCH-01,2026-01-05,Analyst_A,ELISA_Reader_01,65,F5,F,5,SMP-0023,Unknown,1,1,,20.4398,0.14832,22.1896,22.1896,Quantifiable,3.85,,Pass
PLT-001,BATCH-01,2026-01-05,Analyst_A,ELISA_Reader_01,66,F6,F,6,SMP-0023,Unknown,2,1,,20.4398,0.14197,21.0128,21.0128,Quantifiable,3.85,,Pass
PLT-001,BATCH-01,2026-01-05,Analyst_A,ELISA_Reader_01,67,F7,F,7,SMP-0024,Unknown,1,2,,2595.3025,2.154,1367.1697,2734.3393,Quantifiable,3.82,,Pass
PLT-001,BATCH-01,2026-01-05,Analyst_A,ELISA_Reader_01,68,F8,F,8,SMP-0024,Unknown,2,2,,2595.3025,2.13495,1295.2355,2590.4711,Quantifiable,3.82,,Pass
PLT-001,BATCH-01,2026-01-05,Analyst_A,ELISA_Reader_01,69,F9,F,9,SMP-0025,Unknown,1,5,,16.0255,0.05257,2.6271,13.1355,<LLOQ,9.74,,Pass
PLT-001,BATCH-01,2026-01-05,Analyst_A,ELISA_Reader_01,70,F10,F,10,SMP-0025,Unknown,2,5,,16.0255,0.05406,3.0158,15.079,<LLOQ,9.74,,Pass
PLT-001,BATCH-01,2026-01-05,Analyst_A,ELISA_Reader_01,71,F11,F,11,SMP-0026,Unknown,1,1,,13.1602,0.09757,12.5109,12.5109,<LLOQ,4.12,,Pass
PLT-001,BATCH-01,2026-01-05,Analyst_A,ELISA_Reader_01,72,F12,F,12,SMP-0026,Unknown,2,1,,13.1602,0.10136,13.2624,13.2624,<LLOQ,4.12,,Pass
PLT-001,BATCH-01,2026-01-05,Analyst_A,ELISA_Reader_01,73,G1,G,1,STD_31.25,Standard,1,1,31.25,31.25,0.19436,30.5762,30.5762,N/A,0.13,97.94,Pass
PLT-001,BATCH-01,2026-01-05,Analyst_A,ELISA_Reader_01,74,G2,G,2,STD_31.25,Standard,2,1,31.25,31.25,0.19468,30.634,30.634,N/A,0.13,97.94,Pass
PLT-001,BATCH-01,2026-01-05,Analyst_A,ELISA_Reader_01,75,G3,G,3,SMP-0027,Unknown,1,2,,18.6108,0.08354,9.6623,19.3247,<LLOQ,2.86,,Pass
PLT-001,BATCH-01,2026-01-05,Analyst_A,ELISA_Reader_01,76,G4,G,4,SMP-0027,Unknown,2,2,,18.6108,0.08548,10.0619,20.1237,<LLOQ,2.86,,Pass
PLT-001,BATCH-01,2026-01-05,Analyst_A,ELISA_Reader_01,77,G5,G,5,SMP-0028,Unknown,1,1,,43.5577,0.25803,41.9759,41.9759,Quantifiable,4.11,,Pass
PLT-001,BATCH-01,2026-01-05,Analyst_A,ELISA_Reader_01,78,G6,G,6,SMP-0028,Unknown,2,1,,43.5577,0.27208,44.4863,44.4863,Quantifiable,4.11,,Pass
PLT-001,BATCH-01,2026-01-05,Analyst_A,ELISA_Reader_01,79,G7,G,7,SMP-0029,Unknown,1,5,,113.2297,0.14605,21.771,108.8549,Quantifiable,2.7,,Pass
PLT-001,BATCH-01,2026-01-05,Analyst_A,ELISA_Reader_01,80,G8,G,8,SMP-0029,Unknown,2,5,,113.2297,0.14165,20.9541,104.7707,Quantifiable,2.7,,Pass
PLT-001,BATCH-01,2026-01-05,Analyst_A,ELISA_Reader_01,81,G9,G,9,SMP-0030,Unknown,1,1,,14.1971,0.10309,13.6032,13.6032,<LLOQ,8.13,,Pass
PLT-001,BATCH-01,2026-01-05,Analyst_A,ELISA_Reader_01,82,G10,G,10,SMP-0030,Unknown,2,1,,14.1971,0.1116,15.2634,15.2634,<LLOQ,8.13,,Pass
PLT-001,BATCH-01,2026-01-05,Analyst_A,ELISA_Reader_01,83,G11,G,11,SMP-0031,Unknown,1,2,,8.4711,0.05779,3.9494,7.8989,<LLOQ,28.18,,Review
PLT-001,BATCH-01,2026-01-05,Analyst_A,ELISA_Reader_01,84,G12,G,12,SMP-0031,Unknown,2,2,,8.4711,0.06618,5.9147,11.8293,<LLOQ,28.18,,Review
PLT-001,BATCH-01,2026-01-05,Analyst_A,ELISA_Reader_01,85,H1,H,1,STD_15.625,Standard,1,1,15.625,15.625,0.10983,14.9197,14.9197,N/A,2.23,97.02,Pass
PLT-001,BATCH-01,2026-01-05,Analyst_A,ELISA_Reader_01,86,H2,H,2,STD_15.625,Standard,2,1,15.625,15.625,0.1123,15.3979,15.3979,N/A,2.23,97.02,Pass
PLT-001,BATCH-01,2026-01-05,Analyst_A,ELISA_Reader_01,87,H3,H,3,SMP-0032,Unknown,1,1,,12.3708,0.09293,11.582,11.582,<LLOQ,0.2,,Pass
PLT-001,BATCH-01,2026-01-05,Analyst_A,ELISA_Reader_01,88,H4,H,4,SMP-0032,Unknown,2,1,,12.3708,0.09309,11.6141,11.6141,<LLOQ,0.2,,Pass
PLT-001,BATCH-01,2026-01-05,Analyst_A,ELISA_Reader_01,89,H5,H,5,SMP-0033,Unknown,1,1,,18.8886,0.13301,19.3385,19.3385,<LLOQ,6.18,,Pass
PLT-001,BATCH-01,2026-01-05,Analyst_A,ELISA_Reader_01,90,H6,H,6,SMP-0033,Unknown,2,1,,18.8886,0.12442,17.7189,17.7189,<LLOQ,6.18,,Pass
PLT-001,BATCH-01,2026-01-05,Analyst_A,ELISA_Reader_01,91,H7,H,7,SMP-0034,Unknown,1,1,,462.3383,1.59287,463.9949,463.9949,Quantifiable,2.38,,Pass
PLT-001,BATCH-01,2026-01-05,Analyst_A,ELISA_Reader_01,92,H8,H,8,SMP-0034,Unknown,2,1,,462.3383,1.56979,448.6309,448.6309,Quantifiable,2.38,,Pass
PLT-001,BATCH-01,2026-01-05,Analyst_A,ELISA_Reader_01,93,H9,H,9,SMP-0035,Unknown,1,1,,1707.3993,2.22191,1699.1562,1699.1562,Quantifiable,5.73,,Pass
PLT-001,BATCH-01,2026-01-05,Analyst_A,ELISA_Reader_01,94,H10,H,10,SMP-0035,Unknown,2,1,,1707.3993,2.19814,1566.782,1566.782,Quantifiable,5.73,,Pass
PLT-001,BATCH-01,2026-01-05,Analyst_A,ELISA_Reader_01,95,H11,H,11,SMP-0036,Unknown,1,1,,9.8534,0.08676,10.3261,10.3261,<LLOQ,6.43,,Pass
PLT-001,BATCH-01,2026-01-05,Analyst_A,ELISA_Reader_01,96,H12,H,12,SMP-0036,Unknown,2,1,,9.8534,0.09158,11.3093,11.3093,<LLOQ,6.43,,Pass
PLT-002,BATCH-01,2026-01-08,Analyst_B,ELISA_Reader_02,1,A1,A,1,STD_2000,Standard,1,1,2000.0,2000.0,2.18881,1845.916,1845.916,N/A,6.41,96.68,Pass
PLT-002,BATCH-01,2026-01-08,Analyst_B,ELISA_Reader_02,2,A2,A,2,STD_2000,Standard,2,1,2000.0,2000.0,2.21036,2021.2249,2021.2249,N/A,6.41,96.68,Pass
PLT-002,BATCH-01,2026-01-08,Analyst_B,ELISA_Reader_02,3,A3,A,3,BLANK,Blank,1,1,0.0,0.0,0.04733,0.0027,0.0027,N/A,141.04,,Pass
PLT-002,BATCH-01,2026-01-08,Analyst_B,ELISA_Reader_02,4,A4,A,4,BLANK,Blank,2,1,0.0,0.0,0.05501,2.0263,2.0263,N/A,141.04,,Pass
PLT-002,BATCH-01,2026-01-08,Analyst_B,ELISA_Reader_02,5,A5,A,5,SMP-0037,Unknown,1,2,,10.158,0.05894,3.3993,6.7986,<LLOQ,4.84,,Pass
PLT-002,BATCH-01,2026-01-08,Analyst_B,ELISA_Reader_02,6,A6,A,6,SMP-0037,Unknown,2,2,,10.158,0.05826,3.1741,6.3482,<LLOQ,4.84,,Pass
PLT-002,BATCH-01,2026-01-08,Analyst_B,ELISA_Reader_02,7,A7,A,7,SMP-0038,Unknown,1,1,,18.0343,0.11113,16.8211,16.8211,<LLOQ,3.08,,Pass
PLT-002,BATCH-01,2026-01-08,Analyst_B,ELISA_Reader_02,8,A8,A,8,SMP-0038,Unknown,2,1,,18.0343,0.11444,17.57,17.57,<LLOQ,3.08,,Pass
PLT-002,BATCH-01,2026-01-08,Analyst_B,ELISA_Reader_02,9,A9,A,9,SMP-0039,Unknown,1,1,,92.9003,0.48353,92.2961,92.2961,Quantifiable,0.63,,Pass
PLT-002,BATCH-01,2026-01-08,Analyst_B,ELISA_Reader_02,10,A10,A,10,SMP-0039,Unknown,2,1,,92.9003,0.47959,91.4794,91.4794,Quantifiable,0.63,,Pass
PLT-002,BATCH-01,2026-01-08,Analyst_B,ELISA_Reader_02,11,A11,A,11,SMP-0040,Unknown,1,2,,497.5878,1.08472,247.9439,495.8877,Quantifiable,0.18,,Pass
PLT-002,BATCH-01,2026-01-08,Analyst_B,ELISA_Reader_02,12,A12,A,12,SMP-0040,Unknown,2,2,,497.5878,1.08658,248.5754,497.1508,Quantifiable,0.18,,Pass
PLT-002,BATCH-01,2026-01-08,Analyst_B,ELISA_Reader_02,13,B1,B,1,STD_1000,Standard,1,1,1000.0,1000.0,1.98575,1010.8517,1010.8517,N/A,0.06,101.04,Pass
PLT-002,BATCH-01,2026-01-08,Analyst_B,ELISA_Reader_02,14,B2,B,2,STD_1000,Standard,2,1,1000.0,1000.0,1.98535,1009.9237,1009.9237,N/A,0.06,101.04,Pass
PLT-002,BATCH-01,2026-01-08,Analyst_B,ELISA_Reader_02,15,B3,B,3,QC_Low,QC,1,1,50.0,50.0,0.27091,49.687,49.687,N/A,0.62,98.94,Pass
PLT-002,BATCH-01,2026-01-08,Analyst_B,ELISA_Reader_02,16,B4,B,4,QC_Low,QC,2,1,50.0,50.0,0.26872,49.2548,49.2548,N/A,0.62,98.94,Pass
PLT-002,BATCH-01,2026-01-08,Analyst_B,ELISA_Reader_02,17,B5,B,5,SMP-0041,Unknown,1,5,,17.6906,0.06139,4.1813,20.9063,<LLOQ,20.17,,Review
PLT-002,BATCH-01,2026-01-08,Analyst_B,ELISA_Reader_02,18,B6,B,6,SMP-0041,Unknown,2,5,,17.6906,0.06601,5.5725,27.8623,<LLOQ,20.17,,Review
PLT-002,BATCH-01,2026-01-08,Analyst_B,ELISA_Reader_02,19,B7,B,7,SMP-0042,Unknown,1,5,,64.9395,0.09677,13.4965,67.4825,<LLOQ,3.65,,Pass
PLT-002,BATCH-01,2026-01-08,Analyst_B,ELISA_Reader_02,20,B8,B,8,SMP-0042,Unknown,2,5,,64.9395,0.09392,12.8165,64.0825,<LLOQ,3.65,,Pass
PLT-002,BATCH-01,2026-01-08,Analyst_B,ELISA_Reader_02,21,B9,B,9,SMP-0043,Unknown,1,1,,1425.6179,2.14671,1579.0602,1579.0602,Quantifiable,9.82,,Pass
PLT-002,BATCH-01,2026-01-08,Analyst_B,ELISA_Reader_02,22,B10,B,10,SMP-0043,Unknown,2,1,,1425.6179,2.10334,1374.0047,1374.0047,Quantifiable,9.82,,Pass
PLT-002,BATCH-01,2026-01-08,Analyst_B,ELISA_Reader_02,23,B11,B,11,SMP-0044,Unknown,1,1,,52.5521,0.28735,52.931,52.931,Quantifiable,2.62,,Pass
PLT-002,BATCH-01,2026-01-08,Analyst_B,ELISA_Reader_02,24,B12,B,12,SMP-0044,Unknown,2,1,,52.5521,0.29749,54.931,54.931,Quantifiable,2.62,,Pass
PLT-002,BATCH-01,2026-01-08,Analyst_B,ELISA_Reader_02,25,C1,C,1,STD_500,Standard,1,1,500.0,500.0,1.59815,504.2761,504.2761,N/A,2.07,99.4,Pass
PLT-002,BATCH-01,2026-01-08,Analyst_B,ELISA_Reader_02,26,C2,C,2,STD_500,Standard,2,1,500.0,500.0,1.57847,489.7451,489.7451,N/A,2.07,99.4,Pass
PLT-002,BATCH-01,2026-01-08,Analyst_B,ELISA_Reader_02,27,C3,C,3,QC_Mid,QC,1,1,300.0,300.0,1.24572,308.2874,308.2874,N/A,4.99,99.26,Pass
PLT-002,BATCH-01,2026-01-08,Analyst_B,ELISA_Reader_02,28,C4,C,4,QC_Mid,QC,2,1,300.0,300.0,1.19336,287.2899,287.2899,N/A,4.99,99.26,Pass
PLT-002,BATCH-01,2026-01-08,Analyst_B,ELISA_Reader_02,29,C5,C,5,SMP-0045,Unknown,1,1,,8.9324,0.08076,9.5653,9.5653,<LLOQ,3.01,,Pass
PLT-002,BATCH-01,2026-01-08,Analyst_B,ELISA_Reader_02,30,C6,C,6,SMP-0045,Unknown,2,1,,8.9324,0.0792,9.166,9.166,<LLOQ,3.01,,Pass
PLT-002,BATCH-01,2026-01-08,Analyst_B,ELISA_Reader_02,31,C7,C,7,SMP-0046,Unknown,1,5,,26.915,0.06754,6.012,30.0602,<LLOQ,26.77,,Review
PLT-002,BATCH-01,2026-01-08,Analyst_B,ELISA_Reader_02,32,C8,C,8,SMP-0046,Unknown,2,5,,26.915,0.06112,4.0982,20.4908,<LLOQ,26.77,,Review
PLT-002,BATCH-01,2026-01-08,Analyst_B,ELISA_Reader_02,33,C9,C,9,SMP-0047,Unknown,1,2,,430.7508,0.99873,220.1543,440.3085,Quantifiable,2.12,,Pass
PLT-002,BATCH-01,2026-01-08,Analyst_B,ELISA_Reader_02,34,C10,C,10,SMP-0047,Unknown,2,2,,430.7508,0.97741,213.6563,427.3127,Quantifiable,2.12,,Pass
PLT-002,BATCH-01,2026-01-08,Analyst_B,ELISA_Reader_02,35,C11,C,11,SMP-0048,Unknown,1,1,,56.6381,0.31362,58.1138,58.1138,Quantifiable,2.39,,Pass
PLT-002,BATCH-01,2026-01-08,Analyst_B,ELISA_Reader_02,36,C12,C,12,SMP-0048,Unknown,2,1,,56.6381,0.30383,56.1824,56.1824,Quantifiable,2.39,,Pass
PLT-002,BATCH-01,2026-01-08,Analyst_B,ELISA_Reader_02,37,D1,D,1,STD_250,Standard,1,1,250.0,250.0,1.09641,251.935,251.935,N/A,1.34,99.83,Pass
PLT-002,BATCH-01,2026-01-08,Analyst_B,ELISA_Reader_02,38,D2,D,2,STD_250,Standard,2,1,250.0,250.0,1.08257,247.2175,247.2175,N/A,1.34,99.83,Pass
PLT-002,BATCH-01,2026-01-08,Analyst_B,ELISA_Reader_02,39,D3,D,3,QC_High,QC,1,1,1200.0,1200.0,2.0674,1239.602,1239.602,N/A,6.29,98.9,Pass
PLT-002,BATCH-01,2026-01-08,Analyst_B,ELISA_Reader_02,40,D4,D,4,QC_High,QC,2,1,1200.0,1200.0,2.03353,1134.0536,1134.0536,N/A,6.29,98.9,Pass
PLT-002,BATCH-01,2026-01-08,Analyst_B,ELISA_Reader_02,41,D5,D,5,SMP-0049,Unknown,1,1,,136.0095,0.68963,137.531,137.531,Quantifiable,0.63,,Pass
PLT-002,BATCH-01,2026-01-08,Analyst_B,ELISA_Reader_02,42,D6,D,6,SMP-0049,Unknown,2,1,,136.0095,0.68443,136.3167,136.3167,Quantifiable,0.63,,Pass
PLT-002,BATCH-01,2026-01-08,Analyst_B,ELISA_Reader_02,43,D7,D,7,SMP-0050,Unknown,1,2,,13.5318,0.07027,6.7788,13.5575,<LLOQ,4.31,,Pass
PLT-002,BATCH-01,2026-01-08,Analyst_B,ELISA_Reader_02,44,D8,D,8,SMP-0050,Unknown,2,2,,13.5318,0.06883,6.3774,12.7547,<LLOQ,4.31,,Pass
PLT-002,BATCH-01,2026-01-08,Analyst_B,ELISA_Reader_02,45,D9,D,9,SMP-0051,Unknown,1,2,,222.606,0.58734,114.3838,228.7677,Quantifiable,2.74,,Pass
PLT-002,BATCH-01,2026-01-08,Analyst_B,ELISA_Reader_02,46,D10,D,10,SMP-0051,Unknown,2,2,,222.606,0.56736,110.0332,220.0663,Quantifiable,2.74,,Pass
PLT-002,BATCH-01,2026-01-08,Analyst_B,ELISA_Reader_02,47,D11,D,11,SMP-0052,Unknown,1,1,,771.5508,1.852,767.1536,767.1536,Quantifiable,0.46,,Pass
PLT-002,BATCH-01,2026-01-08,Analyst_B,ELISA_Reader_02,48,D12,D,12,SMP-0052,Unknown,2,1,,771.5508,1.85547,772.1675,772.1675,Quantifiable,0.46,,Pass
PLT-002,BATCH-01,2026-01-08,Analyst_B,ELISA_Reader_02,49,E1,E,1,STD_125,Standard,1,1,125.0,125.0,0.63005,123.8589,123.8589,N/A,1.63,97.96,Pass
PLT-002,BATCH-01,2026-01-08,Analyst_B,ELISA_Reader_02,50,E2,E,2,STD_125,Standard,2,1,125.0,125.0,0.61743,121.0325,121.0325,N/A,1.63,97.96,Pass
PLT-002,BATCH-01,2026-01-08,Analyst_B,ELISA_Reader_02,51,E3,E,3,SMP-0053,Unknown,1,2,,183.9166,0.46963,89.4237,178.8475,Quantifiable,1.95,,Pass
PLT-002,BATCH-01,2026-01-08,Analyst_B,ELISA_Reader_02,52,E4,E,4,SMP-0053,Unknown,2,2,,183.9166,0.48177,91.93,183.86,Quantifiable,1.95,,Pass
PLT-002,BATCH-01,2026-01-08,Analyst_B,ELISA_Reader_02,53,E5,E,5,SMP-0054,Unknown,1,1,,20.1149,0.12317,19.5123,19.5123,<LLOQ,0.12,,Pass
PLT-002,BATCH-01,2026-01-08,Analyst_B,ELISA_Reader_02,54,E6,E,6,SMP-0054,Unknown,2,1,,20.1149,0.12303,19.4794,19.4794,<LLOQ,0.12,,Pass
PLT-002,BATCH-01,2026-01-08,Analyst_B,ELISA_Reader_02,55,E7,E,7,SMP-0055,Unknown,1,2,,27.2801,0.09847,13.8995,27.799,<LLOQ,2.2,,Pass
PLT-002,BATCH-01,2026-01-08,Analyst_B,ELISA_Reader_02,56,E8,E,8,SMP-0055,Unknown,2,2,,27.2801,0.09667,13.4738,26.9477,<LLOQ,2.2,,Pass
PLT-002,BATCH-01,2026-01-08,Analyst_B,ELISA_Reader_02,57,E9,E,9,SMP-0056,Unknown,1,10,,36.681,0.06605,5.5842,55.8416,<LLOQ,32.7,,Review
PLT-002,BATCH-01,2026-01-08,Analyst_B,ELISA_Reader_02,58,E10,E,10,SMP-0056,Unknown,2,10,,36.681,0.05921,3.487,34.8698,<LLOQ,32.7,,Review
PLT-002,BATCH-01,2026-01-08,Analyst_B,ELISA_Reader_02,59,E11,E,11,SMP-0057,Unknown,1,1,,107.9904,0.55664,107.7206,107.7206,Quantifiable,1.18,,Pass
PLT-002,BATCH-01,2026-01-08,Analyst_B,ELISA_Reader_02,60,E12,E,12,SMP-0057,Unknown,2,1,,107.9904,0.56506,109.537,109.537,Quantifiable,1.18,,Pass
PLT-002,BATCH-01,2026-01-08,Analyst_B,ELISA_Reader_02,61,F1,F,1,STD_62.5,Standard,1,1,62.5,62.5,0.34293,63.9069,63.9069,N/A,2.66,100.36,Pass
PLT-002,BATCH-01,2026-01-08,Analyst_B,ELISA_Reader_02,62,F2,F,2,STD_62.5,Standard,2,1,62.5,62.5,0.331,61.5468,61.5468,N/A,2.66,100.36,Pass
PLT-002,BATCH-01,2026-01-08,Analyst_B,ELISA_Reader_02,63,F3,F,3,SMP-0058,Unknown,1,2,,547.2652,1.13512,265.5468,531.0937,Quantifiable,1.07,,Pass
PLT-002,BATCH-01,2026-01-08,Analyst_B,ELISA_Reader_02,64,F4,F,4,SMP-0058,Unknown,2,2,,547.2652,1.14629,269.5972,539.1944,Quantifiable,1.07,,Pass
PLT-002,BATCH-01,2026-01-08,Analyst_B,ELISA_Reader_02,65,F5,F,5,SMP-0059,Unknown,1,2,,291.5867,0.72319,145.4921,290.9843,Quantifiable,1.29,,Pass
PLT-002,BATCH-01,2026-01-08,Analyst_B,ELISA_Reader_02,66,F6,F,6,SMP-0059,Unknown,2,2,,291.5867,0.73431,148.1756,296.3512,Quantifiable,1.29,,Pass
PLT-002,BATCH-01,2026-01-08,Analyst_B,ELISA_Reader_02,67,F7,F,7,SMP-0060,Unknown,1,5,,126.4753,0.15181,25.667,128.3349,Quantifiable,0.39,,Pass
PLT-002,BATCH-01,2026-01-08,Analyst_B,ELISA_Reader_02,68,F8,F,8,SMP-0060,Unknown,2,5,,126.4753,0.15115,25.5275,127.6373,Quantifiable,0.39,,Pass
PLT-002,BATCH-01,2026-01-08,Analyst_B,ELISA_Reader_02,69,F9,F,9,SMP-0061,Unknown,1,1,,44.5482,0.2454,44.6417,44.6417,Quantifiable,1.24,,Pass
PLT-002,BATCH-01,2026-01-08,Analyst_B,ELISA_Reader_02,70,F10,F,10,SMP-0061,Unknown,2,1,,44.5482,0.2494,45.433,45.433,Quantifiable,1.24,,Pass
PLT-002,BATCH-01,2026-01-08,Analyst_B,ELISA_Reader_02,71,F11,F,11,SMP-0062,Unknown,1,2,,310.7736,0.77474,158.1251,316.2502,Quantifiable,2.0,,Pass
PLT-002,BATCH-01,2026-01-08,Analyst_B,ELISA_Reader_02,72,F12,F,12,SMP-0062,Unknown,2,2,,310.7736,0.75696,153.711,307.4221,Quantifiable,2.0,,Pass
PLT-002,BATCH-01,2026-01-08,Analyst_B,ELISA_Reader_02,73,G1,G,1,STD_31.25,Standard,1,1,31.25,31.25,0.17755,31.0077,31.0077,N/A,5.93,103.57,Pass
PLT-002,BATCH-01,2026-01-08,Analyst_B,ELISA_Reader_02,74,G2,G,2,STD_31.25,Standard,2,1,31.25,31.25,0.19086,33.7229,33.7229,N/A,5.93,103.57,Pass
PLT-002,BATCH-01,2026-01-08,Analyst_B,ELISA_Reader_02,75,G3,G,3,SMP-0063,Unknown,1,2,,66.3011,0.17451,30.3845,60.7691,Quantifiable,9.75,,Pass
PLT-002,BATCH-01,2026-01-08,Analyst_B,ELISA_Reader_02,76,G4,G,4,SMP-0063,Unknown,2,2,,66.3011,0.19661,34.8865,69.7731,Quantifiable,9.75,,Pass
PLT-002,BATCH-01,2026-01-08,Analyst_B,ELISA_Reader_02,77,G5,G,5,SMP-0064,Unknown,1,1,,34.1764,0.1854,32.612,32.612,Quantifiable,0.26,,Pass
PLT-002,BATCH-01,2026-01-08,Analyst_B,ELISA_Reader_02,78,G6,G,6,SMP-0064,Unknown,2,1,,34.1764,0.18599,32.7314,32.7314,Quantifiable,0.26,,Pass
PLT-002,BATCH-01,2026-01-08,Analyst_B,ELISA_Reader_02,79,G7,G,7,SMP-0065,Unknown,1,1,,159.17,0.78885,161.6744,161.6744,Quantifiable,2.02,,Pass
PLT-002,BATCH-01,2026-01-08,Analyst_B,ELISA_Reader_02,80,G8,G,8,SMP-0065,Unknown,2,1,,159.17,0.77073,157.123,157.123,Quantifiable,2.02,,Pass
PLT-002,BATCH-01,2026-01-08,Analyst_B,ELISA_Reader_02,81,G9,G,9,SMP-0066,Unknown,1,1,,1340.5847,2.10065,1362.9798,1362.9798,Quantifiable,2.69,,Pass
PLT-002,BATCH-01,2026-01-08,Analyst_B,ELISA_Reader_02,82,G10,G,10,SMP-0066,Unknown,2,1,,1340.5847,2.11319,1415.8646,1415.8646,Quantifiable,2.69,,Pass
PLT-002,BATCH-01,2026-01-08,Analyst_B,ELISA_Reader_02,83,G11,G,11,SMP-0067,Unknown,1,2,,133.0104,0.34692,64.6967,129.3934,Quantifiable,0.76,,Pass
PLT-002,BATCH-01,2026-01-08,Analyst_B,ELISA_Reader_02,84,G12,G,12,SMP-0067,Unknown,2,2,,133.0104,0.34342,64.0037,128.0073,Quantifiable,0.76,,Pass
PLT-002,BATCH-01,2026-01-08,Analyst_B,ELISA_Reader_02,85,H1,H,1,STD_15.625,Standard,1,1,15.625,15.625,0.09591,13.2934,13.2934,N/A,10.02,91.56,Pass
PLT-002,BATCH-01,2026-01-08,Analyst_B,ELISA_Reader_02,86,H2,H,2,STD_15.625,Standard,2,1,15.625,15.625,0.10457,15.3205,15.3205,N/A,10.02,91.56,Pass
PLT-002,BATCH-01,2026-01-08,Analyst_B,ELISA_Reader_02,87,H3,H,3,SMP-0068,Unknown,1,1,,700.1803,1.78698,682.3575,682.3575,Quantifiable,4.37,,Pass
PLT-002,BATCH-01,2026-01-08,Analyst_B,ELISA_Reader_02,88,H4,H,4,SMP-0068,Unknown,2,1,,700.1803,1.82192,725.9057,725.9057,Quantifiable,4.37,,Pass
PLT-002,BATCH-01,2026-01-08,Analyst_B,ELISA_Reader_02,89,H5,H,5,SMP-0069,Unknown,1,1,,1609.6161,2.13936,1540.2188,1540.2188,Quantifiable,10.98,,Pass
PLT-002,BATCH-01,2026-01-08,Analyst_B,ELISA_Reader_02,90,H6,H,6,SMP-0069,Unknown,2,1,,1609.6161,2.1824,1799.5539,1799.5539,Quantifiable,10.98,,Pass
PLT-002,BATCH-01,2026-01-08,Analyst_B,ELISA_Reader_02,91,H7,H,7,SMP-0070,Unknown,1,2,,32.9022,0.11301,17.2462,34.4925,<LLOQ,11.17,,Pass
PLT-002,BATCH-01,2026-01-08,Analyst_B,ELISA_Reader_02,92,H8,H,8,SMP-0070,Unknown,2,2,,32.9022,0.10199,14.722,29.444,<LLOQ,11.17,,Pass
PLT-002,BATCH-01,2026-01-08,Analyst_B,ELISA_Reader_02,93,H9,H,9,SMP-0071,Unknown,1,5,,2366.943,1.54241,464.5751,2322.8755,Quantifiable,3.54,,Pass
PLT-002,BATCH-01,2026-01-08,Analyst_B,ELISA_Reader_02,94,H10,H,10,SMP-0071,Unknown,2,5,,2366.943,1.57664,488.4237,2442.1186,Quantifiable,3.54,,Pass
PLT-002,BATCH-01,2026-01-08,Analyst_B,ELISA_Reader_02,95,H11,H,11,SMP-0072,Unknown,1,5,,1798.3269,1.37837,369.0029,1845.0147,Quantifiable,3.37,,Pass
PLT-002,BATCH-01,2026-01-08,Analyst_B,ELISA_Reader_02,96,H12,H,12,SMP-0072,Unknown,2,5,,1798.3269,1.34345,351.8379,1759.1896,Quantifiable,3.37,,Pass
PLT-003,BATCH-01,2026-01-11,Analyst_C,ELISA_Reader_02,1,A1,A,1,STD_2000,Standard,1,1,2000.0,2000.0,2.28315,1823.6766,1823.6766,N/A,11.62,99.35,Pass
PLT-003,BATCH-01,2026-01-11,Analyst_C,ELISA_Reader_02,2,A2,A,2,STD_2000,Standard,2,1,2000.0,2000.0,2.32386,2150.3156,2150.3156,N/A,11.62,99.35,Pass
PLT-003,BATCH-01,2026-01-11,Analyst_C,ELISA_Reader_02,3,A3,A,3,BLANK,Blank,1,1,0.0,0.0,0.04304,0.0012,0.0012,N/A,0.0,,Pass
PLT-003,BATCH-01,2026-01-11,Analyst_C,ELISA_Reader_02,4,A4,A,4,BLANK,Blank,2,1,0.0,0.0,0.04157,0.0012,0.0012,N/A,0.0,,Pass
PLT-003,BATCH-01,2026-01-11,Analyst_C,ELISA_Reader_02,5,A5,A,5,SMP-0073,Unknown,1,1,,131.878,0.7519,133.2237,133.2237,Quantifiable,0.07,,Pass
PLT-003,BATCH-01,2026-01-11,Analyst_C,ELISA_Reader_02,6,A6,A,6,SMP-0073,Unknown,2,1,,131.878,0.75133,133.0989,133.0989,Quantifiable,0.07,,Pass
PLT-003,BATCH-01,2026-01-11,Analyst_C,ELISA_Reader_02,7,A7,A,7,SMP-0074,Unknown,1,1,,77.9987,0.47112,77.0814,77.0814,Quantifiable,1.88,,Pass
PLT-003,BATCH-01,2026-01-11,Analyst_C,ELISA_Reader_02,8,A8,A,8,SMP-0074,Unknown,2,1,,77.9987,0.48247,79.1639,79.1639,Quantifiable,1.88,,Pass
PLT-003,BATCH-01,2026-01-11,Analyst_C,ELISA_Reader_02,9,A9,A,9,SMP-0075,Unknown,1,2,,36.1842,0.13646,18.755,37.51,<LLOQ,1.68,,Pass
PLT-003,BATCH-01,2026-01-11,Analyst_C,ELISA_Reader_02,10,A10,A,10,SMP-0075,Unknown,2,2,,36.1842,0.139,19.2056,38.4111,<LLOQ,1.68,,Pass
PLT-003,BATCH-01,2026-01-11,Analyst_C,ELISA_Reader_02,11,A11,A,11,SMP-0076,Unknown,1,10,,22.4358,0.05426,2.7923,27.9228,<LLOQ,26.15,,Review
PLT-003,BATCH-01,2026-01-11,Analyst_C,ELISA_Reader_02,12,A12,A,12,SMP-0076,Unknown,2,10,,22.4358,0.05073,1.9208,19.2077,<LLOQ,26.15,,Review
PLT-003,BATCH-01,2026-01-11,Analyst_C,ELISA_Reader_02,13,B1,B,1,STD_1000,Standard,1,1,1000.0,1000.0,2.08403,1030.4337,1030.4337,N/A,0.98,102.33,Pass
PLT-003,BATCH-01,2026-01-11,Analyst_C,ELISA_Reader_02,14,B2,B,2,STD_1000,Standard,2,1,1000.0,1000.0,2.07791,1016.2097,1016.2097,N/A,0.98,102.33,Pass
PLT-003,BATCH-01,2026-01-11,Analyst_C,ELISA_Reader_02,15,B3,B,3,QC_Low,QC,1,1,50.0,50.0,0.31923,50.1973,50.1973,N/A,1.21,99.55,Pass
PLT-003,BATCH-01,2026-01-11,Analyst_C,ELISA_Reader_02,16,B4,B,4,QC_Low,QC,2,1,50.0,50.0,0.3143,49.3491,49.3491,N/A,1.21,99.55,Pass
PLT-003,BATCH-01,2026-01-11,Analyst_C,ELISA_Reader_02,17,B5,B,5,SMP-0077,Unknown,1,10,,42.8698,0.06044,4.2129,42.1288,<LLOQ,10.14,,Pass
PLT-003,BATCH-01,2026-01-11,Analyst_C,ELISA_Reader_02,18,B6,B,6,SMP-0077,Unknown,2,10,,42.8698,0.05794,3.6493,36.4925,<LLOQ,10.14,,Pass
PLT-003,BATCH-01,2026-01-11,Analyst_C,ELISA_Reader_02,19,B7,B,7,SMP-0078,Unknown,1,1,,131.3696,0.7415,130.9376,130.9376,Quantifiable,1.77,,Pass
PLT-003,BATCH-01,2026-01-11,Analyst_C,ELISA_Reader_02,20,B8,B,8,SMP-0078,Unknown,2,1,,131.3696,0.75654,134.2499,134.2499,Quantifiable,1.77,,Pass
PLT-003,BATCH-01,2026-01-11,Analyst_C,ELISA_Reader_02,21,B9,B,9,SMP-0079,Unknown,1,5,,1295.207,1.19588,255.0479,1275.2394,Quantifiable,2.26,,Pass
PLT-003,BATCH-01,2026-01-11,Analyst_C,ELISA_Reader_02,22,B10,B,10,SMP-0079,Unknown,2,5,,1295.207,1.21945,263.3242,1316.6209,Quantifiable,2.26,,Pass
PLT-003,BATCH-01,2026-01-11,Analyst_C,ELISA_Reader_02,23,B11,B,11,SMP-0080,Unknown,1,10,,42.9553,0.0588,3.8458,38.4579,<LLOQ,9.02,,Pass
PLT-003,BATCH-01,2026-01-11,Analyst_C,ELISA_Reader_02,24,B12,B,12,SMP-0080,Unknown,2,10,,42.9553,0.06115,4.37,43.7002,<LLOQ,9.02,,Pass
PLT-003,BATCH-01,2026-01-11,Analyst_C,ELISA_Reader_02,25,C1,C,1,STD_500,Standard,1,1,500.0,500.0,1.63898,469.9516,469.9516,N/A,2.32,95.56,Pass
PLT-003,BATCH-01,2026-01-11,Analyst_C,ELISA_Reader_02,26,C2,C,2,STD_500,Standard,2,1,500.0,500.0,1.66127,485.6463,485.6463,N/A,2.32,95.56,Pass
PLT-003,BATCH-01,2026-01-11,Analyst_C,ELISA_Reader_02,27,C3,C,3,QC_Mid,QC,1,1,300.0,300.0,1.31807,300.8311,300.8311,N/A,1.7,99.09,Pass
PLT-003,BATCH-01,2026-01-11,Analyst_C,ELISA_Reader_02,28,C4,C,4,QC_Mid,QC,2,1,300.0,300.0,1.30029,293.6968,293.6968,N/A,1.7,99.09,Pass
PLT-003,BATCH-01,2026-01-11,Analyst_C,ELISA_Reader_02,29,C5,C,5,SMP-0081,Unknown,1,5,,137.9183,0.19536,29.004,145.0199,Quantifiable,0.64,,Pass
PLT-003,BATCH-01,2026-01-11,Analyst_C,ELISA_Reader_02,30,C6,C,6,SMP-0081,Unknown,2,5,,137.9183,0.19689,29.2672,146.3361,Quantifiable,0.64,,Pass
PLT-003,BATCH-01,2026-01-11,Analyst_C,ELISA_Reader_02,31,C7,C,7,SMP-0082,Unknown,1,5,,954.8136,0.98851,191.2912,956.4561,Quantifiable,1.1,,Pass
PLT-003,BATCH-01,2026-01-11,Analyst_C,ELISA_Reader_02,32,C8,C,8,SMP-0082,Unknown,2,5,,954.8136,0.9777,188.344,941.7199,Quantifiable,1.1,,Pass
PLT-003,BATCH-01,2026-01-11,Analyst_C,ELISA_Reader_02,33,C9,C,9,SMP-0083,Unknown,1,1,,141.6928,0.81219,146.8742,146.8742,Quantifiable,3.56,,Pass
PLT-003,BATCH-01,2026-01-11,Analyst_C,ELISA_Reader_02,34,C10,C,10,SMP-0083,Unknown,2,1,,141.6928,0.78069,139.6577,139.6577,Quantifiable,3.56,,Pass
PLT-003,BATCH-01,2026-01-11,Analyst_C,ELISA_Reader_02,35,C11,C,11,SMP-0084,Unknown,1,5,,198.985,0.26246,40.4679,202.3396,Quantifiable,0.47,,Pass
PLT-003,BATCH-01,2026-01-11,Analyst_C,ELISA_Reader_02,36,C12,C,12,SMP-0084,Unknown,2,5,,198.985,0.26405,40.7406,203.7028,Quantifiable,0.47,,Pass
PLT-003,BATCH-01,2026-01-11,Analyst_C,ELISA_Reader_02,37,D1,D,1,STD_250,Standard,1,1,250.0,250.0,1.15344,240.7397,240.7397,N/A,3.63,98.83,Pass
PLT-003,BATCH-01,2026-01-11,Analyst_C,ELISA_Reader_02,38,D2,D,2,STD_250,Standard,2,1,250.0,250.0,1.19112,253.4061,253.4061,N/A,3.63,98.83,Pass
PLT-003,BATCH-01,2026-01-11,Analyst_C,ELISA_Reader_02,39,D3,D,3,QC_High,QC,1,1,1200.0,1200.0,2.187,1336.7607,1336.7607,N/A,10.62,103.61,Pass
PLT-003,BATCH-01,2026-01-11,Analyst_C,ELISA_Reader_02,40,D4,D,4,QC_High,QC,2,1,1200.0,1200.0,2.13012,1149.9892,1149.9892,N/A,10.62,103.61,Pass
PLT-003,BATCH-01,2026-01-11,Analyst_C,ELISA_Reader_02,41,D5,D,5,SMP-0085,Unknown,1,10,,11.6293,0.04711,0.9381,9.3807,<LLOQ,141.05,,Review
PLT-003,BATCH-01,2026-01-11,Analyst_C,ELISA_Reader_02,42,D6,D,6,SMP-0085,Unknown,2,10,,11.6293,0.04309,0.0012,0.0124,<LLOQ,141.05,,Review
PLT-003,BATCH-01,2026-01-11,Analyst_C,ELISA_Reader_02,43,D7,D,7,SMP-0086,Unknown,1,1,,2345.3294,2.37737,2811.8741,2811.8741,>ULOQ,12.98,,Pass
PLT-003,BATCH-01,2026-01-11,Analyst_C,ELISA_Reader_02,44,D8,D,8,SMP-0086,Unknown,2,1,,2345.3294,2.34225,2339.2359,2339.2359,>ULOQ,12.98,,Pass
PLT-003,BATCH-01,2026-01-11,Analyst_C,ELISA_Reader_02,45,D9,D,9,SMP-0087,Unknown,1,2,,766.4485,1.48291,376.5664,753.1328,Quantifiable,2.78,,Pass
PLT-003,BATCH-01,2026-01-11,Analyst_C,ELISA_Reader_02,46,D10,D,10,SMP-0087,Unknown,2,2,,766.4485,1.51127,391.6902,783.3804,Quantifiable,2.78,,Pass
PLT-003,BATCH-01,2026-01-11,Analyst_C,ELISA_Reader_02,47,D11,D,11,SMP-0088,Unknown,1,2,,183.6286,0.54098,90.1098,180.2195,Quantifiable,2.97,,Pass
PLT-003,BATCH-01,2026-01-11,Analyst_C,ELISA_Reader_02,48,D12,D,12,SMP-0088,Unknown,2,2,,183.6286,0.56119,93.9778,187.9556,Quantifiable,2.97,,Pass
PLT-003,BATCH-01,2026-01-11,Analyst_C,ELISA_Reader_02,49,E1,E,1,STD_125,Standard,1,1,125.0,125.0,0.72199,126.6979,126.6979,N/A,1.25,100.47,Pass
PLT-003,BATCH-01,2026-01-11,Analyst_C,ELISA_Reader_02,50,E2,E,2,STD_125,Standard,2,1,125.0,125.0,0.71165,124.4781,124.4781,N/A,1.25,100.47,Pass
PLT-003,BATCH-01,2026-01-11,Analyst_C,ELISA_Reader_02,51,E3,E,3,SMP-0089,Unknown,1,2,,276.4241,0.76486,136.1002,272.2004,Quantifiable,0.99,,Pass
PLT-003,BATCH-01,2026-01-11,Analyst_C,ELISA_Reader_02,52,E4,E,4,SMP-0089,Unknown,2,2,,276.4241,0.77342,138.0177,276.0355,Quantifiable,0.99,,Pass
PLT-003,BATCH-01,2026-01-11,Analyst_C,ELISA_Reader_02,53,E5,E,5,SMP-0090,Unknown,1,1,,485.2662,1.67595,496.3743,496.3743,Quantifiable,3.26,,Pass
PLT-003,BATCH-01,2026-01-11,Analyst_C,ELISA_Reader_02,54,E6,E,6,SMP-0090,Unknown,2,1,,485.2662,1.64479,473.9822,473.9822,Quantifiable,3.26,,Pass
PLT-003,BATCH-01,2026-01-11,Analyst_C,ELISA_Reader_02,55,E7,E,7,SMP-0091,Unknown,1,1,,30.7305,0.20634,30.8869,30.8869,Quantifiable,1.85,,Pass
PLT-003,BATCH-01,2026-01-11,Analyst_C,ELISA_Reader_02,56,E8,E,8,SMP-0091,Unknown,2,1,,30.7305,0.20168,30.0877,30.0877,Quantifiable,1.85,,Pass
PLT-003,BATCH-01,2026-01-11,Analyst_C,ELISA_Reader_02,57,E9,E,9,SMP-0092,Unknown,1,5,,106.3705,0.1494,21.0386,105.1931,Quantifiable,1.47,,Pass
PLT-003,BATCH-01,2026-01-11,Analyst_C,ELISA_Reader_02,58,E10,E,10,SMP-0092,Unknown,2,5,,106.3705,0.15192,21.4819,107.4094,Quantifiable,1.47,,Pass
PLT-003,BATCH-01,2026-01-11,Analyst_C,ELISA_Reader_02,59,E11,E,11,SMP-0093,Unknown,1,1,,372.5204,1.47072,370.2835,370.2835,Quantifiable,1.3,,Pass
PLT-003,BATCH-01,2026-01-11,Analyst_C,ELISA_Reader_02,60,E12,E,12,SMP-0093,Unknown,2,1,,372.5204,1.48403,377.1506,377.1506,Quantifiable,1.3,,Pass
PLT-003,BATCH-01,2026-01-11,Analyst_C,ELISA_Reader_02,61,F1,F,1,STD_62.5,Standard,1,1,62.5,62.5,0.39528,63.4539,63.4539,N/A,0.09,101.47,Pass
PLT-003,BATCH-01,2026-01-11,Analyst_C,ELISA_Reader_02,62,F2,F,2,STD_62.5,Standard,2,1,62.5,62.5,0.39485,63.3774,63.3774,N/A,0.09,101.47,Pass
PLT-003,BATCH-01,2026-01-11,Analyst_C,ELISA_Reader_02,63,F3,F,3,SMP-0094,Unknown,1,2,,31.2016,0.1193,15.6777,31.3555,<LLOQ,5.65,,Pass
PLT-003,BATCH-01,2026-01-11,Analyst_C,ELISA_Reader_02,64,F4,F,4,SMP-0094,Unknown,2,2,,31.2016,0.11268,14.4732,28.9465,<LLOQ,5.65,,Pass
PLT-003,BATCH-01,2026-01-11,Analyst_C,ELISA_Reader_02,65,F5,F,5,SMP-0095,Unknown,1,5,,54.6812,0.09379,10.9554,54.7771,<LLOQ,3.72,,Pass
PLT-003,BATCH-01,2026-01-11,Analyst_C,ELISA_Reader_02,66,F6,F,6,SMP-0095,Unknown,2,5,,54.6812,0.09691,11.547,57.7348,<LLOQ,3.72,,Pass
PLT-003,BATCH-01,2026-01-11,Analyst_C,ELISA_Reader_02,67,F7,F,7,SMP-0096,Unknown,1,5,,186.2486,0.24966,38.2843,191.4216,Quantifiable,3.75,,Pass
PLT-003,BATCH-01,2026-01-11,Analyst_C,ELISA_Reader_02,68,F8,F,8,SMP-0096,Unknown,2,5,,186.2486,0.23806,36.3056,181.5278,Quantifiable,3.75,,Pass
PLT-003,BATCH-01,2026-01-11,Analyst_C,ELISA_Reader_02,69,F9,F,9,SMP-0097,Unknown,1,2,,377.4407,0.96889,185.9688,371.9376,Quantifiable,0.69,,Pass
PLT-003,BATCH-01,2026-01-11,Analyst_C,ELISA_Reader_02,70,F10,F,10,SMP-0097,Unknown,2,2,,377.4407,0.97568,187.7977,375.5954,Quantifiable,0.69,,Pass
PLT-003,BATCH-01,2026-01-11,Analyst_C,ELISA_Reader_02,71,F11,F,11,SMP-0098,Unknown,1,10,,129.8727,0.10658,13.3511,133.5113,<LLOQ,1.64,,Pass
PLT-003,BATCH-01,2026-01-11,Analyst_C,ELISA_Reader_02,72,F12,F,12,SMP-0098,Unknown,2,10,,129.8727,0.10492,13.0448,130.4481,<LLOQ,1.64,,Pass
PLT-003,BATCH-01,2026-01-11,Analyst_C,ELISA_Reader_02,73,G1,G,1,STD_31.25,Standard,1,1,31.25,31.25,0.2117,31.8031,31.8031,N/A,2.15,100.24,Pass
PLT-003,BATCH-01,2026-01-11,Analyst_C,ELISA_Reader_02,74,G2,G,2,STD_31.25,Standard,2,1,31.25,31.25,0.20612,30.8491,30.8491,N/A,2.15,100.24,Pass
PLT-003,BATCH-01,2026-01-11,Analyst_C,ELISA_Reader_02,75,G3,G,3,SMP-0099,Unknown,1,1,,169.8247,0.90224,168.6378,168.6378,Quantifiable,0.3,,Pass
PLT-003,BATCH-01,2026-01-11,Analyst_C,ELISA_Reader_02,76,G4,G,4,SMP-0099,Unknown,2,1,,169.8247,0.9051,169.3594,169.3594,Quantifiable,0.3,,Pass
PLT-003,BATCH-01,2026-01-11,Analyst_C,ELISA_Reader_02,77,G5,G,5,SMP-0100,Unknown,1,1,,43.1924,0.27512,42.6314,42.6314,Quantifiable,1.21,,Pass
PLT-003,BATCH-01,2026-01-11,Analyst_C,ELISA_Reader_02,78,G6,G,6,SMP-0100,Unknown,2,1,,43.1924,0.27943,43.3669,43.3669,Quantifiable,1.21,,Pass
PLT-003,BATCH-01,2026-01-11,Analyst_C,ELISA_Reader_02,79,G7,G,7,SMP-0101,Unknown,1,1,,13.5107,0.10446,12.959,12.959,<LLOQ,6.07,,Pass
PLT-003,BATCH-01,2026-01-11,Analyst_C,ELISA_Reader_02,80,G8,G,8,SMP-0101,Unknown,2,1,,13.5107,0.11076,14.1221,14.1221,<LLOQ,6.07,,Pass
PLT-003,BATCH-01,2026-01-11,Analyst_C,ELISA_Reader_02,81,G9,G,9,SMP-0102,Unknown,1,5,,29.117,0.06322,4.8214,24.1071,<LLOQ,20.13,,Review
PLT-003,BATCH-01,2026-01-11,Analyst_C,ELISA_Reader_02,82,G10,G,10,SMP-0102,Unknown,2,5,,29.117,0.05781,3.6201,18.1006,<LLOQ,20.13,,Review
PLT-003,BATCH-01,2026-01-11,Analyst_C,ELISA_Reader_02,83,G11,G,11,SMP-0103,Unknown,1,2,,143.6615,0.44187,71.7676,143.5352,Quantifiable,0.66,,Pass
PLT-003,BATCH-01,2026-01-11,Analyst_C,ELISA_Reader_02,84,G12,G,12,SMP-0103,Unknown,2,2,,143.6615,0.43817,71.1014,142.2028,Quantifiable,0.66,,Pass
PLT-003,BATCH-01,2026-01-11,Analyst_C,ELISA_Reader_02,85,H1,H,1,STD_15.625,Standard,1,1,15.625,15.625,0.1163,15.1344,15.1344,N/A,2.39,95.25,Pass
PLT-003,BATCH-01,2026-01-11,Analyst_C,ELISA_Reader_02,86,H2,H,2,STD_15.625,Standard,2,1,15.625,15.625,0.11354,14.6306,14.6306,N/A,2.39,95.25,Pass
PLT-003,BATCH-01,2026-01-11,Analyst_C,ELISA_Reader_02,87,H3,H,3,SMP-0104,Unknown,1,1,,456.4919,1.61516,453.9197,453.9197,Quantifiable,1.13,,Pass
PLT-003,BATCH-01,2026-01-11,Analyst_C,ELISA_Reader_02,88,H4,H,4,SMP-0104,Unknown,2,1,,456.4919,1.60415,446.7535,446.7535,Quantifiable,1.13,,Pass
PLT-003,BATCH-01,2026-01-11,Analyst_C,ELISA_Reader_02,89,H5,H,5,SMP-0105,Unknown,1,1,,24.3009,0.16319,23.4482,23.4482,Quantifiable,2.09,,Pass
PLT-003,BATCH-01,2026-01-11,Analyst_C,ELISA_Reader_02,90,H6,H,6,SMP-0105,Unknown,2,1,,24.3009,0.16723,24.1516,24.1516,Quantifiable,2.09,,Pass
PLT-003,BATCH-01,2026-01-11,Analyst_C,ELISA_Reader_02,91,H7,H,7,SMP-0106,Unknown,1,1,,1306.7051,2.14927,1207.2593,1207.2593,Quantifiable,3.32,,Pass
PLT-003,BATCH-01,2026-01-11,Analyst_C,ELISA_Reader_02,92,H8,H,8,SMP-0106,Unknown,2,1,,1306.7051,2.16706,1265.2948,1265.2948,Quantifiable,3.32,,Pass
PLT-003,BATCH-01,2026-01-11,Analyst_C,ELISA_Reader_02,93,H9,H,9,SMP-0107,Unknown,1,5,,1333.8475,1.23964,270.6118,1353.059,Quantifiable,0.23,,Pass
PLT-003,BATCH-01,2026-01-11,Analyst_C,ELISA_Reader_02,94,H10,H,10,SMP-0107,Unknown,2,5,,1333.8475,1.23724,269.7356,1348.6781,Quantifiable,0.23,,Pass
PLT-003,BATCH-01,2026-01-11,Analyst_C,ELISA_Reader_02,95,H11,H,11,SMP-0108,Unknown,1,1,,11.2695,0.0978,11.7135,11.7135,<LLOQ,6.06,,Pass
PLT-003,BATCH-01,2026-01-11,Analyst_C,ELISA_Reader_02,96,H12,H,12,SMP-0108,Unknown,2,1,,11.2695,0.09271,10.7512,10.7512,<LLOQ,6.06,,Pass
PLT-004,BATCH-01,2026-01-14,Analyst_A,ELISA_Reader_01,1,A1,A,1,STD_2000,Standard,1,1,2000.0,2000.0,2.26311,1836.2966,1836.2966,N/A,17.1,104.44,Pass
PLT-004,BATCH-01,2026-01-14,Analyst_A,ELISA_Reader_01,2,A2,A,2,STD_2000,Standard,2,1,2000.0,2000.0,2.31901,2341.4819,2341.4819,N/A,17.1,104.44,Pass
PLT-004,BATCH-01,2026-01-14,Analyst_A,ELISA_Reader_01,3,A3,A,3,BLANK,Blank,1,1,0.0,0.0,0.05349,2.1642,2.1642,N/A,141.24,,Pass
PLT-004,BATCH-01,2026-01-14,Analyst_A,ELISA_Reader_01,4,A4,A,4,BLANK,Blank,2,1,0.0,0.0,0.04444,0.0014,0.0014,N/A,141.24,,Pass
PLT-004,BATCH-01,2026-01-14,Analyst_A,ELISA_Reader_01,5,A5,A,5,SMP-0109,Unknown,1,2,,118.1937,0.37151,59.7881,119.5762,Quantifiable,1.42,,Pass
PLT-004,BATCH-01,2026-01-14,Analyst_A,ELISA_Reader_01,6,A6,A,6,SMP-0109,Unknown,2,2,,118.1937,0.36476,58.5977,117.1955,Quantifiable,1.42,,Pass
PLT-004,BATCH-01,2026-01-14,Analyst_A,ELISA_Reader_01,7,A7,A,7,SMP-0110,Unknown,1,2,,19.3821,0.08215,8.5145,17.029,<LLOQ,16.24,,Pass
PLT-004,BATCH-01,2026-01-14,Analyst_A,ELISA_Reader_01,8,A8,A,8,SMP-0110,Unknown,2,2,,19.3821,0.09329,10.7238,21.4476,<LLOQ,16.24,,Pass
PLT-004,BATCH-01,2026-01-14,Analyst_A,ELISA_Reader_01,9,A9,A,9,SMP-0111,Unknown,1,10,,37.3917,0.05713,3.0762,30.7617,<LLOQ,19.3,,Pass
PLT-004,BATCH-01,2026-01-14,Analyst_A,ELISA_Reader_01,10,A10,A,10,SMP-0111,Unknown,2,10,,37.3917,0.06125,4.0484,40.4837,<LLOQ,19.3,,Pass
PLT-004,BATCH-01,2026-01-14,Analyst_A,ELISA_Reader_01,11,A11,A,11,SMP-0112,Unknown,1,10,,44.4782,0.06286,4.4154,44.1537,<LLOQ,3.91,,Pass
PLT-004,BATCH-01,2026-01-14,Analyst_A,ELISA_Reader_01,12,A12,A,12,SMP-0112,Unknown,2,10,,44.4782,0.06181,4.1781,41.7805,<LLOQ,3.91,,Pass
PLT-004,BATCH-01,2026-01-14,Analyst_A,ELISA_Reader_01,13,B1,B,1,STD_1000,Standard,1,1,1000.0,1000.0,2.05465,1002.3542,1002.3542,N/A,3.25,97.98,Pass
PLT-004,BATCH-01,2026-01-14,Analyst_A,ELISA_Reader_01,14,B2,B,2,STD_1000,Standard,2,1,1000.0,1000.0,2.03412,957.309,957.309,N/A,3.25,97.98,Pass
PLT-004,BATCH-01,2026-01-14,Analyst_A,ELISA_Reader_01,15,B3,B,3,QC_Low,QC,1,1,50.0,50.0,0.29893,47.0959,47.0959,N/A,3.65,96.69,Pass
PLT-004,BATCH-01,2026-01-14,Analyst_A,ELISA_Reader_01,16,B4,B,4,QC_Low,QC,2,1,50.0,50.0,0.3133,49.591,49.591,N/A,3.65,96.69,Pass
PLT-004,BATCH-01,2026-01-14,Analyst_A,ELISA_Reader_01,17,B5,B,5,SMP-0113,Unknown,1,1,,465.5417,1.61344,459.9697,459.9697,Quantifiable,4.21,,Pass
PLT-004,BATCH-01,2026-01-14,Analyst_A,ELISA_Reader_01,18,B6,B,6,SMP-0113,Unknown,2,1,,465.5417,1.65357,488.2205,488.2205,Quantifiable,4.21,,Pass
PLT-004,BATCH-01,2026-01-14,Analyst_A,ELISA_Reader_01,19,B7,B,7,SMP-0114,Unknown,1,2,,64.4949,0.21506,32.6029,65.2058,Quantifiable,1.33,,Pass
PLT-004,BATCH-01,2026-01-14,Analyst_A,ELISA_Reader_01,20,B8,B,8,SMP-0114,Unknown,2,2,,64.4949,0.21865,33.2234,66.4468,Quantifiable,1.33,,Pass
PLT-004,BATCH-01,2026-01-14,Analyst_A,ELISA_Reader_01,21,B9,B,9,SMP-0115,Unknown,1,1,,20.9171,0.15601,22.2777,22.2777,Quantifiable,0.96,,Pass
PLT-004,BATCH-01,2026-01-14,Analyst_A,ELISA_Reader_01,22,B10,B,10,SMP-0115,Unknown,2,1,,20.9171,0.15432,21.9778,21.9778,Quantifiable,0.96,,Pass
PLT-004,BATCH-01,2026-01-14,Analyst_A,ELISA_Reader_01,23,B11,B,11,SMP-0116,Unknown,1,5,,1439.5024,1.2907,293.1251,1465.6254,Quantifiable,0.9,,Pass
PLT-004,BATCH-01,2026-01-14,Analyst_A,ELISA_Reader_01,24,B12,B,12,SMP-0116,Unknown,2,5,,1439.5024,1.28129,289.399,1446.9951,Quantifiable,0.9,,Pass
PLT-004,BATCH-01,2026-01-14,Analyst_A,ELISA_Reader_01,25,C1,C,1,STD_500,Standard,1,1,500.0,500.0,1.66519,496.8397,496.8397,N/A,1.45,100.4,Pass
PLT-004,BATCH-01,2026-01-14,Analyst_A,ELISA_Reader_01,26,C2,C,2,STD_500,Standard,2,1,500.0,500.0,1.67875,507.1656,507.1656,N/A,1.45,100.4,Pass
PLT-004,BATCH-01,2026-01-14,Analyst_A,ELISA_Reader_01,27,C3,C,3,QC_Mid,QC,1,1,300.0,300.0,1.31868,304.4844,304.4844,N/A,2.07,100.03,Pass
PLT-004,BATCH-01,2026-01-14,Analyst_A,ELISA_Reader_01,28,C4,C,4,QC_Mid,QC,2,1,300.0,300.0,1.29717,295.7093,295.7093,N/A,2.07,100.03,Pass
PLT-004,BATCH-01,2026-01-14,Analyst_A,ELISA_Reader_01,29,C5,C,5,SMP-0117,Unknown,1,2,,665.3762,1.37942,330.7679,661.5357,Quantifiable,1.0,,Pass
PLT-004,BATCH-01,2026-01-14,Analyst_A,ELISA_Reader_01,30,C6,C,6,SMP-0117,Unknown,2,2,,665.3762,1.38979,335.499,670.9979,Quantifiable,1.0,,Pass
PLT-004,BATCH-01,2026-01-14,Analyst_A,ELISA_Reader_01,31,C7,C,7,SMP-0118,Unknown,1,5,,95.3425,0.13703,18.8811,94.4056,<LLOQ,4.02,,Pass
PLT-004,BATCH-01,2026-01-14,Analyst_A,ELISA_Reader_01,32,C8,C,8,SMP-0118,Unknown,2,5,,95.3425,0.14318,19.987,99.9351,<LLOQ,4.02,,Pass
PLT-004,BATCH-01,2026-01-14,Analyst_A,ELISA_Reader_01,33,C9,C,9,SMP-0119,Unknown,1,2,,225.2698,0.65545,113.6912,227.3824,Quantifiable,1.08,,Pass
PLT-004,BATCH-01,2026-01-14,Analyst_A,ELISA_Reader_01,34,C10,C,10,SMP-0119,Unknown,2,2,,225.2698,0.66391,115.4471,230.8943,Quantifiable,1.08,,Pass
PLT-004,BATCH-01,2026-01-14,Analyst_A,ELISA_Reader_01,35,C11,C,11,SMP-0120,Unknown,1,10,,13.4885,0.05058,1.3766,13.7659,<LLOQ,7.6,,Pass
PLT-004,BATCH-01,2026-01-14,Analyst_A,ELISA_Reader_01,36,C12,C,12,SMP-0120,Unknown,2,10,,13.4885,0.05113,1.5329,15.3292,<LLOQ,7.6,,Pass
PLT-004,BATCH-01,2026-01-14,Analyst_A,ELISA_Reader_01,37,D1,D,1,STD_250,Standard,1,1,250.0,250.0,1.16301,246.3539,246.3539,N/A,0.09,98.6,Pass
PLT-004,BATCH-01,2026-01-14,Analyst_A,ELISA_Reader_01,38,D2,D,2,STD_250,Standard,2,1,250.0,250.0,1.16389,246.652,246.652,N/A,0.09,98.6,Pass
PLT-004,BATCH-01,2026-01-14,Analyst_A,ELISA_Reader_01,39,D3,D,3,QC_High,QC,1,1,1200.0,1200.0,2.12549,1191.218,1191.218,N/A,5.51,95.55,Pass
PLT-004,BATCH-01,2026-01-14,Analyst_A,ELISA_Reader_01,40,D4,D,4,QC_High,QC,2,1,1200.0,1200.0,2.0947,1101.877,1101.877,N/A,5.51,95.55,Pass
PLT-004,BATCH-01,2026-01-14,Analyst_A,ELISA_Reader_01,41,D5,D,5,SMP-0121,Unknown,1,10,,527.3781,0.32573,51.7545,517.5445,Quantifiable,0.43,,Pass
PLT-004,BATCH-01,2026-01-14,Analyst_A,ELISA_Reader_01,42,D6,D,6,SMP-0121,Unknown,2,10,,527.3781,0.32755,52.0732,520.7315,Quantifiable,0.43,,Pass
PLT-004,BATCH-01,2026-01-14,Analyst_A,ELISA_Reader_01,43,D7,D,7,SMP-0122,Unknown,1,5,,79.1185,0.11848,15.4941,77.4705,<LLOQ,11.07,,Pass
PLT-004,BATCH-01,2026-01-14,Analyst_A,ELISA_Reader_01,44,D8,D,8,SMP-0122,Unknown,2,5,,79.1185,0.13286,18.1265,90.6324,<LLOQ,11.07,,Pass
PLT-004,BATCH-01,2026-01-14,Analyst_A,ELISA_Reader_01,45,D9,D,9,SMP-0123,Unknown,1,1,,454.5588,1.59024,444.6282,444.6282,Quantifiable,2.92,,Pass
PLT-004,BATCH-01,2026-01-14,Analyst_A,ELISA_Reader_01,46,D10,D,10,SMP-0123,Unknown,2,1,,454.5588,1.6185,463.4068,463.4068,Quantifiable,2.92,,Pass
PLT-004,BATCH-01,2026-01-14,Analyst_A,ELISA_Reader_01,47,D11,D,11,SMP-0124,Unknown,1,5,,975.2329,0.98866,193.098,965.49,Quantifiable,0.27,,Pass
PLT-004,BATCH-01,2026-01-14,Analyst_A,ELISA_Reader_01,48,D12,D,12,SMP-0124,Unknown,2,5,,975.2329,0.99133,193.8389,969.1944,Quantifiable,0.27,,Pass
PLT-004,BATCH-01,2026-01-14,Analyst_A,ELISA_Reader_01,49,E1,E,1,STD_125,Standard,1,1,125.0,125.0,0.72781,129.0773,129.0773,N/A,1.79,101.97,Pass
PLT-004,BATCH-01,2026-01-14,Analyst_A,ELISA_Reader_01,50,E2,E,2,STD_125,Standard,2,1,125.0,125.0,0.71294,125.8445,125.8445,N/A,1.79,101.97,Pass
PLT-004,BATCH-01,2026-01-14,Analyst_A,ELISA_Reader_01,51,E3,E,3,SMP-0125,Unknown,1,2,,270.875,0.76296,136.8688,273.7375,Quantifiable,1.38,,Pass
PLT-004,BATCH-01,2026-01-14,Analyst_A,ELISA_Reader_01,52,E4,E,4,SMP-0125,Unknown,2,2,,270.875,0.75115,134.2249,268.4499,Quantifiable,1.38,,Pass
PLT-004,BATCH-01,2026-01-14,Analyst_A,ELISA_Reader_01,53,E5,E,5,SMP-0126,Unknown,1,1,,47.0408,0.2968,46.728,46.728,Quantifiable,1.26,,Pass
PLT-004,BATCH-01,2026-01-14,Analyst_A,ELISA_Reader_01,54,E6,E,6,SMP-0126,Unknown,2,1,,47.0408,0.29203,45.9014,45.9014,Quantifiable,1.26,,Pass
PLT-004,BATCH-01,2026-01-14,Analyst_A,ELISA_Reader_01,55,E7,E,7,SMP-0127,Unknown,1,5,,17.5621,0.05694,3.029,15.1448,<LLOQ,18.8,,Pass
PLT-004,BATCH-01,2026-01-14,Analyst_A,ELISA_Reader_01,56,E8,E,8,SMP-0127,Unknown,2,5,,17.5621,0.06086,3.9576,19.7878,<LLOQ,18.8,,Pass
PLT-004,BATCH-01,2026-01-14,Analyst_A,ELISA_Reader_01,57,E9,E,9,SMP-0128,Unknown,1,1,,17.5034,0.12797,17.2365,17.2365,<LLOQ,7.84,,Pass
PLT-004,BATCH-01,2026-01-14,Analyst_A,ELISA_Reader_01,58,E10,E,10,SMP-0128,Unknown,2,1,,17.5034,0.13914,19.2604,19.2604,<LLOQ,7.84,,Pass
PLT-004,BATCH-01,2026-01-14,Analyst_A,ELISA_Reader_01,59,E11,E,11,SMP-0129,Unknown,1,2,,71.2565,0.23146,35.4377,70.8754,Quantifiable,0.47,,Pass
PLT-004,BATCH-01,2026-01-14,Analyst_A,ELISA_Reader_01,60,E12,E,12,SMP-0129,Unknown,2,2,,71.2565,0.2301,35.2038,70.4077,Quantifiable,0.47,,Pass
PLT-004,BATCH-01,2026-01-14,Analyst_A,ELISA_Reader_01,61,F1,F,1,STD_62.5,Standard,1,1,62.5,62.5,0.38125,61.514,61.514,N/A,2.36,100.09,Pass
PLT-004,BATCH-01,2026-01-14,Analyst_A,ELISA_Reader_01,62,F2,F,2,STD_62.5,Standard,2,1,62.5,62.5,0.39299,63.5999,63.5999,N/A,2.36,100.09,Pass
PLT-004,BATCH-01,2026-01-14,Analyst_A,ELISA_Reader_01,63,F3,F,3,SMP-0130,Unknown,1,10,,1877.4911,0.98167,191.1658,1911.6576,Quantifiable,1.45,,Pass
PLT-004,BATCH-01,2026-01-14,Analyst_A,ELISA_Reader_01,64,F4,F,4,SMP-0130,Unknown,2,10,,1877.4911,0.96751,187.2969,1872.9693,Quantifiable,1.45,,Pass
PLT-004,BATCH-01,2026-01-14,Analyst_A,ELISA_Reader_01,65,F5,F,5,SMP-0131,Unknown,1,1,,13.0951,0.0986,11.7506,11.7506,<LLOQ,12.74,,Pass
PLT-004,BATCH-01,2026-01-14,Analyst_A,ELISA_Reader_01,66,F6,F,6,SMP-0131,Unknown,2,1,,13.0951,0.11087,14.078,14.078,<LLOQ,12.74,,Pass
PLT-004,BATCH-01,2026-01-14,Analyst_A,ELISA_Reader_01,67,F7,F,7,SMP-0132,Unknown,1,1,,1310.3108,2.1543,1287.6559,1287.6559,Quantifiable,1.27,,Pass
PLT-004,BATCH-01,2026-01-14,Analyst_A,ELISA_Reader_01,68,F8,F,8,SMP-0132,Unknown,2,1,,1310.3108,2.16068,1310.9959,1310.9959,Quantifiable,1.27,,Pass
PLT-004,BATCH-01,2026-01-14,Analyst_A,ELISA_Reader_01,69,F9,F,9,SMP-0133,Unknown,1,5,,29.8256,0.06893,5.7592,28.796,<LLOQ,8.58,,Pass
PLT-004,BATCH-01,2026-01-14,Analyst_A,ELISA_Reader_01,70,F10,F,10,SMP-0133,Unknown,2,5,,29.8256,0.07241,6.5027,32.5137,<LLOQ,8.58,,Pass
PLT-004,BATCH-01,2026-01-14,Analyst_A,ELISA_Reader_01,71,F11,F,11,SMP-0134,Unknown,1,1,,273.2542,1.2481,276.6471,276.6471,Quantifiable,1.2,,Pass
PLT-004,BATCH-01,2026-01-14,Analyst_A,ELISA_Reader_01,72,F12,F,12,SMP-0134,Unknown,2,1,,273.2542,1.2356,271.9866,271.9866,Quantifiable,1.2,,Pass
PLT-004,BATCH-01,2026-01-14,Analyst_A,ELISA_Reader_01,73,G1,G,1,STD_31.25,Standard,1,1,31.25,31.25,0.19804,29.649,29.649,N/A,1.05,95.59,Pass
PLT-004,BATCH-01,2026-01-14,Analyst_A,ELISA_Reader_01,74,G2,G,2,STD_31.25,Standard,2,1,31.25,31.25,0.20059,30.0936,30.0936,N/A,1.05,95.59,Pass
PLT-004,BATCH-01,2026-01-14,Analyst_A,ELISA_Reader_01,75,G3,G,3,SMP-0135,Unknown,1,2,,780.5635,1.5019,391.9022,783.8044,Quantifiable,0.49,,Pass
PLT-004,BATCH-01,2026-01-14,Analyst_A,ELISA_Reader_01,76,G4,G,4,SMP-0135,Unknown,2,2,,780.5635,1.497,389.2152,778.4304,Quantifiable,0.49,,Pass
PLT-004,BATCH-01,2026-01-14,Analyst_A,ELISA_Reader_01,77,G5,G,5,SMP-0136,Unknown,1,2,,14.6124,0.075,7.0475,14.095,<LLOQ,9.38,,Pass
PLT-004,BATCH-01,2026-01-14,Analyst_A,ELISA_Reader_01,78,G6,G,6,SMP-0136,Unknown,2,2,,14.6124,0.07985,8.0485,16.0969,<LLOQ,9.38,,Pass
PLT-004,BATCH-01,2026-01-14,Analyst_A,ELISA_Reader_01,79,G7,G,7,SMP-0137,Unknown,1,1,,875.6852,1.94005,789.1543,789.1543,Quantifiable,6.3,,Pass
PLT-004,BATCH-01,2026-01-14,Analyst_A,ELISA_Reader_01,80,G8,G,8,SMP-0137,Unknown,2,1,,875.6852,1.98507,862.795,862.795,Quantifiable,6.3,,Pass
PLT-004,BATCH-01,2026-01-14,Analyst_A,ELISA_Reader_01,81,G9,G,9,SMP-0138,Unknown,1,5,,69.5382,0.1164,15.1093,75.5465,<LLOQ,5.38,,Pass
PLT-004,BATCH-01,2026-01-14,Analyst_A,ELISA_Reader_01,82,G10,G,10,SMP-0138,Unknown,2,5,,69.5382,0.11046,14.001,70.0048,<LLOQ,5.38,,Pass
PLT-004,BATCH-01,2026-01-14,Analyst_A,ELISA_Reader_01,83,G11,G,11,SMP-0139,Unknown,1,5,,474.4759,0.54422,91.521,457.6052,Quantifiable,2.84,,Pass
PLT-004,BATCH-01,2026-01-14,Analyst_A,ELISA_Reader_01,84,G12,G,12,SMP-0139,Unknown,2,5,,474.4759,0.56364,95.2774,476.3872,Quantifiable,2.84,,Pass
PLT-004,BATCH-01,2026-01-14,Analyst_A,ELISA_Reader_01,85,H1,H,1,STD_15.625,Standard,1,1,15.625,15.625,0.12038,15.8452,15.8452,N/A,3.97,104.34,Pass
PLT-004,BATCH-01,2026-01-14,Analyst_A,ELISA_Reader_01,86,H2,H,2,STD_15.625,Standard,2,1,15.625,15.625,0.12536,16.76,16.76,N/A,3.97,104.34,Pass
PLT-004,BATCH-01,2026-01-14,Analyst_A,ELISA_Reader_01,87,H3,H,3,SMP-0140,Unknown,1,5,,9.7287,0.05716,3.0835,15.4175,<LLOQ,4.51,,Pass
PLT-004,BATCH-01,2026-01-14,Analyst_A,ELISA_Reader_01,88,H4,H,4,SMP-0140,Unknown,2,5,,9.7287,0.05638,2.8929,14.4646,<LLOQ,4.51,,Pass
PLT-004,BATCH-01,2026-01-14,Analyst_A,ELISA_Reader_01,89,H5,H,5,SMP-0141,Unknown,1,1,,325.5041,1.36118,322.6294,322.6294,Quantifiable,2.35,,Pass
PLT-004,BATCH-01,2026-01-14,Analyst_A,ELISA_Reader_01,90,H6,H,6,SMP-0141,Unknown,2,1,,325.5041,1.33684,312.0998,312.0998,Quantifiable,2.35,,Pass
PLT-004,BATCH-01,2026-01-14,Analyst_A,ELISA_Reader_01,91,H7,H,7,SMP-0142,Unknown,1,1,,9.1789,0.08372,8.832,8.832,<LLOQ,7.17,,Pass
PLT-004,BATCH-01,2026-01-14,Analyst_A,ELISA_Reader_01,92,H8,H,8,SMP-0142,Unknown,2,1,,9.1789,0.08845,9.7749,9.7749,<LLOQ,7.17,,Pass
PLT-004,BATCH-01,2026-01-14,Analyst_A,ELISA_Reader_01,93,H9,H,9,SMP-0143,Unknown,1,1,,24.5461,0.16816,24.4245,24.4245,Quantifiable,1.69,,Pass
PLT-004,BATCH-01,2026-01-14,Analyst_A,ELISA_Reader_01,94,H10,H,10,SMP-0143,Unknown,2,1,,24.5461,0.17151,25.0141,25.0141,Quantifiable,1.69,,Pass
PLT-004,BATCH-01,2026-01-14,Analyst_A,ELISA_Reader_01,95,H11,H,11,SMP-0144,Unknown,1,5,,325.8791,0.39681,64.2807,321.4034,Quantifiable,1.82,,Pass
PLT-004,BATCH-01,2026-01-14,Analyst_A,ELISA_Reader_01,96,H12,H,12,SMP-0144,Unknown,2,5,,325.8791,0.38761,62.6429,313.2145,Quantifiable,1.82,,Pass
PLT-005,BATCH-01,2026-01-17,Analyst_B,ELISA_Reader_01,1,A1,A,1,STD_2000,Standard,1,1,2000.0,2000.0,2.34671,2077.5495,2077.5495,N/A,11.47,96.09,Pass
PLT-005,BATCH-01,2026-01-17,Analyst_B,ELISA_Reader_01,2,A2,A,2,STD_2000,Standard,2,1,2000.0,2000.0,2.30202,1765.9483,1765.9483,N/A,11.47,96.09,Pass
PLT-005,BATCH-01,2026-01-17,Analyst_B,ELISA_Reader_01,3,A3,A,3,BLANK,Blank,1,1,0.0,0.0,0.04731,0.0016,0.0016,N/A,141.26,,Pass
PLT-005,BATCH-01,2026-01-17,Analyst_B,ELISA_Reader_01,4,A4,A,4,BLANK,Blank,2,1,0.0,0.0,0.05677,2.8035,2.8035,N/A,141.26,,Pass
PLT-005,BATCH-01,2026-01-17,Analyst_B,ELISA_Reader_01,5,A5,A,5,SMP-0145,Unknown,1,5,,1742.7163,1.37435,337.5916,1687.9579,Quantifiable,0.85,,Pass
PLT-005,BATCH-01,2026-01-17,Analyst_B,ELISA_Reader_01,6,A6,A,6,SMP-0145,Unknown,2,5,,1742.7163,1.38351,341.663,1708.3148,Quantifiable,0.85,,Pass
PLT-005,BATCH-01,2026-01-17,Analyst_B,ELISA_Reader_01,7,A7,A,7,SMP-0146,Unknown,1,1,,181.2716,0.92773,185.4165,185.4165,Quantifiable,0.84,,Pass
PLT-005,BATCH-01,2026-01-17,Analyst_B,ELISA_Reader_01,8,A8,A,8,SMP-0146,Unknown,2,1,,181.2716,0.91946,183.2185,183.2185,Quantifiable,0.84,,Pass
PLT-005,BATCH-01,2026-01-17,Analyst_B,ELISA_Reader_01,9,A9,A,9,SMP-0147,Unknown,1,1,,149.1609,0.79661,152.3716,152.3716,Quantifiable,0.17,,Pass
PLT-005,BATCH-01,2026-01-17,Analyst_B,ELISA_Reader_01,10,A10,A,10,SMP-0147,Unknown,2,1,,149.1609,0.79511,152.0124,152.0124,Quantifiable,0.17,,Pass
PLT-005,BATCH-01,2026-01-17,Analyst_B,ELISA_Reader_01,11,A11,A,11,SMP-0148,Unknown,1,10,,13.8006,0.05125,1.143,11.4299,<LLOQ,57.74,,Review
PLT-005,BATCH-01,2026-01-17,Analyst_B,ELISA_Reader_01,12,A12,A,12,SMP-0148,Unknown,2,10,,13.8006,0.05648,2.7203,27.2031,<LLOQ,57.74,,Review
PLT-005,BATCH-01,2026-01-17,Analyst_B,ELISA_Reader_01,13,B1,B,1,STD_1000,Standard,1,1,1000.0,1000.0,2.09554,1027.7776,1027.7776,N/A,4.33,99.72,Pass
PLT-005,BATCH-01,2026-01-17,Analyst_B,ELISA_Reader_01,14,B2,B,2,STD_1000,Standard,2,1,1000.0,1000.0,2.0659,966.6564,966.6564,N/A,4.33,99.72,Pass
PLT-005,BATCH-01,2026-01-17,Analyst_B,ELISA_Reader_01,15,B3,B,3,QC_Low,QC,1,1,50.0,50.0,0.2961,49.9076,49.9076,N/A,1.89,101.17,Pass
PLT-005,BATCH-01,2026-01-17,Analyst_B,ELISA_Reader_01,16,B4,B,4,QC_Low,QC,2,1,50.0,50.0,0.30344,51.2591,51.2591,N/A,1.89,101.17,Pass
PLT-005,BATCH-01,2026-01-17,Analyst_B,ELISA_Reader_01,17,B5,B,5,SMP-0149,Unknown,1,2,,32.7643,0.11507,15.8694,31.7389,<LLOQ,1.01,,Pass
PLT-005,BATCH-01,2026-01-17,Analyst_B,ELISA_Reader_01,18,B6,B,6,SMP-0149,Unknown,2,2,,32.7643,0.1162,16.0974,32.1948,<LLOQ,1.01,,Pass
PLT-005,BATCH-01,2026-01-17,Analyst_B,ELISA_Reader_01,19,B7,B,7,SMP-0150,Unknown,1,5,,8.3286,0.05315,1.751,8.7551,<LLOQ,17.43,,Pass
PLT-005,BATCH-01,2026-01-17,Analyst_B,ELISA_Reader_01,20,B8,B,8,SMP-0150,Unknown,2,5,,8.3286,0.05193,1.3667,6.8336,<LLOQ,17.43,,Pass
PLT-005,BATCH-01,2026-01-17,Analyst_B,ELISA_Reader_01,21,B9,B,9,SMP-0151,Unknown,1,1,,47.2326,0.28502,47.867,47.867,Quantifiable,0.7,,Pass
PLT-005,BATCH-01,2026-01-17,Analyst_B,ELISA_Reader_01,22,B10,B,10,SMP-0151,Unknown,2,1,,47.2326,0.28246,47.3958,47.3958,Quantifiable,0.7,,Pass
PLT-005,BATCH-01,2026-01-17,Analyst_B,ELISA_Reader_01,23,B11,B,11,SMP-0152,Unknown,1,5,,27.1935,0.06585,5.1623,25.8113,<LLOQ,7.76,,Pass
PLT-005,BATCH-01,2026-01-17,Analyst_B,ELISA_Reader_01,24,B12,B,12,SMP-0152,Unknown,2,5,,27.1935,0.06369,4.6253,23.1264,<LLOQ,7.76,,Pass
PLT-005,BATCH-01,2026-01-17,Analyst_B,ELISA_Reader_01,25,C1,C,1,STD_500,Standard,1,1,500.0,500.0,1.65011,489.0664,489.0664,N/A,4.84,101.28,Pass
PLT-005,BATCH-01,2026-01-17,Analyst_B,ELISA_Reader_01,26,C2,C,2,STD_500,Standard,2,1,500.0,500.0,1.6983,523.7312,523.7312,N/A,4.84,101.28,Pass
PLT-005,BATCH-01,2026-01-17,Analyst_B,ELISA_Reader_01,27,C3,C,3,QC_Mid,QC,1,1,300.0,300.0,1.27399,296.1369,296.1369,N/A,1.02,98.0,Pass
PLT-005,BATCH-01,2026-01-17,Analyst_B,ELISA_Reader_01,28,C4,C,4,QC_Mid,QC,2,1,300.0,300.0,1.2629,291.878,291.878,N/A,1.02,98.0,Pass
PLT-005,BATCH-01,2026-01-17,Analyst_B,ELISA_Reader_01,29,C5,C,5,SMP-0153,Unknown,1,5,,56.2847,0.09099,10.8755,54.3773,<LLOQ,10.31,,Pass
PLT-005,BATCH-01,2026-01-17,Analyst_B,ELISA_Reader_01,30,C6,C,6,SMP-0153,Unknown,2,5,,56.2847,0.09907,12.5856,62.9281,<LLOQ,10.31,,Pass
PLT-005,BATCH-01,2026-01-17,Analyst_B,ELISA_Reader_01,31,C7,C,7,SMP-0154,Unknown,1,2,,1041.9654,1.72255,542.4531,1084.9063,Quantifiable,1.8,,Pass
PLT-005,BATCH-01,2026-01-17,Analyst_B,ELISA_Reader_01,32,C8,C,8,SMP-0154,Unknown,2,2,,1041.9654,1.70497,528.7893,1057.5785,Quantifiable,1.8,,Pass
PLT-005,BATCH-01,2026-01-17,Analyst_B,ELISA_Reader_01,33,C9,C,9,SMP-0155,Unknown,1,5,,131.2925,0.17267,27.0498,135.2488,Quantifiable,0.85,,Pass
PLT-005,BATCH-01,2026-01-17,Analyst_B,ELISA_Reader_01,34,C10,C,10,SMP-0155,Unknown,2,5,,131.2925,0.17096,26.7257,133.6287,Quantifiable,0.85,,Pass
PLT-005,BATCH-01,2026-01-17,Analyst_B,ELISA_Reader_01,35,C11,C,11,SMP-0156,Unknown,1,2,,641.351,1.35434,328.8769,657.7539,Quantifiable,0.08,,Pass
PLT-005,BATCH-01,2026-01-17,Analyst_B,ELISA_Reader_01,36,C12,C,12,SMP-0156,Unknown,2,2,,641.351,1.35522,329.2561,658.5122,Quantifiable,0.08,,Pass
PLT-005,BATCH-01,2026-01-17,Analyst_B,ELISA_Reader_01,37,D1,D,1,STD_250,Standard,1,1,250.0,250.0,1.13483,246.5878,246.5878,N/A,1.08,99.39,Pass
PLT-005,BATCH-01,2026-01-17,Analyst_B,ELISA_Reader_01,38,D2,D,2,STD_250,Standard,2,1,250.0,250.0,1.1463,250.376,250.376,N/A,1.08,99.39,Pass
PLT-005,BATCH-01,2026-01-17,Analyst_B,ELISA_Reader_01,39,D3,D,3,QC_High,QC,1,1,1200.0,1200.0,2.18003,1245.957,1245.957,N/A,4.92,100.34,Pass
PLT-005,BATCH-01,2026-01-17,Analyst_B,ELISA_Reader_01,40,D4,D,4,QC_High,QC,2,1,1200.0,1200.0,2.15097,1162.2081,1162.2081,N/A,4.92,100.34,Pass
PLT-005,BATCH-01,2026-01-17,Analyst_B,ELISA_Reader_01,41,D5,D,5,SMP-0157,Unknown,1,5,,17.0907,0.05563,2.4816,12.4078,<LLOQ,6.54,,Pass
PLT-005,BATCH-01,2026-01-17,Analyst_B,ELISA_Reader_01,42,D6,D,6,SMP-0157,Unknown,2,5,,17.0907,0.05648,2.7222,13.6108,<LLOQ,6.54,,Pass
PLT-005,BATCH-01,2026-01-17,Analyst_B,ELISA_Reader_01,43,D7,D,7,SMP-0158,Unknown,1,1,,39.5706,0.23631,38.8981,38.8981,Quantifiable,1.78,,Pass
PLT-005,BATCH-01,2026-01-17,Analyst_B,ELISA_Reader_01,44,D8,D,8,SMP-0158,Unknown,2,1,,39.5706,0.24168,39.8877,39.8877,Quantifiable,1.78,,Pass
PLT-005,BATCH-01,2026-01-17,Analyst_B,ELISA_Reader_01,45,D9,D,9,SMP-0159,Unknown,1,1,,61.3995,0.3542,60.6572,60.6572,Quantifiable,0.5,,Pass
PLT-005,BATCH-01,2026-01-17,Analyst_B,ELISA_Reader_01,46,D10,D,10,SMP-0159,Unknown,2,1,,61.3995,0.35651,61.0887,61.0887,Quantifiable,0.5,,Pass
PLT-005,BATCH-01,2026-01-17,Analyst_B,ELISA_Reader_01,47,D11,D,11,SMP-0160,Unknown,1,2,,1754.5528,1.99798,847.8229,1695.6459,Quantifiable,7.46,,Pass
PLT-005,BATCH-01,2026-01-17,Analyst_B,ELISA_Reader_01,48,D12,D,12,SMP-0160,Unknown,2,2,,1754.5528,2.05317,942.2939,1884.5877,Quantifiable,7.46,,Pass
PLT-005,BATCH-01,2026-01-17,Analyst_B,ELISA_Reader_01,49,E1,E,1,STD_125,Standard,1,1,125.0,125.0,0.68341,126.4923,126.4923,N/A,0.93,100.53,Pass
PLT-005,BATCH-01,2026-01-17,Analyst_B,ELISA_Reader_01,50,E2,E,2,STD_125,Standard,2,1,125.0,125.0,0.67588,124.8437,124.8437,N/A,0.93,100.53,Pass
PLT-005,BATCH-01,2026-01-17,Analyst_B,ELISA_Reader_01,51,E3,E,3,SMP-0161,Unknown,1,1,,2022.8252,2.35888,2182.1289,2182.1289,>ULOQ,3.23,,Pass
PLT-005,BATCH-01,2026-01-17,Analyst_B,ELISA_Reader_01,52,E4,E,4,SMP-0161,Unknown,2,1,,2022.8252,2.34757,2084.621,2084.621,>ULOQ,3.23,,Pass
PLT-005,BATCH-01,2026-01-17,Analyst_B,ELISA_Reader_01,53,E5,E,5,SMP-0162,Unknown,1,2,,454.8783,1.07743,228.3225,456.645,Quantifiable,0.49,,Pass
PLT-005,BATCH-01,2026-01-17,Analyst_B,ELISA_Reader_01,54,E6,E,6,SMP-0162,Unknown,2,2,,454.8783,1.07229,226.7399,453.4797,Quantifiable,0.49,,Pass
PLT-005,BATCH-01,2026-01-17,Analyst_B,ELISA_Reader_01,55,E7,E,7,SMP-0163,Unknown,1,2,,38.3289,0.13477,19.7789,39.5578,<LLOQ,1.99,,Pass
PLT-005,BATCH-01,2026-01-17,Analyst_B,ELISA_Reader_01,56,E8,E,8,SMP-0163,Unknown,2,2,,38.3289,0.13767,20.3442,40.6885,Quantifiable,1.99,,Pass
PLT-005,BATCH-01,2026-01-17,Analyst_B,ELISA_Reader_01,57,E9,E,9,SMP-0164,Unknown,1,2,,72.2444,0.2207,36.0129,72.0258,Quantifiable,1.17,,Pass
PLT-005,BATCH-01,2026-01-17,Analyst_B,ELISA_Reader_01,58,E10,E,10,SMP-0164,Unknown,2,2,,72.2444,0.22394,36.6138,73.2277,Quantifiable,1.17,,Pass
PLT-005,BATCH-01,2026-01-17,Analyst_B,ELISA_Reader_01,59,E11,E,11,SMP-0165,Unknown,1,5,,38.2275,0.07696,7.7838,38.9188,<LLOQ,3.42,,Pass
PLT-005,BATCH-01,2026-01-17,Analyst_B,ELISA_Reader_01,60,E12,E,12,SMP-0165,Unknown,2,5,,38.2275,0.07536,7.4162,37.0808,<LLOQ,3.42,,Pass
PLT-005,BATCH-01,2026-01-17,Analyst_B,ELISA_Reader_01,61,F1,F,1,STD_62.5,Standard,1,1,62.5,62.5,0.36369,62.4271,62.4271,N/A,0.78,99.33,Pass
PLT-005,BATCH-01,2026-01-17,Analyst_B,ELISA_Reader_01,62,F2,F,2,STD_62.5,Standard,2,1,62.5,62.5,0.36002,61.7411,61.7411,N/A,0.78,99.33,Pass
PLT-005,BATCH-01,2026-01-17,Analyst_B,ELISA_Reader_01,63,F3,F,3,SMP-0166,Unknown,1,2,,45.4047,0.15992,24.6307,49.2613,Quantifiable,6.58,,Pass
PLT-005,BATCH-01,2026-01-17,Analyst_B,ELISA_Reader_01,64,F4,F,4,SMP-0166,Unknown,2,2,,45.4047,0.14849,22.441,44.8821,Quantifiable,6.58,,Pass
PLT-005,BATCH-01,2026-01-17,Analyst_B,ELISA_Reader_01,65,F5,F,5,SMP-0167,Unknown,1,1,,1123.3179,2.16253,1194.2706,1194.2706,Quantifiable,6.51,,Pass
PLT-005,BATCH-01,2026-01-17,Analyst_B,ELISA_Reader_01,66,F6,F,6,SMP-0167,Unknown,2,1,,1123.3179,2.12233,1089.09,1089.09,Quantifiable,6.51,,Pass
PLT-005,BATCH-01,2026-01-17,Analyst_B,ELISA_Reader_01,67,F7,F,7,SMP-0168,Unknown,1,2,,882.1327,1.55028,426.2586,852.5172,Quantifiable,2.85,,Pass
PLT-005,BATCH-01,2026-01-17,Analyst_B,ELISA_Reader_01,68,F8,F,8,SMP-0168,Unknown,2,2,,882.1327,1.57995,443.7981,887.5962,Quantifiable,2.85,,Pass
PLT-005,BATCH-01,2026-01-17,Analyst_B,ELISA_Reader_01,69,F9,F,9,SMP-0169,Unknown,1,1,,43.2224,0.25322,42.0139,42.0139,Quantifiable,3.05,,Pass
PLT-005,BATCH-01,2026-01-17,Analyst_B,ELISA_Reader_01,70,F10,F,10,SMP-0169,Unknown,2,1,,43.2224,0.26329,43.8672,43.8672,Quantifiable,3.05,,Pass
PLT-005,BATCH-01,2026-01-17,Analyst_B,ELISA_Reader_01,71,F11,F,11,SMP-0170,Unknown,1,1,,19.3412,0.12599,18.0503,18.0503,<LLOQ,3.08,,Pass
PLT-005,BATCH-01,2026-01-17,Analyst_B,ELISA_Reader_01,72,F12,F,12,SMP-0170,Unknown,2,1,,19.3412,0.13005,18.8529,18.8529,<LLOQ,3.08,,Pass
PLT-005,BATCH-01,2026-01-17,Analyst_B,ELISA_Reader_01,73,G1,G,1,STD_31.25,Standard,1,1,31.25,31.25,0.19906,31.9965,31.9965,N/A,3.38,100.0,Pass
PLT-005,BATCH-01,2026-01-17,Analyst_B,ELISA_Reader_01,74,G2,G,2,STD_31.25,Standard,2,1,31.25,31.25,0.19106,30.5039,30.5039,N/A,3.38,100.0,Pass
PLT-005,BATCH-01,2026-01-17,Analyst_B,ELISA_Reader_01,75,G3,G,3,SMP-0171,Unknown,1,1,,415.165,1.49809,397.4178,397.4178,Quantifiable,2.56,,Pass
PLT-005,BATCH-01,2026-01-17,Analyst_B,ELISA_Reader_01,76,G4,G,4,SMP-0171,Unknown,2,1,,415.165,1.52513,412.0545,412.0545,Quantifiable,2.56,,Pass
PLT-005,BATCH-01,2026-01-17,Analyst_B,ELISA_Reader_01,77,G5,G,5,SMP-0172,Unknown,1,1,,13.0198,0.10672,14.1694,14.1694,<LLOQ,17.87,,Pass
PLT-005,BATCH-01,2026-01-17,Analyst_B,ELISA_Reader_01,78,G6,G,6,SMP-0172,Unknown,2,1,,13.0198,0.09153,10.9902,10.9902,<LLOQ,17.87,,Pass
PLT-005,BATCH-01,2026-01-17,Analyst_B,ELISA_Reader_01,79,G7,G,7,SMP-0173,Unknown,1,2,,154.9055,0.44428,77.6588,155.3177,Quantifiable,0.43,,Pass
PLT-005,BATCH-01,2026-01-17,Analyst_B,ELISA_Reader_01,80,G8,G,8,SMP-0173,Unknown,2,2,,154.9055,0.44677,78.137,156.2739,Quantifiable,0.43,,Pass
PLT-005,BATCH-01,2026-01-17,Analyst_B,ELISA_Reader_01,81,G9,G,9,SMP-0174,Unknown,1,1,,23.419,0.16288,25.1941,25.1941,Quantifiable,5.92,,Pass
PLT-005,BATCH-01,2026-01-17,Analyst_B,ELISA_Reader_01,82,G10,G,10,SMP-0174,Unknown,2,1,,23.419,0.15228,23.1698,23.1698,Quantifiable,5.92,,Pass
PLT-005,BATCH-01,2026-01-17,Analyst_B,ELISA_Reader_01,83,G11,G,11,SMP-0175,Unknown,1,1,,1297.5256,2.25801,1537.1904,1537.1904,Quantifiable,10.71,,Pass
PLT-005,BATCH-01,2026-01-17,Analyst_B,ELISA_Reader_01,84,G12,G,12,SMP-0175,Unknown,2,1,,1297.5256,2.2031,1320.7097,1320.7097,Quantifiable,10.71,,Pass
PLT-005,BATCH-01,2026-01-17,Analyst_B,ELISA_Reader_01,85,H1,H,1,STD_15.625,Standard,1,1,15.625,15.625,0.11645,16.1479,16.1479,N/A,3.8,106.2,Pass
PLT-005,BATCH-01,2026-01-17,Analyst_B,ELISA_Reader_01,86,H2,H,2,STD_15.625,Standard,2,1,15.625,15.625,0.1209,17.0389,17.0389,N/A,3.8,106.2,Pass
PLT-005,BATCH-01,2026-01-17,Analyst_B,ELISA_Reader_01,87,H3,H,3,SMP-0176,Unknown,1,1,,164.7125,0.83457,161.565,161.565,Quantifiable,2.69,,Pass
PLT-005,BATCH-01,2026-01-17,Analyst_B,ELISA_Reader_01,88,H4,H,4,SMP-0176,Unknown,2,1,,164.7125,0.85979,167.8343,167.8343,Quantifiable,2.69,,Pass
PLT-005,BATCH-01,2026-01-17,Analyst_B,ELISA_Reader_01,89,H5,H,5,SMP-0177,Unknown,1,2,,1240.8819,1.776,587.1603,1174.3205,Quantifiable,6.83,,Pass
PLT-005,BATCH-01,2026-01-17,Analyst_B,ELISA_Reader_01,90,H6,H,6,SMP-0177,Unknown,2,2,,1240.8819,1.83875,646.7903,1293.5805,Quantifiable,6.83,,Pass
PLT-005,BATCH-01,2026-01-17,Analyst_B,ELISA_Reader_01,91,H7,H,7,SMP-0178,Unknown,1,2,,344.1778,0.87582,171.8898,343.7796,Quantifiable,1.93,,Pass
PLT-005,BATCH-01,2026-01-17,Analyst_B,ELISA_Reader_01,92,H8,H,8,SMP-0178,Unknown,2,2,,344.1778,0.89438,176.6554,353.3107,Quantifiable,1.93,,Pass
PLT-005,BATCH-01,2026-01-17,Analyst_B,ELISA_Reader_01,93,H9,H,9,SMP-0179,Unknown,1,2,,36.9065,0.13193,19.2224,38.4448,<LLOQ,0.8,,Pass
PLT-005,BATCH-01,2026-01-17,Analyst_B,ELISA_Reader_01,94,H10,H,10,SMP-0179,Unknown,2,2,,36.9065,0.13083,19.0065,38.013,<LLOQ,0.8,,Pass
PLT-005,BATCH-01,2026-01-17,Analyst_B,ELISA_Reader_01,95,H11,H,11,SMP-0180,Unknown,1,1,,67.0011,0.39843,68.9417,68.9417,Quantifiable,2.16,,Pass
PLT-005,BATCH-01,2026-01-17,Analyst_B,ELISA_Reader_01,96,H12,H,12,SMP-0180,Unknown,2,1,,67.0011,0.38741,66.8675,66.8675,Quantifiable,2.16,,Pass
PLT-006,BATCH-02,2026-01-20,Analyst_C,ELISA_Reader_02,1,A1,A,1,STD_2000,Standard,1,1,2000.0,2000.0,2.27681,2230.4316,2230.4316,N/A,17.44,99.28,Pass
PLT-006,BATCH-02,2026-01-20,Analyst_C,ELISA_Reader_02,2,A2,A,2,STD_2000,Standard,2,1,2000.0,2000.0,2.21887,1740.6869,1740.6869,N/A,17.44,99.28,Pass
PLT-006,BATCH-02,2026-01-20,Analyst_C,ELISA_Reader_02,3,A3,A,3,BLANK,Blank,1,1,0.0,0.0,0.05224,1.1844,1.1844,N/A,52.65,,Pass
PLT-006,BATCH-02,2026-01-20,Analyst_C,ELISA_Reader_02,4,A4,A,4,BLANK,Blank,2,1,0.0,0.0,0.05636,2.5894,2.5894,N/A,52.65,,Pass
PLT-006,BATCH-02,2026-01-20,Analyst_C,ELISA_Reader_02,5,A5,A,5,SMP-0181,Unknown,1,1,,428.445,1.56084,446.4987,446.4987,Quantifiable,3.63,,Pass
PLT-006,BATCH-02,2026-01-20,Analyst_C,ELISA_Reader_02,6,A6,A,6,SMP-0181,Unknown,2,1,,428.445,1.52463,424.1461,424.1461,Quantifiable,3.63,,Pass
PLT-006,BATCH-02,2026-01-20,Analyst_C,ELISA_Reader_02,7,A7,A,7,SMP-0182,Unknown,1,1,,374.6094,1.41044,362.2788,362.2788,Quantifiable,0.07,,Pass
PLT-006,BATCH-02,2026-01-20,Analyst_C,ELISA_Reader_02,8,A8,A,8,SMP-0182,Unknown,2,1,,374.6094,1.41118,362.6423,362.6423,Quantifiable,0.07,,Pass
PLT-006,BATCH-02,2026-01-20,Analyst_C,ELISA_Reader_02,9,A9,A,9,SMP-0183,Unknown,1,5,,16.0903,0.05377,1.7398,8.6988,<LLOQ,49.26,,Review
PLT-006,BATCH-02,2026-01-20,Analyst_C,ELISA_Reader_02,10,A10,A,10,SMP-0183,Unknown,2,5,,16.0903,0.05971,3.5994,17.9972,<LLOQ,49.26,,Review
PLT-006,BATCH-02,2026-01-20,Analyst_C,ELISA_Reader_02,11,A11,A,11,SMP-0184,Unknown,1,2,,27.9323,0.09899,13.14,26.2799,<LLOQ,0.5,,Pass
PLT-006,BATCH-02,2026-01-20,Analyst_C,ELISA_Reader_02,12,A12,A,12,SMP-0184,Unknown,2,2,,27.9323,0.09942,13.2326,26.4652,<LLOQ,0.5,,Pass
PLT-006,BATCH-02,2026-01-20,Analyst_C,ELISA_Reader_02,13,B1,B,1,STD_1000,Standard,1,1,1000.0,1000.0,2.02885,1005.7718,1005.7718,N/A,0.58,100.17,Pass
PLT-006,BATCH-02,2026-01-20,Analyst_C,ELISA_Reader_02,14,B2,B,2,STD_1000,Standard,2,1,1000.0,1000.0,2.02526,997.5461,997.5461,N/A,0.58,100.17,Pass
PLT-006,BATCH-02,2026-01-20,Analyst_C,ELISA_Reader_02,15,B3,B,3,QC_Low,QC,1,1,50.0,50.0,0.28124,48.5386,48.5386,N/A,0.15,96.97,Pass
PLT-006,BATCH-02,2026-01-20,Analyst_C,ELISA_Reader_02,16,B4,B,4,QC_Low,QC,2,1,50.0,50.0,0.28069,48.4357,48.4357,N/A,0.15,96.97,Pass
PLT-006,BATCH-02,2026-01-20,Analyst_C,ELISA_Reader_02,17,B5,B,5,SMP-0185,Unknown,1,1,,2067.9897,2.24496,1931.225,1931.225,>ULOQ,17.09,,Pass
PLT-006,BATCH-02,2026-01-20,Analyst_C,ELISA_Reader_02,18,B6,B,6,SMP-0185,Unknown,2,1,,2067.9897,2.29601,2462.097,2462.097,>ULOQ,17.09,,Pass
PLT-006,BATCH-02,2026-01-20,Analyst_C,ELISA_Reader_02,19,B7,B,7,SMP-0186,Unknown,1,2,,1794.3855,1.99192,926.662,1853.3241,Quantifiable,2.76,,Pass
PLT-006,BATCH-02,2026-01-20,Analyst_C,ELISA_Reader_02,20,B8,B,8,SMP-0186,Unknown,2,2,,1794.3855,1.97348,891.1684,1782.3369,Quantifiable,2.76,,Pass
PLT-006,BATCH-02,2026-01-20,Analyst_C,ELISA_Reader_02,21,B9,B,9,SMP-0187,Unknown,1,1,,38.8907,0.22885,38.7578,38.7578,Quantifiable,1.9,,Pass
PLT-006,BATCH-02,2026-01-20,Analyst_C,ELISA_Reader_02,22,B10,B,10,SMP-0187,Unknown,2,1,,38.8907,0.22338,37.73,37.73,Quantifiable,1.9,,Pass
PLT-006,BATCH-02,2026-01-20,Analyst_C,ELISA_Reader_02,23,B11,B,11,SMP-0188,Unknown,1,1,,19.9585,0.12786,19.2168,19.2168,<LLOQ,4.26,,Pass
PLT-006,BATCH-02,2026-01-20,Analyst_C,ELISA_Reader_02,24,B12,B,12,SMP-0188,Unknown,2,1,,19.9585,0.13374,20.4097,20.4097,Quantifiable,4.26,,Pass
PLT-006,BATCH-02,2026-01-20,Analyst_C,ELISA_Reader_02,25,C1,C,1,STD_500,Standard,1,1,500.0,500.0,1.65083,509.3207,509.3207,N/A,1.72,100.64,Pass
PLT-006,BATCH-02,2026-01-20,Analyst_C,ELISA_Reader_02,26,C2,C,2,STD_500,Standard,2,1,500.0,500.0,1.6345,497.0544,497.0544,N/A,1.72,100.64,Pass
PLT-006,BATCH-02,2026-01-20,Analyst_C,ELISA_Reader_02,27,C3,C,3,QC_Mid,QC,1,1,300.0,300.0,1.27867,303.4586,303.4586,N/A,1.75,99.91,Pass
PLT-006,BATCH-02,2026-01-20,Analyst_C,ELISA_Reader_02,28,C4,C,4,QC_Mid,QC,2,1,300.0,300.0,1.26009,296.0215,296.0215,N/A,1.75,99.91,Pass
PLT-006,BATCH-02,2026-01-20,Analyst_C,ELISA_Reader_02,29,C5,C,5,SMP-0189,Unknown,1,10,,8.7624,0.05319,1.5347,15.3473,<LLOQ,33.74,,Review
PLT-006,BATCH-02,2026-01-20,Analyst_C,ELISA_Reader_02,30,C6,C,6,SMP-0189,Unknown,2,10,,8.7624,0.05606,2.4963,24.9635,<LLOQ,33.74,,Review
PLT-006,BATCH-02,2026-01-20,Analyst_C,ELISA_Reader_02,31,C7,C,7,SMP-0190,Unknown,1,5,,119.0467,0.15564,24.7691,123.8456,Quantifiable,11.56,,Pass
PLT-006,BATCH-02,2026-01-20,Analyst_C,ELISA_Reader_02,32,C8,C,8,SMP-0190,Unknown,2,5,,119.0467,0.1368,21.0272,105.1358,Quantifiable,11.56,,Pass
PLT-006,BATCH-02,2026-01-20,Analyst_C,ELISA_Reader_02,33,C9,C,9,SMP-0191,Unknown,1,2,,473.9574,1.09771,238.052,476.1041,Quantifiable,0.04,,Pass
PLT-006,BATCH-02,2026-01-20,Analyst_C,ELISA_Reader_02,34,C10,C,10,SMP-0191,Unknown,2,2,,473.9574,1.09811,238.1797,476.3593,Quantifiable,0.04,,Pass
PLT-006,BATCH-02,2026-01-20,Analyst_C,ELISA_Reader_02,35,C11,C,11,SMP-0192,Unknown,1,1,,101.0548,0.56271,102.7469,102.7469,Quantifiable,2.69,,Pass
PLT-006,BATCH-02,2026-01-20,Analyst_C,ELISA_Reader_02,36,C12,C,12,SMP-0192,Unknown,2,1,,101.0548,0.54385,98.9142,98.9142,Quantifiable,2.69,,Pass
PLT-006,BATCH-02,2026-01-20,Analyst_C,ELISA_Reader_02,37,D1,D,1,STD_250,Standard,1,1,250.0,250.0,1.1071,241.1016,241.1016,N/A,1.01,97.14,Pass
PLT-006,BATCH-02,2026-01-20,Analyst_C,ELISA_Reader_02,38,D2,D,2,STD_250,Standard,2,1,250.0,250.0,1.11768,244.581,244.581,N/A,1.01,97.14,Pass
PLT-006,BATCH-02,2026-01-20,Analyst_C,ELISA_Reader_02,39,D3,D,3,QC_High,QC,1,1,1200.0,1200.0,2.10014,1198.8499,1198.8499,N/A,7.51,94.87,Pass
PLT-006,BATCH-02,2026-01-20,Analyst_C,ELISA_Reader_02,40,D4,D,4,QC_High,QC,2,1,1200.0,1200.0,2.05824,1077.923,1077.923,N/A,7.51,94.87,Pass
PLT-006,BATCH-02,2026-01-20,Analyst_C,ELISA_Reader_02,41,D5,D,5,SMP-0193,Unknown,1,2,,38.3444,0.12916,19.4808,38.9616,<LLOQ,2.98,,Pass
PLT-006,BATCH-02,2026-01-20,Analyst_C,ELISA_Reader_02,42,D6,D,6,SMP-0193,Unknown,2,2,,38.3444,0.12522,18.6761,37.3522,<LLOQ,2.98,,Pass
PLT-006,BATCH-02,2026-01-20,Analyst_C,ELISA_Reader_02,43,D7,D,7,SMP-0194,Unknown,1,2,,1064.343,1.63053,494.1303,988.2606,Quantifiable,3.7,,Pass
PLT-006,BATCH-02,2026-01-20,Analyst_C,ELISA_Reader_02,44,D8,D,8,SMP-0194,Unknown,2,2,,1064.343,1.66549,520.7007,1041.4015,Quantifiable,3.7,,Pass
PLT-006,BATCH-02,2026-01-20,Analyst_C,ELISA_Reader_02,45,D9,D,9,SMP-0195,Unknown,1,2,,228.3561,0.61591,113.7925,227.585,Quantifiable,0.5,,Pass
PLT-006,BATCH-02,2026-01-20,Analyst_C,ELISA_Reader_02,46,D10,D,10,SMP-0195,Unknown,2,2,,228.3561,0.61972,114.5977,229.1954,Quantifiable,0.5,,Pass
PLT-006,BATCH-02,2026-01-20,Analyst_C,ELISA_Reader_02,47,D11,D,11,SMP-0196,Unknown,1,1,,2374.0433,2.26601,2118.928,2118.928,>ULOQ,8.49,,Pass
PLT-006,BATCH-02,2026-01-20,Analyst_C,ELISA_Reader_02,48,D12,D,12,SMP-0196,Unknown,2,1,,2374.0433,2.29042,2389.633,2389.633,>ULOQ,8.49,,Pass
PLT-006,BATCH-02,2026-01-20,Analyst_C,ELISA_Reader_02,49,E1,E,1,STD_125,Standard,1,1,125.0,125.0,0.67025,125.4634,125.4634,N/A,2.73,98.47,Pass
PLT-006,BATCH-02,2026-01-20,Analyst_C,ELISA_Reader_02,50,E2,E,2,STD_125,Standard,2,1,125.0,125.0,0.64839,120.718,120.718,N/A,2.73,98.47,Pass
PLT-006,BATCH-02,2026-01-20,Analyst_C,ELISA_Reader_02,51,E3,E,3,SMP-0197,Unknown,1,1,,69.2483,0.37959,66.9331,66.9331,Quantifiable,1.2,,Pass
PLT-006,BATCH-02,2026-01-20,Analyst_C,ELISA_Reader_02,52,E4,E,4,SMP-0197,Unknown,2,1,,69.2483,0.38564,68.0766,68.0766,Quantifiable,1.2,,Pass
PLT-006,BATCH-02,2026-01-20,Analyst_C,ELISA_Reader_02,53,E5,E,5,SMP-0198,Unknown,1,5,,2426.6519,1.61988,486.4189,2432.0945,Quantifiable,0.25,,Pass
PLT-006,BATCH-02,2026-01-20,Analyst_C,ELISA_Reader_02,54,E6,E,6,SMP-0198,Unknown,2,5,,2426.6519,1.62226,488.126,2440.6301,Quantifiable,0.25,,Pass
PLT-006,BATCH-02,2026-01-20,Analyst_C,ELISA_Reader_02,55,E7,E,7,SMP-0199,Unknown,1,5,,2230.991,1.5516,440.652,2203.2601,Quantifiable,1.89,,Pass
PLT-006,BATCH-02,2026-01-20,Analyst_C,ELISA_Reader_02,56,E8,E,8,SMP-0199,Unknown,2,5,,2230.991,1.57026,452.5618,2262.8091,Quantifiable,1.89,,Pass
PLT-006,BATCH-02,2026-01-20,Analyst_C,ELISA_Reader_02,57,E9,E,9,SMP-0200,Unknown,1,1,,324.5812,1.32363,322.2702,322.2702,Quantifiable,2.03,,Pass
PLT-006,BATCH-02,2026-01-20,Analyst_C,ELISA_Reader_02,58,E10,E,10,SMP-0200,Unknown,2,1,,324.5812,1.34507,331.6726,331.6726,Quantifiable,2.03,,Pass
PLT-006,BATCH-02,2026-01-20,Analyst_C,ELISA_Reader_02,59,E11,E,11,SMP-0201,Unknown,1,1,,28.9201,0.1696,27.4898,27.4898,Quantifiable,5.72,,Pass
PLT-006,BATCH-02,2026-01-20,Analyst_C,ELISA_Reader_02,60,E12,E,12,SMP-0201,Unknown,2,1,,28.9201,0.18161,29.8066,29.8066,Quantifiable,5.72,,Pass
PLT-006,BATCH-02,2026-01-20,Analyst_C,ELISA_Reader_02,61,F1,F,1,STD_62.5,Standard,1,1,62.5,62.5,0.3559,62.4747,62.4747,N/A,1.68,101.16,Pass
PLT-006,BATCH-02,2026-01-20,Analyst_C,ELISA_Reader_02,62,F2,F,2,STD_62.5,Standard,2,1,62.5,62.5,0.36387,63.9725,63.9725,N/A,1.68,101.16,Pass
PLT-006,BATCH-02,2026-01-20,Analyst_C,ELISA_Reader_02,63,F3,F,3,SMP-0202,Unknown,1,2,,59.3541,0.17319,28.1852,56.3704,Quantifiable,0.23,,Pass
PLT-006,BATCH-02,2026-01-20,Analyst_C,ELISA_Reader_02,64,F4,F,4,SMP-0202,Unknown,2,2,,59.3541,0.17272,28.0948,56.1896,Quantifiable,0.23,,Pass
PLT-006,BATCH-02,2026-01-20,Analyst_C,ELISA_Reader_02,65,F5,F,5,SMP-0203,Unknown,1,2,,173.3898,0.47462,85.1599,170.3197,Quantifiable,2.23,,Pass
PLT-006,BATCH-02,2026-01-20,Analyst_C,ELISA_Reader_02,66,F6,F,6,SMP-0203,Unknown,2,2,,173.3898,0.48857,87.8937,175.7873,Quantifiable,2.23,,Pass
PLT-006,BATCH-02,2026-01-20,Analyst_C,ELISA_Reader_02,67,F7,F,7,SMP-0204,Unknown,1,1,,337.761,1.3645,340.4525,340.4525,Quantifiable,0.89,,Pass
PLT-006,BATCH-02,2026-01-20,Analyst_C,ELISA_Reader_02,68,F8,F,8,SMP-0204,Unknown,2,1,,337.761,1.35513,336.188,336.188,Quantifiable,0.89,,Pass
PLT-006,BATCH-02,2026-01-20,Analyst_C,ELISA_Reader_02,69,F9,F,9,SMP-0205,Unknown,1,1,,912.4821,2.03644,1023.5501,1023.5501,Quantifiable,9.75,,Pass
PLT-006,BATCH-02,2026-01-20,Analyst_C,ELISA_Reader_02,70,F10,F,10,SMP-0205,Unknown,2,1,,912.4821,1.97365,891.4795,891.4795,Quantifiable,9.75,,Pass
PLT-006,BATCH-02,2026-01-20,Analyst_C,ELISA_Reader_02,71,F11,F,11,SMP-0206,Unknown,1,2,,45.18,0.13843,21.3537,42.7074,Quantifiable,2.71,,Pass
PLT-006,BATCH-02,2026-01-20,Analyst_C,ELISA_Reader_02,72,F12,F,12,SMP-0206,Unknown,2,2,,45.18,0.1426,22.1895,44.379,Quantifiable,2.71,,Pass
PLT-006,BATCH-02,2026-01-20,Analyst_C,ELISA_Reader_02,73,G1,G,1,STD_31.25,Standard,1,1,31.25,31.25,0.19378,32.1334,32.1334,N/A,4.42,99.71,Pass
PLT-006,BATCH-02,2026-01-20,Analyst_C,ELISA_Reader_02,74,G2,G,2,STD_31.25,Standard,2,1,31.25,31.25,0.1836,30.1875,30.1875,N/A,4.42,99.71,Pass
PLT-006,BATCH-02,2026-01-20,Analyst_C,ELISA_Reader_02,75,G3,G,3,SMP-0207,Unknown,1,10,,78.6761,0.07549,7.7462,77.4625,<LLOQ,3.04,,Pass
PLT-006,BATCH-02,2026-01-20,Analyst_C,ELISA_Reader_02,76,G4,G,4,SMP-0207,Unknown,2,10,,78.6761,0.07416,7.4201,74.2006,<LLOQ,3.04,,Pass
PLT-006,BATCH-02,2026-01-20,Analyst_C,ELISA_Reader_02,77,G5,G,5,SMP-0208,Unknown,1,1,,19.3455,0.13448,20.5597,20.5597,Quantifiable,5.41,,Pass
PLT-006,BATCH-02,2026-01-20,Analyst_C,ELISA_Reader_02,78,G6,G,6,SMP-0208,Unknown,2,1,,19.3455,0.12701,19.0436,19.0436,<LLOQ,5.41,,Pass
PLT-006,BATCH-02,2026-01-20,Analyst_C,ELISA_Reader_02,79,G7,G,7,SMP-0209,Unknown,1,1,,2541.5063,2.28773,2356.3619,2356.3619,>ULOQ,15.91,,Pass
PLT-006,BATCH-02,2026-01-20,Analyst_C,ELISA_Reader_02,80,G8,G,8,SMP-0209,Unknown,2,1,,2541.5063,2.32644,2953.9206,2953.9206,>ULOQ,15.91,,Pass
PLT-006,BATCH-02,2026-01-20,Analyst_C,ELISA_Reader_02,81,G9,G,9,SMP-0210,Unknown,1,1,,264.6716,1.18236,266.8113,266.8113,Quantifiable,0.87,,Pass
PLT-006,BATCH-02,2026-01-20,Analyst_C,ELISA_Reader_02,82,G10,G,10,SMP-0210,Unknown,2,1,,264.6716,1.17316,263.5437,263.5437,Quantifiable,0.87,,Pass
PLT-006,BATCH-02,2026-01-20,Analyst_C,ELISA_Reader_02,83,G11,G,11,SMP-0211,Unknown,1,2,,8.7805,0.06562,5.2398,10.4796,<LLOQ,6.81,,Pass
PLT-006,BATCH-02,2026-01-20,Analyst_C,ELISA_Reader_02,84,G12,G,12,SMP-0211,Unknown,2,2,,8.7805,0.06383,4.7581,9.5163,<LLOQ,6.81,,Pass
PLT-006,BATCH-02,2026-01-20,Analyst_C,ELISA_Reader_02,85,H1,H,1,STD_15.625,Standard,1,1,15.625,15.625,0.10617,14.6926,14.6926,N/A,8.16,88.9,Pass
PLT-006,BATCH-02,2026-01-20,Analyst_C,ELISA_Reader_02,86,H2,H,2,STD_15.625,Standard,2,1,15.625,15.625,0.09876,13.0893,13.0893,N/A,8.16,88.9,Pass
PLT-006,BATCH-02,2026-01-20,Analyst_C,ELISA_Reader_02,87,H3,H,3,SMP-0212,Unknown,1,1,,514.094,1.65269,510.7414,510.7414,Quantifiable,3.7,,Pass
PLT-006,BATCH-02,2026-01-20,Analyst_C,ELISA_Reader_02,88,H4,H,4,SMP-0212,Unknown,2,1,,514.094,1.68717,538.2057,538.2057,Quantifiable,3.7,,Pass
PLT-006,BATCH-02,2026-01-20,Analyst_C,ELISA_Reader_02,89,H5,H,5,SMP-0213,Unknown,1,5,,738.5734,0.76688,147.3593,736.7963,Quantifiable,0.85,,Pass
PLT-006,BATCH-02,2026-01-20,Analyst_C,ELISA_Reader_02,90,H6,H,6,SMP-0213,Unknown,2,5,,738.5734,0.75937,145.5985,727.9923,Quantifiable,0.85,,Pass
PLT-006,BATCH-02,2026-01-20,Analyst_C,ELISA_Reader_02,91,H7,H,7,SMP-0214,Unknown,1,1,,14.0684,0.10927,15.3532,15.3532,<LLOQ,0.58,,Pass
PLT-006,BATCH-02,2026-01-20,Analyst_C,ELISA_Reader_02,92,H8,H,8,SMP-0214,Unknown,2,1,,14.0684,0.10868,15.2279,15.2279,<LLOQ,0.58,,Pass
PLT-006,BATCH-02,2026-01-20,Analyst_C,ELISA_Reader_02,93,H9,H,9,SMP-0215,Unknown,1,2,,402.0148,0.96167,197.1938,394.3877,Quantifiable,0.24,,Pass
PLT-006,BATCH-02,2026-01-20,Analyst_C,ELISA_Reader_02,94,H10,H,10,SMP-0215,Unknown,2,2,,402.0148,0.96402,197.8508,395.7017,Quantifiable,0.24,,Pass
PLT-006,BATCH-02,2026-01-20,Analyst_C,ELISA_Reader_02,95,H11,H,11,SMP-0216,Unknown,1,1,,81.7033,0.46511,83.3049,83.3049,Quantifiable,1.9,,Pass
PLT-006,BATCH-02,2026-01-20,Analyst_C,ELISA_Reader_02,96,H12,H,12,SMP-0216,Unknown,2,1,,81.7033,0.45375,81.1004,81.1004,Quantifiable,1.9,,Pass
PLT-007,BATCH-02,2026-01-23,Analyst_A,ELISA_Reader_02,1,A1,A,1,STD_2000,Standard,1,1,2000.0,2000.0,2.35799,4425.4661,4425.4661,N/A,11.2,240.3,Review
PLT-007,BATCH-02,2026-01-23,Analyst_A,ELISA_Reader_02,2,A2,A,2,STD_2000,Standard,2,1,2000.0,2000.0,2.37181,5186.6522,5186.6522,N/A,11.2,240.3,Review
PLT-007,BATCH-02,2026-01-23,Analyst_A,ELISA_Reader_02,3,A3,A,3,BLANK,Blank,1,1,0.0,0.0,0.17355,27.8002,27.8002,N/A,2.46,,Fail
PLT-007,BATCH-02,2026-01-23,Analyst_A,ELISA_Reader_02,4,A4,A,4,BLANK,Blank,2,1,0.0,0.0,0.17872,28.7826,28.7826,N/A,2.46,,Fail
PLT-007,BATCH-02,2026-01-23,Analyst_A,ELISA_Reader_02,5,A5,A,5,SMP-0217,Unknown,1,5,,282.3644,0.44594,78.7982,393.991,Quantifiable,2.37,,Pass
PLT-007,BATCH-02,2026-01-23,Analyst_A,ELISA_Reader_02,6,A6,A,6,SMP-0217,Unknown,2,5,,282.3644,0.45986,81.4879,407.4394,Quantifiable,2.37,,Pass
PLT-007,BATCH-02,2026-01-23,Analyst_A,ELISA_Reader_02,7,A7,A,7,SMP-0218,Unknown,1,10,,117.3073,0.22058,36.6469,366.469,Quantifiable,2.19,,Pass
PLT-007,BATCH-02,2026-01-23,Analyst_A,ELISA_Reader_02,8,A8,A,8,SMP-0218,Unknown,2,10,,117.3073,0.21458,35.5287,355.2873,Quantifiable,2.19,,Pass
PLT-007,BATCH-02,2026-01-23,Analyst_A,ELISA_Reader_02,9,A9,A,9,SMP-0219,Unknown,1,2,,232.1987,0.76389,146.0126,292.0252,Quantifiable,1.33,,Pass
PLT-007,BATCH-02,2026-01-23,Analyst_A,ELISA_Reader_02,10,A10,A,10,SMP-0219,Unknown,2,2,,232.1987,0.7523,143.2917,286.5835,Quantifiable,1.33,,Pass
PLT-007,BATCH-02,2026-01-23,Analyst_A,ELISA_Reader_02,11,A11,A,11,SMP-0220,Unknown,1,1,,2209.368,2.36817,4959.8876,4959.8876,>ULOQ,44.6,,Review
PLT-007,BATCH-02,2026-01-23,Analyst_A,ELISA_Reader_02,12,A12,A,12,SMP-0220,Unknown,2,1,,2209.368,2.4062,9529.3565,9529.3565,>ULOQ,44.6,,Review
PLT-007,BATCH-02,2026-01-23,Analyst_A,ELISA_Reader_02,13,B1,B,1,STD_1000,Standard,1,1,1000.0,1000.0,2.10713,1276.1181,1276.1181,N/A,5.05,132.34,Review
PLT-007,BATCH-02,2026-01-23,Analyst_A,ELISA_Reader_02,14,B2,B,2,STD_1000,Standard,2,1,1000.0,1000.0,2.13149,1370.6049,1370.6049,N/A,5.05,132.34,Review
PLT-007,BATCH-02,2026-01-23,Analyst_A,ELISA_Reader_02,15,B3,B,3,QC_Low,QC,1,1,50.0,50.0,0.41139,72.1876,72.1876,N/A,1.06,145.47,Fail
PLT-007,BATCH-02,2026-01-23,Analyst_A,ELISA_Reader_02,16,B4,B,4,QC_Low,QC,2,1,50.0,50.0,0.41713,73.2798,73.2798,N/A,1.06,145.47,Fail
PLT-007,BATCH-02,2026-01-23,Analyst_A,ELISA_Reader_02,17,B5,B,5,SMP-0221,Unknown,1,2,,50.498,0.28869,49.2616,98.5232,Quantifiable,2.44,,Pass
PLT-007,BATCH-02,2026-01-23,Analyst_A,ELISA_Reader_02,18,B6,B,6,SMP-0221,Unknown,2,2,,50.498,0.27966,47.5935,95.187,Quantifiable,2.44,,Pass
PLT-007,BATCH-02,2026-01-23,Analyst_A,ELISA_Reader_02,19,B7,B,7,SMP-0222,Unknown,1,1,,29.7469,0.30823,52.8782,52.8782,Quantifiable,0.62,,Pass
PLT-007,BATCH-02,2026-01-23,Analyst_A,ELISA_Reader_02,20,B8,B,8,SMP-0222,Unknown,2,1,,29.7469,0.30573,52.4156,52.4156,Quantifiable,0.62,,Pass
PLT-007,BATCH-02,2026-01-23,Analyst_A,ELISA_Reader_02,21,B9,B,9,SMP-0223,Unknown,1,1,,117.4993,0.74689,142.03,142.03,Quantifiable,0.33,,Pass
PLT-007,BATCH-02,2026-01-23,Analyst_A,ELISA_Reader_02,22,B10,B,10,SMP-0223,Unknown,2,1,,117.4993,0.74408,141.3773,141.3773,Quantifiable,0.33,,Pass
PLT-007,BATCH-02,2026-01-23,Analyst_A,ELISA_Reader_02,23,B11,B,11,SMP-0224,Unknown,1,2,,18.2962,0.20943,34.5663,69.1326,Quantifiable,4.3,,Pass
PLT-007,BATCH-02,2026-01-23,Analyst_A,ELISA_Reader_02,24,B12,B,12,SMP-0224,Unknown,2,2,,18.2962,0.19853,32.5244,65.0488,Quantifiable,4.3,,Pass
PLT-007,BATCH-02,2026-01-23,Analyst_A,ELISA_Reader_02,25,C1,C,1,STD_500,Standard,1,1,500.0,500.0,1.77717,632.8163,632.8163,N/A,2.55,124.32,Pass
PLT-007,BATCH-02,2026-01-23,Analyst_A,ELISA_Reader_02,26,C2,C,2,STD_500,Standard,2,1,500.0,500.0,1.75566,610.4068,610.4068,N/A,2.55,124.32,Pass
PLT-007,BATCH-02,2026-01-23,Analyst_A,ELISA_Reader_02,27,C3,C,3,QC_Mid,QC,1,1,300.0,300.0,1.40469,362.1193,362.1193,N/A,2.7,118.44,Pass
PLT-007,BATCH-02,2026-01-23,Analyst_A,ELISA_Reader_02,28,C4,C,4,QC_Mid,QC,2,1,300.0,300.0,1.37691,348.5374,348.5374,N/A,2.7,118.44,Pass
PLT-007,BATCH-02,2026-01-23,Analyst_A,ELISA_Reader_02,29,C5,C,5,SMP-0225,Unknown,1,10,,604.5851,0.48028,85.4654,854.6538,Quantifiable,0.76,,Pass
PLT-007,BATCH-02,2026-01-23,Analyst_A,ELISA_Reader_02,30,C6,C,6,SMP-0225,Unknown,2,10,,604.5851,0.4756,84.5507,845.5067,Quantifiable,0.76,,Pass
PLT-007,BATCH-02,2026-01-23,Analyst_A,ELISA_Reader_02,31,C7,C,7,SMP-0226,Unknown,1,1,,2522.6187,2.40296,8795.0367,8795.0367,>ULOQ,11.25,,Pass
PLT-007,BATCH-02,2026-01-23,Analyst_A,ELISA_Reader_02,32,C8,C,8,SMP-0226,Unknown,2,1,,2522.6187,2.39551,7498.9413,7498.9413,>ULOQ,11.25,,Pass
PLT-007,BATCH-02,2026-01-23,Analyst_A,ELISA_Reader_02,33,C9,C,9,SMP-0227,Unknown,1,5,,302.2036,0.48057,85.522,427.61,Quantifiable,1.37,,Pass
PLT-007,BATCH-02,2026-01-23,Analyst_A,ELISA_Reader_02,34,C10,C,10,SMP-0227,Unknown,2,5,,302.2036,0.47215,83.877,419.3851,Quantifiable,1.37,,Pass
PLT-007,BATCH-02,2026-01-23,Analyst_A,ELISA_Reader_02,35,C11,C,11,SMP-0228,Unknown,1,1,,124.9509,0.80039,154.7518,154.7518,Quantifiable,0.48,,Pass
PLT-007,BATCH-02,2026-01-23,Analyst_A,ELISA_Reader_02,36,C12,C,12,SMP-0228,Unknown,2,1,,124.9509,0.80471,155.805,155.805,Quantifiable,0.48,,Pass
PLT-007,BATCH-02,2026-01-23,Analyst_A,ELISA_Reader_02,37,D1,D,1,STD_250,Standard,1,1,250.0,250.0,1.26336,298.6121,298.6121,N/A,1.31,120.56,Pass
PLT-007,BATCH-02,2026-01-23,Analyst_A,ELISA_Reader_02,38,D2,D,2,STD_250,Standard,2,1,250.0,250.0,1.27698,304.1793,304.1793,N/A,1.31,120.56,Pass
PLT-007,BATCH-02,2026-01-23,Analyst_A,ELISA_Reader_02,39,D3,D,3,QC_High,QC,1,1,1200.0,1200.0,2.22469,1904.6237,1904.6237,N/A,7.33,150.9,Fail
PLT-007,BATCH-02,2026-01-23,Analyst_A,ELISA_Reader_02,40,D4,D,4,QC_High,QC,2,1,1200.0,1200.0,2.19848,1717.0008,1717.0008,N/A,7.33,150.9,Fail
PLT-007,BATCH-02,2026-01-23,Analyst_A,ELISA_Reader_02,41,D5,D,5,SMP-0229,Unknown,1,2,,47.3,0.27383,46.5151,93.0302,Quantifiable,0.84,,Pass
PLT-007,BATCH-02,2026-01-23,Analyst_A,ELISA_Reader_02,42,D6,D,6,SMP-0229,Unknown,2,2,,47.3,0.27084,45.9632,91.9264,Quantifiable,0.84,,Pass
PLT-007,BATCH-02,2026-01-23,Analyst_A,ELISA_Reader_02,43,D7,D,7,SMP-0230,Unknown,1,2,,86.5089,0.37599,65.5021,131.0041,Quantifiable,0.95,,Pass
PLT-007,BATCH-02,2026-01-23,Analyst_A,ELISA_Reader_02,44,D8,D,8,SMP-0230,Unknown,2,2,,86.5089,0.38071,66.3883,132.7766,Quantifiable,0.95,,Pass
PLT-007,BATCH-02,2026-01-23,Analyst_A,ELISA_Reader_02,45,D9,D,9,SMP-0231,Unknown,1,2,,656.0685,1.45385,387.7053,775.4106,Quantifiable,1.85,,Pass
PLT-007,BATCH-02,2026-01-23,Analyst_A,ELISA_Reader_02,46,D10,D,10,SMP-0231,Unknown,2,2,,656.0685,1.47255,398.004,796.0079,Quantifiable,1.85,,Pass
PLT-007,BATCH-02,2026-01-23,Analyst_A,ELISA_Reader_02,47,D11,D,11,SMP-0232,Unknown,1,2,,58.6403,0.3042,52.1321,104.2641,Quantifiable,1.36,,Pass
PLT-007,BATCH-02,2026-01-23,Analyst_A,ELISA_Reader_02,48,D12,D,12,SMP-0232,Unknown,2,2,,58.6403,0.30967,53.1452,106.2904,Quantifiable,1.36,,Pass
PLT-007,BATCH-02,2026-01-23,Analyst_A,ELISA_Reader_02,49,E1,E,1,STD_125,Standard,1,1,125.0,125.0,0.79107,152.496,152.496,N/A,0.89,122.77,Pass
PLT-007,BATCH-02,2026-01-23,Analyst_A,ELISA_Reader_02,50,E2,E,2,STD_125,Standard,2,1,125.0,125.0,0.79903,154.4224,154.4224,N/A,0.89,122.77,Pass
PLT-007,BATCH-02,2026-01-23,Analyst_A,ELISA_Reader_02,51,E3,E,3,SMP-0233,Unknown,1,1,,1849.7207,2.33688,3632.4952,3632.4952,>ULOQ,20.61,,Review
PLT-007,BATCH-02,2026-01-23,Analyst_A,ELISA_Reader_02,52,E4,E,4,SMP-0233,Unknown,2,1,,1849.7207,2.36666,4871.8424,4871.8424,>ULOQ,20.61,,Review
PLT-007,BATCH-02,2026-01-23,Analyst_A,ELISA_Reader_02,53,E5,E,5,SMP-0234,Unknown,1,10,,545.9931,0.4437,78.3673,783.6733,Quantifiable,0.79,,Pass
PLT-007,BATCH-02,2026-01-23,Analyst_A,ELISA_Reader_02,54,E6,E,6,SMP-0234,Unknown,2,10,,545.9931,0.44825,79.2427,792.4274,Quantifiable,0.79,,Pass
PLT-007,BATCH-02,2026-01-23,Analyst_A,ELISA_Reader_02,55,E7,E,7,SMP-0235,Unknown,1,1,,419.9347,1.61396,488.4666,488.4666,Quantifiable,5.45,,Pass
PLT-007,BATCH-02,2026-01-23,Analyst_A,ELISA_Reader_02,56,E8,E,8,SMP-0235,Unknown,2,1,,419.9347,1.6646,527.6203,527.6203,Quantifiable,5.45,,Pass
PLT-007,BATCH-02,2026-01-23,Analyst_A,ELISA_Reader_02,57,E9,E,9,SMP-0236,Unknown,1,1,,789.1404,2.02763,1038.3143,1038.3143,Quantifiable,3.0,,Pass
PLT-007,BATCH-02,2026-01-23,Analyst_A,ELISA_Reader_02,58,E10,E,10,SMP-0236,Unknown,2,1,,789.1404,2.0095,995.1638,995.1638,Quantifiable,3.0,,Pass
PLT-007,BATCH-02,2026-01-23,Analyst_A,ELISA_Reader_02,59,E11,E,11,SMP-0237,Unknown,1,5,,50.957,0.21522,35.6472,178.2358,Quantifiable,0.72,,Pass
PLT-007,BATCH-02,2026-01-23,Analyst_A,ELISA_Reader_02,60,E12,E,12,SMP-0237,Unknown,2,5,,50.957,0.21718,36.0137,180.0687,Quantifiable,0.72,,Pass
PLT-007,BATCH-02,2026-01-23,Analyst_A,ELISA_Reader_02,61,F1,F,1,STD_62.5,Standard,1,1,62.5,62.5,0.49947,89.2389,89.2389,N/A,1.98,140.81,Review
PLT-007,BATCH-02,2026-01-23,Analyst_A,ELISA_Reader_02,62,F2,F,2,STD_62.5,Standard,2,1,62.5,62.5,0.48696,86.774,86.774,N/A,1.98,140.81,Review
PLT-007,BATCH-02,2026-01-23,Analyst_A,ELISA_Reader_02,63,F3,F,3,SMP-0238,Unknown,1,2,,931.1024,1.69499,553.299,1106.598,Quantifiable,0.23,,Pass
PLT-007,BATCH-02,2026-01-23,Analyst_A,ELISA_Reader_02,64,F4,F,4,SMP-0238,Unknown,2,2,,931.1024,1.69706,555.1114,1110.2228,Quantifiable,0.23,,Pass
PLT-007,BATCH-02,2026-01-23,Analyst_A,ELISA_Reader_02,65,F5,F,5,SMP-0239,Unknown,1,1,,72.544,0.54171,97.6776,97.6776,Quantifiable,0.64,,Pass
PLT-007,BATCH-02,2026-01-23,Analyst_A,ELISA_Reader_02,66,F6,F,6,SMP-0239,Unknown,2,1,,72.544,0.53738,96.8032,96.8032,Quantifiable,0.64,,Pass
PLT-007,BATCH-02,2026-01-23,Analyst_A,ELISA_Reader_02,67,F7,F,7,SMP-0240,Unknown,1,5,,65.7058,0.23011,38.4199,192.0994,Quantifiable,2.14,,Pass
PLT-007,BATCH-02,2026-01-23,Analyst_A,ELISA_Reader_02,68,F8,F,8,SMP-0240,Unknown,2,5,,65.7058,0.22396,37.2753,186.3763,Quantifiable,2.14,,Pass
PLT-007,BATCH-02,2026-01-23,Analyst_A,ELISA_Reader_02,69,F9,F,9,SMP-0241,Unknown,1,5,,37.3303,0.20243,33.2562,166.281,Quantifiable,2.81,,Pass
PLT-007,BATCH-02,2026-01-23,Analyst_A,ELISA_Reader_02,70,F10,F,10,SMP-0241,Unknown,2,5,,37.3303,0.19553,31.9598,159.7992,Quantifiable,2.81,,Pass
PLT-007,BATCH-02,2026-01-23,Analyst_A,ELISA_Reader_02,71,F11,F,11,SMP-0242,Unknown,1,5,,954.9723,1.06049,226.4036,1132.0179,Quantifiable,1.79,,Pass
PLT-007,BATCH-02,2026-01-23,Analyst_A,ELISA_Reader_02,72,F12,F,12,SMP-0242,Unknown,2,5,,954.9723,1.07875,232.2001,1161.0007,Quantifiable,1.79,,Pass
PLT-007,BATCH-02,2026-01-23,Analyst_A,ELISA_Reader_02,73,G1,G,1,STD_31.25,Standard,1,1,31.25,31.25,0.31461,54.0597,54.0597,N/A,0.21,173.25,Review
PLT-007,BATCH-02,2026-01-23,Analyst_A,ELISA_Reader_02,74,G2,G,2,STD_31.25,Standard,2,1,31.25,31.25,0.3155,54.2242,54.2242,N/A,0.21,173.25,Review
PLT-007,BATCH-02,2026-01-23,Analyst_A,ELISA_Reader_02,75,G3,G,3,SMP-0243,Unknown,1,1,,295.8236,1.37866,349.3764,349.3764,Quantifiable,2.91,,Pass
PLT-007,BATCH-02,2026-01-23,Analyst_A,ELISA_Reader_02,76,G4,G,4,SMP-0243,Unknown,2,1,,295.8236,1.40854,364.0475,364.0475,Quantifiable,2.91,,Pass
PLT-007,BATCH-02,2026-01-23,Analyst_A,ELISA_Reader_02,77,G5,G,5,SMP-0244,Unknown,1,1,,8.0173,0.20047,32.8889,32.8889,Quantifiable,2.25,,Pass
PLT-007,BATCH-02,2026-01-23,Analyst_A,ELISA_Reader_02,78,G6,G,6,SMP-0244,Unknown,2,1,,8.0173,0.19499,31.8586,31.8586,Quantifiable,2.25,,Pass
PLT-007,BATCH-02,2026-01-23,Analyst_A,ELISA_Reader_02,79,G7,G,7,SMP-0245,Unknown,1,2,,47.3829,0.28748,49.0393,98.0786,Quantifiable,1.53,,Pass
PLT-007,BATCH-02,2026-01-23,Analyst_A,ELISA_Reader_02,80,G8,G,8,SMP-0245,Unknown,2,2,,47.3829,0.2818,47.9886,95.9773,Quantifiable,1.53,,Pass
PLT-007,BATCH-02,2026-01-23,Analyst_A,ELISA_Reader_02,81,G9,G,9,SMP-0246,Unknown,1,1,,668.1496,1.93333,844.2155,844.2155,Quantifiable,5.28,,Pass
PLT-007,BATCH-02,2026-01-23,Analyst_A,ELISA_Reader_02,82,G10,G,10,SMP-0246,Unknown,2,1,,668.1496,1.96908,909.662,909.662,Quantifiable,5.28,,Pass
PLT-007,BATCH-02,2026-01-23,Analyst_A,ELISA_Reader_02,83,G11,G,11,SMP-0247,Unknown,1,1,,55.3663,0.4392,77.5007,77.5007,Quantifiable,1.6,,Pass
PLT-007,BATCH-02,2026-01-23,Analyst_A,ELISA_Reader_02,84,G12,G,12,SMP-0247,Unknown,2,1,,55.3663,0.44843,79.2773,79.2773,Quantifiable,1.6,,Pass
PLT-007,BATCH-02,2026-01-23,Analyst_A,ELISA_Reader_02,85,H1,H,1,STD_15.625,Standard,1,1,15.625,15.625,0.22833,38.0882,38.0882,N/A,3.67,250.26,Review
PLT-007,BATCH-02,2026-01-23,Analyst_A,ELISA_Reader_02,86,H2,H,2,STD_15.625,Standard,2,1,15.625,15.625,0.23927,40.119,40.119,N/A,3.67,250.26,Review
PLT-007,BATCH-02,2026-01-23,Analyst_A,ELISA_Reader_02,87,H3,H,3,SMP-0248,Unknown,1,1,,149.8792,0.90727,182.01,182.01,Quantifiable,0.03,,Pass
PLT-007,BATCH-02,2026-01-23,Analyst_A,ELISA_Reader_02,88,H4,H,4,SMP-0248,Unknown,2,1,,149.8792,0.907,181.9357,181.9357,Quantifiable,0.03,,Pass
PLT-007,BATCH-02,2026-01-23,Analyst_A,ELISA_Reader_02,89,H5,H,5,SMP-0249,Unknown,1,1,,31.2768,0.31444,54.0279,54.0279,Quantifiable,0.63,,Pass
PLT-007,BATCH-02,2026-01-23,Analyst_A,ELISA_Reader_02,90,H6,H,6,SMP-0249,Unknown,2,1,,31.2768,0.31183,53.5449,53.5449,Quantifiable,0.63,,Pass
PLT-007,BATCH-02,2026-01-23,Analyst_A,ELISA_Reader_02,91,H7,H,7,SMP-0250,Unknown,1,1,,910.9307,2.08208,1191.0273,1191.0273,Quantifiable,5.02,,Pass
PLT-007,BATCH-02,2026-01-23,Analyst_A,ELISA_Reader_02,92,H8,H,8,SMP-0250,Unknown,2,1,,910.9307,2.10783,1278.6445,1278.6445,Quantifiable,5.02,,Pass
PLT-007,BATCH-02,2026-01-23,Analyst_A,ELISA_Reader_02,93,H9,H,9,SMP-0251,Unknown,1,5,,73.5197,0.23734,39.7615,198.8076,Quantifiable,1.3,,Pass
PLT-007,BATCH-02,2026-01-23,Analyst_A,ELISA_Reader_02,94,H10,H,10,SMP-0251,Unknown,2,5,,73.5197,0.23343,39.0354,195.1769,Quantifiable,1.3,,Pass
PLT-007,BATCH-02,2026-01-23,Analyst_A,ELISA_Reader_02,95,H11,H,11,SMP-0252,Unknown,1,1,,454.8484,1.69782,555.7757,555.7757,Quantifiable,0.02,,Pass
PLT-007,BATCH-02,2026-01-23,Analyst_A,ELISA_Reader_02,96,H12,H,12,SMP-0252,Unknown,2,1,,454.8484,1.69768,555.6546,555.6546,Quantifiable,0.02,,Pass
PLT-008,BATCH-02,2026-01-26,Analyst_B,ELISA_Reader_01,1,A1,A,1,STD_2000,Standard,1,1,2000.0,2000.0,2.17396,1797.5922,1797.5922,N/A,5.33,93.4,Pass
PLT-008,BATCH-02,2026-01-26,Analyst_B,ELISA_Reader_01,2,A2,A,2,STD_2000,Standard,2,1,2000.0,2000.0,2.19297,1938.3258,1938.3258,N/A,5.33,93.4,Pass
PLT-008,BATCH-02,2026-01-26,Analyst_B,ELISA_Reader_01,3,A3,A,3,BLANK,Blank,1,1,0.0,0.0,0.05199,0.078,0.078,N/A,135.04,,Pass
PLT-008,BATCH-02,2026-01-26,Analyst_B,ELISA_Reader_01,4,A4,A,4,BLANK,Blank,2,1,0.0,0.0,0.04747,0.0018,0.0018,N/A,135.04,,Pass
PLT-008,BATCH-02,2026-01-26,Analyst_B,ELISA_Reader_01,5,A5,A,5,SMP-0253,Unknown,1,5,,196.1215,0.23107,38.795,193.9748,Quantifiable,1.27,,Pass
PLT-008,BATCH-02,2026-01-26,Analyst_B,ELISA_Reader_01,6,A6,A,6,SMP-0253,Unknown,2,5,,196.1215,0.22746,38.1022,190.5108,Quantifiable,1.27,,Pass
PLT-008,BATCH-02,2026-01-26,Analyst_B,ELISA_Reader_01,7,A7,A,7,SMP-0254,Unknown,1,5,,44.0131,0.08731,9.7659,48.8296,<LLOQ,1.57,,Pass
PLT-008,BATCH-02,2026-01-26,Analyst_B,ELISA_Reader_01,8,A8,A,8,SMP-0254,Unknown,2,5,,44.0131,0.08827,9.9856,49.9279,<LLOQ,1.57,,Pass
PLT-008,BATCH-02,2026-01-26,Analyst_B,ELISA_Reader_01,9,A9,A,9,SMP-0255,Unknown,1,1,,53.4741,0.30455,52.8615,52.8615,Quantifiable,1.43,,Pass
PLT-008,BATCH-02,2026-01-26,Analyst_B,ELISA_Reader_01,10,A10,A,10,SMP-0255,Unknown,2,1,,53.4741,0.31016,53.9383,53.9383,Quantifiable,1.43,,Pass
PLT-008,BATCH-02,2026-01-26,Analyst_B,ELISA_Reader_01,11,A11,A,11,SMP-0256,Unknown,1,1,,76.9322,0.43198,77.713,77.713,Quantifiable,1.65,,Pass
PLT-008,BATCH-02,2026-01-26,Analyst_B,ELISA_Reader_01,12,A12,A,12,SMP-0256,Unknown,2,1,,76.9322,0.42298,75.9206,75.9206,Quantifiable,1.65,,Pass
PLT-008,BATCH-02,2026-01-26,Analyst_B,ELISA_Reader_01,13,B1,B,1,STD_1000,Standard,1,1,1000.0,1000.0,1.96985,997.2192,997.2192,N/A,1.86,101.05,Pass
PLT-008,BATCH-02,2026-01-26,Analyst_B,ELISA_Reader_01,14,B2,B,2,STD_1000,Standard,2,1,1000.0,1000.0,1.98131,1023.8643,1023.8643,N/A,1.86,101.05,Pass
PLT-008,BATCH-02,2026-01-26,Analyst_B,ELISA_Reader_01,15,B3,B,3,QC_Low,QC,1,1,50.0,50.0,0.29731,51.4732,51.4732,N/A,5.04,99.4,Pass
PLT-008,BATCH-02,2026-01-26,Analyst_B,ELISA_Reader_01,16,B4,B,4,QC_Low,QC,2,1,50.0,50.0,0.27881,47.9315,47.9315,N/A,5.04,99.4,Pass
PLT-008,BATCH-02,2026-01-26,Analyst_B,ELISA_Reader_01,17,B5,B,5,SMP-0257,Unknown,1,1,,9.4608,0.07733,7.4227,7.4227,<LLOQ,6.06,,Pass
PLT-008,BATCH-02,2026-01-26,Analyst_B,ELISA_Reader_01,18,B6,B,6,SMP-0257,Unknown,2,1,,9.4608,0.08011,8.0873,8.0873,<LLOQ,6.06,,Pass
PLT-008,BATCH-02,2026-01-26,Analyst_B,ELISA_Reader_01,19,B7,B,7,SMP-0258,Unknown,1,2,,37.2971,0.12536,17.9892,35.9783,<LLOQ,2.79,,Pass
PLT-008,BATCH-02,2026-01-26,Analyst_B,ELISA_Reader_01,20,B8,B,8,SMP-0258,Unknown,2,2,,37.2971,0.12888,18.7136,37.4272,<LLOQ,2.79,,Pass
PLT-008,BATCH-02,2026-01-26,Analyst_B,ELISA_Reader_01,21,B9,B,9,SMP-0259,Unknown,1,5,,2013.1239,1.42059,390.7276,1953.6382,Quantifiable,3.72,,Pass
PLT-008,BATCH-02,2026-01-26,Analyst_B,ELISA_Reader_01,22,B10,B,10,SMP-0259,Unknown,2,5,,2013.1239,1.45737,411.8509,2059.2546,Quantifiable,3.72,,Pass
PLT-008,BATCH-02,2026-01-26,Analyst_B,ELISA_Reader_01,23,B11,B,11,SMP-0260,Unknown,1,2,,2473.1257,2.05507,1231.1642,2462.3284,Quantifiable,7.28,,Pass
PLT-008,BATCH-02,2026-01-26,Analyst_B,ELISA_Reader_01,24,B12,B,12,SMP-0260,Unknown,2,2,,2473.1257,2.09158,1364.7917,2729.5835,Quantifiable,7.28,,Pass
PLT-008,BATCH-02,2026-01-26,Analyst_B,ELISA_Reader_01,25,C1,C,1,STD_500,Standard,1,1,500.0,500.0,1.57594,490.5353,490.5353,N/A,0.63,97.67,Pass
PLT-008,BATCH-02,2026-01-26,Analyst_B,ELISA_Reader_01,26,C2,C,2,STD_500,Standard,2,1,500.0,500.0,1.57003,486.1664,486.1664,N/A,0.63,97.67,Pass
PLT-008,BATCH-02,2026-01-26,Analyst_B,ELISA_Reader_01,27,C3,C,3,QC_Mid,QC,1,1,300.0,300.0,1.23872,302.9156,302.9156,N/A,0.2,100.83,Pass
PLT-008,BATCH-02,2026-01-26,Analyst_B,ELISA_Reader_01,28,C4,C,4,QC_Mid,QC,2,1,300.0,300.0,1.23664,302.0405,302.0405,N/A,0.2,100.83,Pass
PLT-008,BATCH-02,2026-01-26,Analyst_B,ELISA_Reader_01,29,C5,C,5,SMP-0261,Unknown,1,1,,27.8391,0.1654,26.0567,26.0567,Quantifiable,10.44,,Pass
PLT-008,BATCH-02,2026-01-26,Analyst_B,ELISA_Reader_01,30,C6,C,6,SMP-0261,Unknown,2,1,,27.8391,0.18659,30.2094,30.2094,Quantifiable,10.44,,Pass
PLT-008,BATCH-02,2026-01-26,Analyst_B,ELISA_Reader_01,31,C7,C,7,SMP-0262,Unknown,1,2,,48.0493,0.14859,22.7137,45.4273,Quantifiable,4.96,,Pass
PLT-008,BATCH-02,2026-01-26,Analyst_B,ELISA_Reader_01,32,C8,C,8,SMP-0262,Unknown,2,2,,48.0493,0.15686,24.3648,48.7297,Quantifiable,4.96,,Pass
PLT-008,BATCH-02,2026-01-26,Analyst_B,ELISA_Reader_01,33,C9,C,9,SMP-0263,Unknown,1,2,,17.1863,0.08242,8.6326,17.2653,<LLOQ,2.63,,Pass
PLT-008,BATCH-02,2026-01-26,Analyst_B,ELISA_Reader_01,34,C10,C,10,SMP-0263,Unknown,2,2,,17.1863,0.08382,8.9597,17.9193,<LLOQ,2.63,,Pass
PLT-008,BATCH-02,2026-01-26,Analyst_B,ELISA_Reader_01,35,C11,C,11,SMP-0264,Unknown,1,1,,33.4374,0.19619,32.0753,32.0753,Quantifiable,4.39,,Pass
PLT-008,BATCH-02,2026-01-26,Analyst_B,ELISA_Reader_01,36,C12,C,12,SMP-0264,Unknown,2,1,,33.4374,0.20683,34.1328,34.1328,Quantifiable,4.39,,Pass
PLT-008,BATCH-02,2026-01-26,Analyst_B,ELISA_Reader_01,37,D1,D,1,STD_250,Standard,1,1,250.0,250.0,1.10143,250.195,250.195,N/A,0.31,99.86,Pass
PLT-008,BATCH-02,2026-01-26,Analyst_B,ELISA_Reader_01,38,D2,D,2,STD_250,Standard,2,1,250.0,250.0,1.0983,249.0987,249.0987,N/A,0.31,99.86,Pass
PLT-008,BATCH-02,2026-01-26,Analyst_B,ELISA_Reader_01,39,D3,D,3,QC_High,QC,1,1,1200.0,1200.0,2.04373,1194.4849,1194.4849,N/A,1.0,100.25,Pass
PLT-008,BATCH-02,2026-01-26,Analyst_B,ELISA_Reader_01,40,D4,D,4,QC_High,QC,2,1,1200.0,1200.0,2.04908,1211.5367,1211.5367,N/A,1.0,100.25,Pass
PLT-008,BATCH-02,2026-01-26,Analyst_B,ELISA_Reader_01,41,D5,D,5,SMP-0265,Unknown,1,10,,223.0547,0.14186,21.3593,213.5935,Quantifiable,0.58,,Pass
PLT-008,BATCH-02,2026-01-26,Analyst_B,ELISA_Reader_01,42,D6,D,6,SMP-0265,Unknown,2,10,,223.0547,0.14272,21.5339,215.3387,Quantifiable,0.58,,Pass
PLT-008,BATCH-02,2026-01-26,Analyst_B,ELISA_Reader_01,43,D7,D,7,SMP-0266,Unknown,1,1,,157.5544,0.7779,154.4637,154.4637,Quantifiable,0.42,,Pass
PLT-008,BATCH-02,2026-01-26,Analyst_B,ELISA_Reader_01,44,D8,D,8,SMP-0266,Unknown,2,1,,157.5544,0.78152,155.3761,155.3761,Quantifiable,0.42,,Pass
PLT-008,BATCH-02,2026-01-26,Analyst_B,ELISA_Reader_01,45,D9,D,9,SMP-0267,Unknown,1,2,,13.8888,0.07268,6.2819,12.5638,<LLOQ,8.32,,Pass
PLT-008,BATCH-02,2026-01-26,Analyst_B,ELISA_Reader_01,46,D10,D,10,SMP-0267,Unknown,2,2,,13.8888,0.06992,5.5841,11.1682,<LLOQ,8.32,,Pass
PLT-008,BATCH-02,2026-01-26,Analyst_B,ELISA_Reader_01,47,D11,D,11,SMP-0268,Unknown,1,1,,146.7194,0.74641,146.6498,146.6498,Quantifiable,0.27,,Pass
PLT-008,BATCH-02,2026-01-26,Analyst_B,ELISA_Reader_01,48,D12,D,12,SMP-0268,Unknown,2,1,,146.7194,0.74413,146.09,146.09,Quantifiable,0.27,,Pass
PLT-008,BATCH-02,2026-01-26,Analyst_B,ELISA_Reader_01,49,E1,E,1,STD_125,Standard,1,1,125.0,125.0,0.63731,121.0499,121.0499,N/A,4.15,99.77,Pass
PLT-008,BATCH-02,2026-01-26,Analyst_B,ELISA_Reader_01,50,E2,E,2,STD_125,Standard,2,1,125.0,125.0,0.66948,128.3772,128.3772,N/A,4.15,99.77,Pass
PLT-008,BATCH-02,2026-01-26,Analyst_B,ELISA_Reader_01,51,E3,E,3,SMP-0269,Unknown,1,1,,73.9167,0.40959,73.2666,73.2666,Quantifiable,2.23,,Pass
PLT-008,BATCH-02,2026-01-26,Analyst_B,ELISA_Reader_01,52,E4,E,4,SMP-0269,Unknown,2,1,,73.9167,0.39805,70.9921,70.9921,Quantifiable,2.23,,Pass
PLT-008,BATCH-02,2026-01-26,Analyst_B,ELISA_Reader_01,53,E5,E,5,SMP-0270,Unknown,1,2,,26.3602,0.10103,12.831,25.6621,<LLOQ,9.3,,Pass
PLT-008,BATCH-02,2026-01-26,Analyst_B,ELISA_Reader_01,54,E6,E,6,SMP-0270,Unknown,2,2,,26.3602,0.10941,14.638,29.2761,<LLOQ,9.3,,Pass
PLT-008,BATCH-02,2026-01-26,Analyst_B,ELISA_Reader_01,55,E7,E,7,SMP-0271,Unknown,1,5,,16.6712,0.06605,4.5763,22.8814,<LLOQ,78.27,,Review
PLT-008,BATCH-02,2026-01-26,Analyst_B,ELISA_Reader_01,56,E8,E,8,SMP-0271,Unknown,2,5,,16.6712,0.05499,1.3156,6.5779,<LLOQ,78.27,,Review
PLT-008,BATCH-02,2026-01-26,Analyst_B,ELISA_Reader_01,57,E9,E,9,SMP-0272,Unknown,1,1,,331.5896,1.2926,326.4464,326.4464,Quantifiable,1.6,,Pass
PLT-008,BATCH-02,2026-01-26,Analyst_B,ELISA_Reader_01,58,E10,E,10,SMP-0272,Unknown,2,1,,331.5896,1.27628,319.1271,319.1271,Quantifiable,1.6,,Pass
PLT-008,BATCH-02,2026-01-26,Analyst_B,ELISA_Reader_01,59,E11,E,11,SMP-0273,Unknown,1,1,,2577.8187,2.24604,2481.0493,2481.0493,>ULOQ,13.26,,Pass
PLT-008,BATCH-02,2026-01-26,Analyst_B,ELISA_Reader_01,60,E12,E,12,SMP-0273,Unknown,2,1,,2577.8187,2.27822,2994.2518,2994.2518,>ULOQ,13.26,,Pass
PLT-008,BATCH-02,2026-01-26,Analyst_B,ELISA_Reader_01,61,F1,F,1,STD_62.5,Standard,1,1,62.5,62.5,0.35973,63.5031,63.5031,N/A,2.49,99.85,Pass
PLT-008,BATCH-02,2026-01-26,Analyst_B,ELISA_Reader_01,62,F2,F,2,STD_62.5,Standard,2,1,62.5,62.5,0.34841,61.308,61.308,N/A,2.49,99.85,Pass
PLT-008,BATCH-02,2026-01-26,Analyst_B,ELISA_Reader_01,63,F3,F,3,SMP-0274,Unknown,1,1,,62.8882,0.36089,63.7294,63.7294,Quantifiable,1.65,,Pass
PLT-008,BATCH-02,2026-01-26,Analyst_B,ELISA_Reader_01,64,F4,F,4,SMP-0274,Unknown,2,1,,62.8882,0.35331,62.2574,62.2574,Quantifiable,1.65,,Pass
PLT-008,BATCH-02,2026-01-26,Analyst_B,ELISA_Reader_01,65,F5,F,5,SMP-0275,Unknown,1,2,,10.7739,0.06553,4.4376,8.8753,<LLOQ,32.44,,Review
PLT-008,BATCH-02,2026-01-26,Analyst_B,ELISA_Reader_01,66,F6,F,6,SMP-0275,Unknown,2,2,,10.7739,0.07591,7.0793,14.1585,<LLOQ,32.44,,Review
PLT-008,BATCH-02,2026-01-26,Analyst_B,ELISA_Reader_01,67,F7,F,7,SMP-0276,Unknown,1,1,,11.5282,0.09931,12.4532,12.4532,<LLOQ,8.67,,Pass
PLT-008,BATCH-02,2026-01-26,Analyst_B,ELISA_Reader_01,68,F8,F,8,SMP-0276,Unknown,2,1,,11.5282,0.09282,11.0142,11.0142,<LLOQ,8.67,,Pass
PLT-008,BATCH-02,2026-01-26,Analyst_B,ELISA_Reader_01,69,F9,F,9,SMP-0277,Unknown,1,10,,13.0255,0.05555,1.5055,15.0546,<LLOQ,20.42,,Review
PLT-008,BATCH-02,2026-01-26,Analyst_B,ELISA_Reader_01,70,F10,F,10,SMP-0277,Unknown,2,10,,13.0255,0.0571,2.0137,20.1372,<LLOQ,20.42,,Review
PLT-008,BATCH-02,2026-01-26,Analyst_B,ELISA_Reader_01,71,F11,F,11,SMP-0278,Unknown,1,1,,116.0496,0.61979,117.1323,117.1323,Quantifiable,1.64,,Pass
PLT-008,BATCH-02,2026-01-26,Analyst_B,ELISA_Reader_01,72,F12,F,12,SMP-0278,Unknown,2,1,,116.0496,0.60766,114.4454,114.4454,Quantifiable,1.64,,Pass
PLT-008,BATCH-02,2026-01-26,Analyst_B,ELISA_Reader_01,73,G1,G,1,STD_31.25,Standard,1,1,31.25,31.25,0.19492,31.8289,31.8289,N/A,1.47,100.8,Pass
PLT-008,BATCH-02,2026-01-26,Analyst_B,ELISA_Reader_01,74,G2,G,2,STD_31.25,Standard,2,1,31.25,31.25,0.19154,31.1725,31.1725,N/A,1.47,100.8,Pass
PLT-008,BATCH-02,2026-01-26,Analyst_B,ELISA_Reader_01,75,G3,G,3,SMP-0279,Unknown,1,2,,1620.8733,1.88314,829.2943,1658.5886,Quantifiable,3.03,,Pass
PLT-008,BATCH-02,2026-01-26,Analyst_B,ELISA_Reader_01,76,G4,G,4,SMP-0279,Unknown,2,2,,1620.8733,1.86133,794.4918,1588.9835,Quantifiable,3.03,,Pass
PLT-008,BATCH-02,2026-01-26,Analyst_B,ELISA_Reader_01,77,G5,G,5,SMP-0280,Unknown,1,2,,30.756,0.11606,16.0484,32.0968,<LLOQ,5.93,,Pass
PLT-008,BATCH-02,2026-01-26,Analyst_B,ELISA_Reader_01,78,G6,G,6,SMP-0280,Unknown,2,2,,30.756,0.10997,14.7577,29.5154,<LLOQ,5.93,,Pass
PLT-008,BATCH-02,2026-01-26,Analyst_B,ELISA_Reader_01,79,G7,G,7,SMP-0281,Unknown,1,1,,10.518,0.09263,10.9733,10.9733,<LLOQ,3.74,,Pass
PLT-008,BATCH-02,2026-01-26,Analyst_B,ELISA_Reader_01,80,G8,G,8,SMP-0281,Unknown,2,1,,10.518,0.0953,11.5691,11.5691,<LLOQ,3.74,,Pass
PLT-008,BATCH-02,2026-01-26,Analyst_B,ELISA_Reader_01,81,G9,G,9,SMP-0282,Unknown,1,5,,203.6151,0.23724,39.9786,199.893,Quantifiable,0.39,,Pass
PLT-008,BATCH-02,2026-01-26,Analyst_B,ELISA_Reader_01,82,G10,G,10,SMP-0282,Unknown,2,5,,203.6151,0.23839,40.1971,200.9855,Quantifiable,0.39,,Pass
PLT-008,BATCH-02,2026-01-26,Analyst_B,ELISA_Reader_01,83,G11,G,11,SMP-0283,Unknown,1,1,,11.6039,0.08637,9.5514,9.5514,<LLOQ,14.43,,Pass
PLT-008,BATCH-02,2026-01-26,Analyst_B,ELISA_Reader_01,84,G12,G,12,SMP-0283,Unknown,2,1,,11.6039,0.09599,11.7222,11.7222,<LLOQ,14.43,,Pass
PLT-008,BATCH-02,2026-01-26,Analyst_B,ELISA_Reader_01,85,H1,H,1,STD_15.625,Standard,1,1,15.625,15.625,0.11441,15.7008,15.7008,N/A,1.41,101.5,Pass
PLT-008,BATCH-02,2026-01-26,Analyst_B,ELISA_Reader_01,86,H2,H,2,STD_15.625,Standard,2,1,15.625,15.625,0.11591,16.018,16.018,N/A,1.41,101.5,Pass
PLT-008,BATCH-02,2026-01-26,Analyst_B,ELISA_Reader_01,87,H3,H,3,SMP-0284,Unknown,1,1,,45.6342,0.27156,46.5443,46.5443,Quantifiable,0.0,,Pass
PLT-008,BATCH-02,2026-01-26,Analyst_B,ELISA_Reader_01,88,H4,H,4,SMP-0284,Unknown,2,1,,45.6342,0.27157,46.5473,46.5473,Quantifiable,0.0,,Pass
PLT-008,BATCH-02,2026-01-26,Analyst_B,ELISA_Reader_01,89,H5,H,5,SMP-0285,Unknown,1,2,,9.1064,0.06351,3.8901,7.7803,<LLOQ,22.31,,Review
PLT-008,BATCH-02,2026-01-26,Analyst_B,ELISA_Reader_01,90,H6,H,6,SMP-0285,Unknown,2,2,,9.1064,0.05978,2.8302,5.6604,<LLOQ,22.31,,Review
PLT-008,BATCH-02,2026-01-26,Analyst_B,ELISA_Reader_01,91,H7,H,7,SMP-0286,Unknown,1,1,,196.8035,0.94373,199.5289,199.5289,Quantifiable,3.05,,Pass
PLT-008,BATCH-02,2026-01-26,Analyst_B,ELISA_Reader_01,92,H8,H,8,SMP-0286,Unknown,2,1,,196.8035,0.91469,191.1066,191.1066,Quantifiable,3.05,,Pass
PLT-008,BATCH-02,2026-01-26,Analyst_B,ELISA_Reader_01,93,H9,H,9,SMP-0287,Unknown,1,1,,1340.9572,2.11523,1466.8963,1466.8963,Quantifiable,2.73,,Pass
PLT-008,BATCH-02,2026-01-26,Analyst_B,ELISA_Reader_01,94,H10,H,10,SMP-0287,Unknown,2,1,,1340.9572,2.12725,1524.5705,1524.5705,Quantifiable,2.73,,Pass
PLT-008,BATCH-02,2026-01-26,Analyst_B,ELISA_Reader_01,95,H11,H,11,SMP-0288,Unknown,1,2,,176.0035,0.49041,89.5326,179.0652,Quantifiable,2.06,,Pass
PLT-008,BATCH-02,2026-01-26,Analyst_B,ELISA_Reader_01,96,H12,H,12,SMP-0288,Unknown,2,2,,176.0035,0.47784,86.9592,173.9184,Quantifiable,2.06,,Pass
PLT-009,BATCH-02,2026-01-29,Analyst_C,ELISA_Reader_01,1,A1,A,1,STD_2000,Standard,1,1,2000.0,2000.0,2.19764,1842.1156,1842.1156,N/A,2.61,90.44,Pass
PLT-009,BATCH-02,2026-01-29,Analyst_C,ELISA_Reader_01,2,A2,A,2,STD_2000,Standard,2,1,2000.0,2000.0,2.18809,1775.4328,1775.4328,N/A,2.61,90.44,Pass
PLT-009,BATCH-02,2026-01-29,Analyst_C,ELISA_Reader_01,3,A3,A,3,BLANK,Blank,1,1,0.0,0.0,0.0497,0.0025,0.0025,N/A,0.0,,Pass
PLT-009,BATCH-02,2026-01-29,Analyst_C,ELISA_Reader_01,4,A4,A,4,BLANK,Blank,2,1,0.0,0.0,0.04612,0.0025,0.0025,N/A,0.0,,Pass
PLT-009,BATCH-02,2026-01-29,Analyst_C,ELISA_Reader_01,5,A5,A,5,SMP-0289,Unknown,1,5,,2466.739,1.57147,483.0332,2415.1662,Quantifiable,0.83,,Pass
PLT-009,BATCH-02,2026-01-29,Analyst_C,ELISA_Reader_01,6,A6,A,6,SMP-0289,Unknown,2,5,,2466.739,1.56345,477.4185,2387.0925,Quantifiable,0.83,,Pass
PLT-009,BATCH-02,2026-01-29,Analyst_C,ELISA_Reader_01,7,A7,A,7,SMP-0290,Unknown,1,1,,22.9674,0.1447,23.8763,23.8763,Quantifiable,2.31,,Pass
PLT-009,BATCH-02,2026-01-29,Analyst_C,ELISA_Reader_01,8,A8,A,8,SMP-0290,Unknown,2,1,,22.9674,0.14109,23.1096,23.1096,Quantifiable,2.31,,Pass
PLT-009,BATCH-02,2026-01-29,Analyst_C,ELISA_Reader_01,9,A9,A,9,SMP-0291,Unknown,1,2,,1504.735,1.84975,757.6044,1515.2089,Quantifiable,5.1,,Pass
PLT-009,BATCH-02,2026-01-29,Analyst_C,ELISA_Reader_01,10,A10,A,10,SMP-0291,Unknown,2,2,,1504.735,1.80955,704.8483,1409.6966,Quantifiable,5.1,,Pass
PLT-009,BATCH-02,2026-01-29,Analyst_C,ELISA_Reader_01,11,A11,A,11,SMP-0292,Unknown,1,10,,79.7458,0.07285,7.2713,72.7133,<LLOQ,12.64,,Pass
PLT-009,BATCH-02,2026-01-29,Analyst_C,ELISA_Reader_01,12,A12,A,12,SMP-0292,Unknown,2,10,,79.7458,0.07826,8.6984,86.9841,<LLOQ,12.64,,Pass
PLT-009,BATCH-02,2026-01-29,Analyst_C,ELISA_Reader_01,13,B1,B,1,STD_1000,Standard,1,1,1000.0,1000.0,2.00565,1043.3654,1043.3654,N/A,1.57,103.19,Pass
PLT-009,BATCH-02,2026-01-29,Analyst_C,ELISA_Reader_01,14,B2,B,2,STD_1000,Standard,2,1,1000.0,1000.0,1.99604,1020.5227,1020.5227,N/A,1.57,103.19,Pass
PLT-009,BATCH-02,2026-01-29,Analyst_C,ELISA_Reader_01,15,B3,B,3,QC_Low,QC,1,1,50.0,50.0,0.272,49.5654,49.5654,N/A,1.2,99.98,Pass
PLT-009,BATCH-02,2026-01-29,Analyst_C,ELISA_Reader_01,16,B4,B,4,QC_Low,QC,2,1,50.0,50.0,0.27629,50.4108,50.4108,N/A,1.2,99.98,Pass
PLT-009,BATCH-02,2026-01-29,Analyst_C,ELISA_Reader_01,17,B5,B,5,SMP-0293,Unknown,1,5,,577.2814,0.59237,115.1461,575.7305,Quantifiable,0.04,,Pass
PLT-009,BATCH-02,2026-01-29,Analyst_C,ELISA_Reader_01,18,B6,B,6,SMP-0293,Unknown,2,5,,577.2814,0.5921,115.0874,575.4372,Quantifiable,0.04,,Pass
PLT-009,BATCH-02,2026-01-29,Analyst_C,ELISA_Reader_01,19,B7,B,7,SMP-0294,Unknown,1,10,,9.8863,0.05294,0.9929,9.9291,<LLOQ,53.28,,Review
PLT-009,BATCH-02,2026-01-29,Analyst_C,ELISA_Reader_01,20,B8,B,8,SMP-0294,Unknown,2,10,,9.8863,0.056,2.1934,21.9342,<LLOQ,53.28,,Review
PLT-009,BATCH-02,2026-01-29,Analyst_C,ELISA_Reader_01,21,B9,B,9,SMP-0295,Unknown,1,5,,298.1582,0.32976,60.954,304.7702,Quantifiable,0.4,,Pass
PLT-009,BATCH-02,2026-01-29,Analyst_C,ELISA_Reader_01,22,B10,B,10,SMP-0295,Unknown,2,5,,298.1582,0.32799,60.606,303.03,Quantifiable,0.4,,Pass
PLT-009,BATCH-02,2026-01-29,Analyst_C,ELISA_Reader_01,23,B11,B,11,SMP-0296,Unknown,1,10,,15.6622,0.05464,1.6856,16.8559,<LLOQ,64.01,,Review
PLT-009,BATCH-02,2026-01-29,Analyst_C,ELISA_Reader_01,24,B12,B,12,SMP-0296,Unknown,2,10,,15.6622,0.05217,0.6352,6.3519,<LLOQ,64.01,,Review
PLT-009,BATCH-02,2026-01-29,Analyst_C,ELISA_Reader_01,25,C1,C,1,STD_500,Standard,1,1,500.0,500.0,1.62363,521.8832,521.8832,N/A,4.97,100.84,Pass
PLT-009,BATCH-02,2026-01-29,Analyst_C,ELISA_Reader_01,26,C2,C,2,STD_500,Standard,2,1,500.0,500.0,1.57631,486.4685,486.4685,N/A,4.97,100.84,Pass
PLT-009,BATCH-02,2026-01-29,Analyst_C,ELISA_Reader_01,27,C3,C,3,QC_Mid,QC,1,1,300.0,300.0,1.22621,299.7967,299.7967,N/A,0.52,100.3,Pass
PLT-009,BATCH-02,2026-01-29,Analyst_C,ELISA_Reader_01,28,C4,C,4,QC_Mid,QC,2,1,300.0,300.0,1.23171,302.0228,302.0228,N/A,0.52,100.3,Pass
PLT-009,BATCH-02,2026-01-29,Analyst_C,ELISA_Reader_01,29,C5,C,5,SMP-0297,Unknown,1,1,,984.5044,2.0038,1038.899,1038.899,Quantifiable,6.97,,Pass
PLT-009,BATCH-02,2026-01-29,Analyst_C,ELISA_Reader_01,30,C6,C,6,SMP-0297,Unknown,2,1,,984.5044,1.9595,941.2955,941.2955,Quantifiable,6.97,,Pass
PLT-009,BATCH-02,2026-01-29,Analyst_C,ELISA_Reader_01,31,C7,C,7,SMP-0298,Unknown,1,5,,105.7596,0.12759,20.2065,101.0325,Quantifiable,0.14,,Pass
PLT-009,BATCH-02,2026-01-29,Analyst_C,ELISA_Reader_01,32,C8,C,8,SMP-0298,Unknown,2,5,,105.7596,0.12778,20.2479,101.2396,Quantifiable,0.14,,Pass
PLT-009,BATCH-02,2026-01-29,Analyst_C,ELISA_Reader_01,33,C9,C,9,SMP-0299,Unknown,1,5,,681.2558,0.67604,134.0331,670.1654,Quantifiable,2.95,,Pass
PLT-009,BATCH-02,2026-01-29,Analyst_C,ELISA_Reader_01,34,C10,C,10,SMP-0299,Unknown,2,5,,681.2558,0.70045,139.7493,698.7463,Quantifiable,2.95,,Pass
PLT-009,BATCH-02,2026-01-29,Analyst_C,ELISA_Reader_01,35,C11,C,11,SMP-0300,Unknown,1,2,,251.2635,0.63285,124.1536,248.3072,Quantifiable,0.3,,Pass
PLT-009,BATCH-02,2026-01-29,Analyst_C,ELISA_Reader_01,36,C12,C,12,SMP-0300,Unknown,2,2,,251.2635,0.6305,123.6261,247.2523,Quantifiable,0.3,,Pass
PLT-009,BATCH-02,2026-01-29,Analyst_C,ELISA_Reader_01,37,D1,D,1,STD_250,Standard,1,1,250.0,250.0,1.08617,248.0614,248.0614,N/A,1.76,100.48,Pass
PLT-009,BATCH-02,2026-01-29,Analyst_C,ELISA_Reader_01,38,D2,D,2,STD_250,Standard,2,1,250.0,250.0,1.10445,254.3266,254.3266,N/A,1.76,100.48,Pass
PLT-009,BATCH-02,2026-01-29,Analyst_C,ELISA_Reader_01,39,D3,D,3,QC_High,QC,1,1,1200.0,1200.0,2.04037,1134.2608,1134.2608,N/A,3.3,96.78,Pass
PLT-009,BATCH-02,2026-01-29,Analyst_C,ELISA_Reader_01,40,D4,D,4,QC_High,QC,2,1,1200.0,1200.0,2.05872,1188.4602,1188.4602,N/A,3.3,96.78,Pass
PLT-009,BATCH-02,2026-01-29,Analyst_C,ELISA_Reader_01,41,D5,D,5,SMP-0301,Unknown,1,2,,106.1904,0.30052,55.1856,110.3712,Quantifiable,4.99,,Pass
PLT-009,BATCH-02,2026-01-29,Analyst_C,ELISA_Reader_01,42,D6,D,6,SMP-0301,Unknown,2,2,,106.1904,0.28144,51.4262,102.8525,Quantifiable,4.99,,Pass
PLT-009,BATCH-02,2026-01-29,Analyst_C,ELISA_Reader_01,43,D7,D,7,SMP-0302,Unknown,1,2,,24.9272,0.09683,13.2656,26.5313,<LLOQ,3.0,,Pass
PLT-009,BATCH-02,2026-01-29,Analyst_C,ELISA_Reader_01,44,D8,D,8,SMP-0302,Unknown,2,2,,24.9272,0.09451,12.7148,25.4297,<LLOQ,3.0,,Pass
PLT-009,BATCH-02,2026-01-29,Analyst_C,ELISA_Reader_01,45,D9,D,9,SMP-0303,Unknown,1,5,,46.7136,0.08228,9.723,48.6152,<LLOQ,7.46,,Pass
PLT-009,BATCH-02,2026-01-29,Analyst_C,ELISA_Reader_01,46,D10,D,10,SMP-0303,Unknown,2,5,,46.7136,0.07846,8.7489,43.7447,<LLOQ,7.46,,Pass
PLT-009,BATCH-02,2026-01-29,Analyst_C,ELISA_Reader_01,47,D11,D,11,SMP-0304,Unknown,1,2,,9.3647,0.06335,4.58,9.1599,<LLOQ,27.99,,Review
PLT-009,BATCH-02,2026-01-29,Analyst_C,ELISA_Reader_01,48,D12,D,12,SMP-0304,Unknown,2,2,,9.3647,0.07126,6.8404,13.6809,<LLOQ,27.99,,Review
PLT-009,BATCH-02,2026-01-29,Analyst_C,ELISA_Reader_01,49,E1,E,1,STD_125,Standard,1,1,125.0,125.0,0.63393,124.3982,124.3982,N/A,1.87,100.85,Pass
PLT-009,BATCH-02,2026-01-29,Analyst_C,ELISA_Reader_01,50,E2,E,2,STD_125,Standard,2,1,125.0,125.0,0.64862,127.7278,127.7278,N/A,1.87,100.85,Pass
PLT-009,BATCH-02,2026-01-29,Analyst_C,ELISA_Reader_01,51,E3,E,3,SMP-0305,Unknown,1,10,,11.3909,0.05392,1.4049,14.0493,<LLOQ,140.91,,Review
PLT-009,BATCH-02,2026-01-29,Analyst_C,ELISA_Reader_01,52,E4,E,4,SMP-0305,Unknown,2,10,,11.3909,0.04672,0.0025,0.0253,<LLOQ,140.91,,Review
PLT-009,BATCH-02,2026-01-29,Analyst_C,ELISA_Reader_01,53,E5,E,5,SMP-0306,Unknown,1,1,,201.0678,0.92522,198.0037,198.0037,Quantifiable,2.7,,Pass
PLT-009,BATCH-02,2026-01-29,Analyst_C,ELISA_Reader_01,54,E6,E,6,SMP-0306,Unknown,2,1,,201.0678,0.95184,205.7175,205.7175,Quantifiable,2.7,,Pass
PLT-009,BATCH-02,2026-01-29,Analyst_C,ELISA_Reader_01,55,E7,E,7,SMP-0307,Unknown,1,1,,85.7312,0.44897,84.8381,84.8381,Quantifiable,3.31,,Pass
PLT-009,BATCH-02,2026-01-29,Analyst_C,ELISA_Reader_01,56,E8,E,8,SMP-0307,Unknown,2,1,,85.7312,0.46879,88.9019,88.9019,Quantifiable,3.31,,Pass
PLT-009,BATCH-02,2026-01-29,Analyst_C,ELISA_Reader_01,57,E9,E,9,SMP-0308,Unknown,1,10,,10.4774,0.0501,0.0025,0.0253,<LLOQ,140.61,,Review
PLT-009,BATCH-02,2026-01-29,Analyst_C,ELISA_Reader_01,58,E10,E,10,SMP-0308,Unknown,2,10,,10.4774,0.05269,0.8809,8.8094,<LLOQ,140.61,,Review
PLT-009,BATCH-02,2026-01-29,Analyst_C,ELISA_Reader_01,59,E11,E,11,SMP-0309,Unknown,1,2,,13.5175,0.06127,3.9448,7.8895,<LLOQ,35.92,,Review
PLT-009,BATCH-02,2026-01-29,Analyst_C,ELISA_Reader_01,60,E12,E,12,SMP-0309,Unknown,2,2,,13.5175,0.0705,6.6307,13.2614,<LLOQ,35.92,,Review
PLT-009,BATCH-02,2026-01-29,Analyst_C,ELISA_Reader_01,61,F1,F,1,STD_62.5,Standard,1,1,62.5,62.5,0.34595,64.1571,64.1571,N/A,2.7,100.73,Pass
PLT-009,BATCH-02,2026-01-29,Analyst_C,ELISA_Reader_01,62,F2,F,2,STD_62.5,Standard,2,1,62.5,62.5,0.33379,61.7508,61.7508,N/A,2.7,100.73,Pass
PLT-009,BATCH-02,2026-01-29,Analyst_C,ELISA_Reader_01,63,F3,F,3,SMP-0310,Unknown,1,1,,125.7773,0.65503,129.1915,129.1915,Quantifiable,3.92,,Pass
PLT-009,BATCH-02,2026-01-29,Analyst_C,ELISA_Reader_01,64,F4,F,4,SMP-0310,Unknown,2,1,,125.7773,0.62428,122.2279,122.2279,Quantifiable,3.92,,Pass
PLT-009,BATCH-02,2026-01-29,Analyst_C,ELISA_Reader_01,65,F5,F,5,SMP-0311,Unknown,1,2,,35.4151,0.12009,18.5607,37.1214,<LLOQ,6.25,,Pass
PLT-009,BATCH-02,2026-01-29,Analyst_C,ELISA_Reader_01,66,F6,F,6,SMP-0311,Unknown,2,2,,35.4151,0.11304,16.9903,33.9807,<LLOQ,6.25,,Pass
PLT-009,BATCH-02,2026-01-29,Analyst_C,ELISA_Reader_01,67,F7,F,7,SMP-0312,Unknown,1,1,,290.1356,1.21578,295.6224,295.6224,Quantifiable,0.74,,Pass
PLT-009,BATCH-02,2026-01-29,Analyst_C,ELISA_Reader_01,68,F8,F,8,SMP-0312,Unknown,2,1,,290.1356,1.20802,292.5492,292.5492,Quantifiable,0.74,,Pass
PLT-009,BATCH-02,2026-01-29,Analyst_C,ELISA_Reader_01,69,F9,F,9,SMP-0313,Unknown,1,10,,13.9653,0.05377,1.3438,13.4381,<LLOQ,40.99,,Review
PLT-009,BATCH-02,2026-01-29,Analyst_C,ELISA_Reader_01,70,F10,F,10,SMP-0313,Unknown,2,10,,13.9653,0.0567,2.4408,24.4078,<LLOQ,40.99,,Review
PLT-009,BATCH-02,2026-01-29,Analyst_C,ELISA_Reader_01,71,F11,F,11,SMP-0314,Unknown,1,2,,20.1597,0.08306,9.9201,19.8402,<LLOQ,11.18,,Pass
PLT-009,BATCH-02,2026-01-29,Analyst_C,ELISA_Reader_01,72,F12,F,12,SMP-0314,Unknown,2,2,,20.1597,0.08997,11.6234,23.2467,<LLOQ,11.18,,Pass
PLT-009,BATCH-02,2026-01-29,Analyst_C,ELISA_Reader_01,73,G1,G,1,STD_31.25,Standard,1,1,31.25,31.25,0.18035,31.2729,31.2729,N/A,0.89,100.7,Pass
PLT-009,BATCH-02,2026-01-29,Analyst_C,ELISA_Reader_01,74,G2,G,2,STD_31.25,Standard,2,1,31.25,31.25,0.18228,31.6669,31.6669,N/A,0.89,100.7,Pass
PLT-009,BATCH-02,2026-01-29,Analyst_C,ELISA_Reader_01,75,G3,G,3,SMP-0315,Unknown,1,2,,9.8216,0.06764,5.8311,11.6622,<LLOQ,2.94,,Pass
PLT-009,BATCH-02,2026-01-29,Analyst_C,ELISA_Reader_01,76,G4,G,4,SMP-0315,Unknown,2,2,,9.8216,0.0668,5.5933,11.1867,<LLOQ,2.94,,Pass
PLT-009,BATCH-02,2026-01-29,Analyst_C,ELISA_Reader_01,77,G5,G,5,SMP-0316,Unknown,1,2,,32.1102,0.10689,15.5985,31.1971,<LLOQ,1.17,,Pass
PLT-009,BATCH-02,2026-01-29,Analyst_C,ELISA_Reader_01,78,G6,G,6,SMP-0316,Unknown,2,2,,32.1102,0.10803,15.8593,31.7186,<LLOQ,1.17,,Pass
PLT-009,BATCH-02,2026-01-29,Analyst_C,ELISA_Reader_01,79,G7,G,7,SMP-0317,Unknown,1,2,,15.6927,0.06857,6.0936,12.1872,<LLOQ,8.1,,Pass
PLT-009,BATCH-02,2026-01-29,Analyst_C,ELISA_Reader_01,80,G8,G,8,SMP-0317,Unknown,2,2,,15.6927,0.07124,6.8341,13.6683,<LLOQ,8.1,,Pass
PLT-009,BATCH-02,2026-01-29,Analyst_C,ELISA_Reader_01,81,G9,G,9,SMP-0318,Unknown,1,1,,8.3486,0.07512,7.8774,7.8774,<LLOQ,11.97,,Pass
PLT-009,BATCH-02,2026-01-29,Analyst_C,ELISA_Reader_01,82,G10,G,10,SMP-0318,Unknown,2,1,,8.3486,0.08074,9.3343,9.3343,<LLOQ,11.97,,Pass
PLT-009,BATCH-02,2026-01-29,Analyst_C,ELISA_Reader_01,83,G11,G,11,SMP-0319,Unknown,1,1,,611.5545,1.69584,583.3807,583.3807,Quantifiable,1.96,,Pass
PLT-009,BATCH-02,2026-01-29,Analyst_C,ELISA_Reader_01,84,G12,G,12,SMP-0319,Unknown,2,1,,611.5545,1.71319,599.7427,599.7427,Quantifiable,1.96,,Pass
PLT-009,BATCH-02,2026-01-29,Analyst_C,ELISA_Reader_01,85,H1,H,1,STD_15.625,Standard,1,1,15.625,15.625,0.10474,15.1061,15.1061,N/A,4.32,99.73,Pass
PLT-009,BATCH-02,2026-01-29,Analyst_C,ELISA_Reader_01,86,H2,H,2,STD_15.625,Standard,2,1,15.625,15.625,0.10891,16.0585,16.0585,N/A,4.32,99.73,Pass
PLT-009,BATCH-02,2026-01-29,Analyst_C,ELISA_Reader_01,87,H3,H,3,SMP-0320,Unknown,1,1,,32.5077,0.18346,31.9072,31.9072,Quantifiable,0.51,,Pass
PLT-009,BATCH-02,2026-01-29,Analyst_C,ELISA_Reader_01,88,H4,H,4,SMP-0320,Unknown,2,1,,32.5077,0.18233,31.6778,31.6778,Quantifiable,0.51,,Pass
PLT-009,BATCH-02,2026-01-29,Analyst_C,ELISA_Reader_01,89,H5,H,5,SMP-0321,Unknown,1,1,,1009.4466,1.98391,992.9319,992.9319,Quantifiable,6.58,,Pass
PLT-009,BATCH-02,2026-01-29,Analyst_C,ELISA_Reader_01,90,H6,H,6,SMP-0321,Unknown,2,1,,1009.4466,2.02407,1089.8499,1089.8499,Quantifiable,6.58,,Pass
PLT-009,BATCH-02,2026-01-29,Analyst_C,ELISA_Reader_01,91,H7,H,7,SMP-0322,Unknown,1,1,,1673.2902,2.15064,1554.7152,1554.7152,Quantifiable,3.78,,Pass
PLT-009,BATCH-02,2026-01-29,Analyst_C,ELISA_Reader_01,92,H8,H,8,SMP-0322,Unknown,2,1,,1673.2902,2.1663,1640.0517,1640.0517,Quantifiable,3.78,,Pass
PLT-009,BATCH-02,2026-01-29,Analyst_C,ELISA_Reader_01,93,H9,H,9,SMP-0323,Unknown,1,1,,660.7576,1.75422,641.2944,641.2944,Quantifiable,3.98,,Pass
PLT-009,BATCH-02,2026-01-29,Analyst_C,ELISA_Reader_01,94,H10,H,10,SMP-0323,Unknown,2,1,,660.7576,1.78752,678.3996,678.3996,Quantifiable,3.98,,Pass
PLT-009,BATCH-02,2026-01-29,Analyst_C,ELISA_Reader_01,95,H11,H,11,SMP-0324,Unknown,1,5,,2040.4095,1.4687,417.1066,2085.5328,Quantifiable,5.22,,Pass
PLT-009,BATCH-02,2026-01-29,Analyst_C,ELISA_Reader_01,96,H12,H,12,SMP-0324,Unknown,2,5,,2040.4095,1.41543,387.3963,1936.9817,Quantifiable,5.22,,Pass
PLT-010,BATCH-02,2026-02-01,Analyst_A,ELISA_Reader_02,1,A1,A,1,STD_2000,Standard,1,1,2000.0,2000.0,2.26069,1939.0964,1939.0964,N/A,12.86,106.66,Pass
PLT-010,BATCH-02,2026-02-01,Analyst_A,ELISA_Reader_02,2,A2,A,2,STD_2000,Standard,2,1,2000.0,2000.0,2.30026,2327.1483,2327.1483,N/A,12.86,106.66,Pass
PLT-010,BATCH-02,2026-02-01,Analyst_A,ELISA_Reader_02,3,A3,A,3,BLANK,Blank,1,1,0.0,0.0,0.05027,2.2534,2.2534,N/A,141.03,,Pass
PLT-010,BATCH-02,2026-02-01,Analyst_A,ELISA_Reader_02,4,A4,A,4,BLANK,Blank,2,1,0.0,0.0,0.04142,0.0031,0.0031,N/A,141.03,,Pass
PLT-010,BATCH-02,2026-02-01,Analyst_A,ELISA_Reader_02,5,A5,A,5,SMP-0325,Unknown,1,1,,411.7174,1.51139,420.4313,420.4313,Quantifiable,1.42,,Pass
PLT-010,BATCH-02,2026-02-01,Analyst_A,ELISA_Reader_02,6,A6,A,6,SMP-0325,Unknown,2,1,,411.7174,1.49654,412.0826,412.0826,Quantifiable,1.42,,Pass
PLT-010,BATCH-02,2026-02-01,Analyst_A,ELISA_Reader_02,7,A7,A,7,SMP-0326,Unknown,1,10,,2117.1888,0.98365,210.0983,2100.9834,Quantifiable,0.22,,Pass
PLT-010,BATCH-02,2026-02-01,Analyst_A,ELISA_Reader_02,8,A8,A,8,SMP-0326,Unknown,2,10,,2117.1888,0.98594,210.7545,2107.5454,Quantifiable,0.22,,Pass
PLT-010,BATCH-02,2026-02-01,Analyst_A,ELISA_Reader_02,9,A9,A,9,SMP-0327,Unknown,1,1,,1303.7072,2.13611,1276.6167,1276.6167,Quantifiable,3.25,,Pass
PLT-010,BATCH-02,2026-02-01,Analyst_A,ELISA_Reader_02,10,A10,A,10,SMP-0327,Unknown,2,1,,1303.7072,2.11908,1219.3347,1219.3347,Quantifiable,3.25,,Pass
PLT-010,BATCH-02,2026-02-01,Analyst_A,ELISA_Reader_02,11,A11,A,11,SMP-0328,Unknown,1,1,,285.4607,1.20871,282.7912,282.7912,Quantifiable,0.13,,Pass
PLT-010,BATCH-02,2026-02-01,Analyst_A,ELISA_Reader_02,12,A12,A,12,SMP-0328,Unknown,2,1,,285.4607,1.21014,283.3132,283.3132,Quantifiable,0.13,,Pass
PLT-010,BATCH-02,2026-02-01,Analyst_A,ELISA_Reader_02,13,B1,B,1,STD_1000,Standard,1,1,1000.0,1000.0,2.04395,1015.7192,1015.7192,N/A,0.74,102.1,Pass
PLT-010,BATCH-02,2026-02-01,Analyst_A,ELISA_Reader_02,14,B2,B,2,STD_1000,Standard,2,1,1000.0,1000.0,2.04856,1026.3597,1026.3597,N/A,0.74,102.1,Pass
PLT-010,BATCH-02,2026-02-01,Analyst_A,ELISA_Reader_02,15,B3,B,3,QC_Low,QC,1,1,50.0,50.0,0.27298,51.0348,51.0348,N/A,5.09,98.52,Pass
PLT-010,BATCH-02,2026-02-01,Analyst_A,ELISA_Reader_02,16,B4,B,4,QC_Low,QC,2,1,50.0,50.0,0.25472,47.4899,47.4899,N/A,5.09,98.52,Pass
PLT-010,BATCH-02,2026-02-01,Analyst_A,ELISA_Reader_02,17,B5,B,5,SMP-0329,Unknown,1,1,,2235.0579,2.30731,2414.1525,2414.1525,>ULOQ,10.78,,Pass
PLT-010,BATCH-02,2026-02-01,Analyst_A,ELISA_Reader_02,18,B6,B,6,SMP-0329,Unknown,2,1,,2235.0579,2.27601,2072.2546,2072.2546,>ULOQ,10.78,,Pass
PLT-010,BATCH-02,2026-02-01,Analyst_A,ELISA_Reader_02,19,B7,B,7,SMP-0330,Unknown,1,2,,1447.2414,1.86021,709.4894,1418.9788,Quantifiable,6.1,,Pass
PLT-010,BATCH-02,2026-02-01,Analyst_A,ELISA_Reader_02,20,B8,B,8,SMP-0330,Unknown,2,2,,1447.2414,1.90885,773.4297,1546.8594,Quantifiable,6.1,,Pass
PLT-010,BATCH-02,2026-02-01,Analyst_A,ELISA_Reader_02,21,B9,B,9,SMP-0331,Unknown,1,1,,374.1822,1.41635,370.3755,370.3755,Quantifiable,0.57,,Pass
PLT-010,BATCH-02,2026-02-01,Analyst_A,ELISA_Reader_02,22,B10,B,10,SMP-0331,Unknown,2,1,,374.1822,1.42246,373.3691,373.3691,Quantifiable,0.57,,Pass
PLT-010,BATCH-02,2026-02-01,Analyst_A,ELISA_Reader_02,23,B11,B,11,SMP-0332,Unknown,1,2,,451.8784,1.02466,222.0747,444.1493,Quantifiable,0.51,,Pass
PLT-010,BATCH-02,2026-02-01,Analyst_A,ELISA_Reader_02,24,B12,B,12,SMP-0332,Unknown,2,2,,451.8784,1.03003,223.6783,447.3567,Quantifiable,0.51,,Pass
PLT-010,BATCH-02,2026-02-01,Analyst_A,ELISA_Reader_02,25,C1,C,1,STD_500,Standard,1,1,500.0,500.0,1.63006,495.7854,495.7854,N/A,0.85,99.76,Pass
PLT-010,BATCH-02,2026-02-01,Analyst_A,ELISA_Reader_02,26,C2,C,2,STD_500,Standard,2,1,500.0,500.0,1.63845,501.79,501.79,N/A,0.85,99.76,Pass
PLT-010,BATCH-02,2026-02-01,Analyst_A,ELISA_Reader_02,27,C3,C,3,QC_Mid,QC,1,1,300.0,300.0,1.24136,294.9962,294.9962,N/A,2.1,99.81,Pass
PLT-010,BATCH-02,2026-02-01,Analyst_A,ELISA_Reader_02,28,C4,C,4,QC_Mid,QC,2,1,300.0,300.0,1.26428,303.8721,303.8721,N/A,2.1,99.81,Pass
PLT-010,BATCH-02,2026-02-01,Analyst_A,ELISA_Reader_02,29,C5,C,5,SMP-0333,Unknown,1,1,,58.8063,0.30475,57.1816,57.1816,Quantifiable,4.3,,Pass
PLT-010,BATCH-02,2026-02-01,Analyst_A,ELISA_Reader_02,30,C6,C,6,SMP-0333,Unknown,2,1,,58.8063,0.32332,60.7701,60.7701,Quantifiable,4.3,,Pass
PLT-010,BATCH-02,2026-02-01,Analyst_A,ELISA_Reader_02,31,C7,C,7,SMP-0334,Unknown,1,5,,427.1618,0.44947,85.4157,427.0783,Quantifiable,2.06,,Pass
PLT-010,BATCH-02,2026-02-01,Analyst_A,ELISA_Reader_02,32,C8,C,8,SMP-0334,Unknown,2,5,,427.1618,0.46214,87.9379,439.6894,Quantifiable,2.06,,Pass
PLT-010,BATCH-02,2026-02-01,Analyst_A,ELISA_Reader_02,33,C9,C,9,SMP-0335,Unknown,1,5,,827.9247,0.79686,160.9345,804.6727,Quantifiable,1.46,,Pass
PLT-010,BATCH-02,2026-02-01,Analyst_A,ELISA_Reader_02,34,C10,C,10,SMP-0335,Unknown,2,5,,827.9247,0.81065,164.303,821.5148,Quantifiable,1.46,,Pass
PLT-010,BATCH-02,2026-02-01,Analyst_A,ELISA_Reader_02,35,C11,C,11,SMP-0336,Unknown,1,1,,40.5693,0.21039,38.8084,38.8084,Quantifiable,5.15,,Pass
PLT-010,BATCH-02,2026-02-01,Analyst_A,ELISA_Reader_02,36,C12,C,12,SMP-0336,Unknown,2,1,,40.5693,0.22529,41.7428,41.7428,Quantifiable,5.15,,Pass
PLT-010,BATCH-02,2026-02-01,Analyst_A,ELISA_Reader_02,37,D1,D,1,STD_250,Standard,1,1,250.0,250.0,1.09505,243.8413,243.8413,N/A,2.5,99.29,Pass
PLT-010,BATCH-02,2026-02-01,Analyst_A,ELISA_Reader_02,38,D2,D,2,STD_250,Standard,2,1,250.0,250.0,1.12201,252.6241,252.6241,N/A,2.5,99.29,Pass
PLT-010,BATCH-02,2026-02-01,Analyst_A,ELISA_Reader_02,39,D3,D,3,QC_High,QC,1,1,1200.0,1200.0,2.10167,1165.6416,1165.6416,N/A,0.36,97.38,Pass
PLT-010,BATCH-02,2026-02-01,Analyst_A,ELISA_Reader_02,40,D4,D,4,QC_High,QC,2,1,1200.0,1200.0,2.10366,1171.5545,1171.5545,N/A,0.36,97.38,Pass
PLT-010,BATCH-02,2026-02-01,Analyst_A,ELISA_Reader_02,41,D5,D,5,SMP-0337,Unknown,1,1,,17.5583,0.11471,19.0333,19.0333,<LLOQ,1.67,,Pass
PLT-010,BATCH-02,2026-02-01,Analyst_A,ELISA_Reader_02,42,D6,D,6,SMP-0337,Unknown,2,1,,17.5583,0.11271,18.5881,18.5881,<LLOQ,1.67,,Pass
PLT-010,BATCH-02,2026-02-01,Analyst_A,ELISA_Reader_02,43,D7,D,7,SMP-0338,Unknown,1,1,,10.2252,0.06947,8.1585,8.1585,<LLOQ,11.48,,Pass
PLT-010,BATCH-02,2026-02-01,Analyst_A,ELISA_Reader_02,44,D8,D,8,SMP-0338,Unknown,2,1,,10.2252,0.07491,9.6004,9.6004,<LLOQ,11.48,,Pass
PLT-010,BATCH-02,2026-02-01,Analyst_A,ELISA_Reader_02,45,D9,D,9,SMP-0339,Unknown,1,1,,2014.0974,2.26583,1981.7302,1981.7302,>ULOQ,11.5,,Pass
PLT-010,BATCH-02,2026-02-01,Analyst_A,ELISA_Reader_02,46,D10,D,10,SMP-0339,Unknown,2,1,,2014.0974,2.3007,2332.4511,2332.4511,>ULOQ,11.5,,Pass
PLT-010,BATCH-02,2026-02-01,Analyst_A,ELISA_Reader_02,47,D11,D,11,SMP-0340,Unknown,1,1,,1873.6588,2.26383,1964.9325,1964.9325,>ULOQ,8.21,,Pass
PLT-010,BATCH-02,2026-02-01,Analyst_A,ELISA_Reader_02,48,D12,D,12,SMP-0340,Unknown,2,1,,1873.6588,2.23472,1749.3991,1749.3991,Quantifiable,8.21,,Pass
PLT-010,BATCH-02,2026-02-01,Analyst_A,ELISA_Reader_02,49,E1,E,1,STD_125,Standard,1,1,125.0,125.0,0.63095,122.9328,122.9328,N/A,3.2,100.62,Pass
PLT-010,BATCH-02,2026-02-01,Analyst_A,ELISA_Reader_02,50,E2,E,2,STD_125,Standard,2,1,125.0,125.0,0.65698,128.6173,128.6173,N/A,3.2,100.62,Pass
PLT-010,BATCH-02,2026-02-01,Analyst_A,ELISA_Reader_02,51,E3,E,3,SMP-0341,Unknown,1,1,,53.0634,0.27451,51.3313,51.3313,Quantifiable,0.97,,Pass
PLT-010,BATCH-02,2026-02-01,Analyst_A,ELISA_Reader_02,52,E4,E,4,SMP-0341,Unknown,2,1,,53.0634,0.27819,52.0428,52.0428,Quantifiable,0.97,,Pass
PLT-010,BATCH-02,2026-02-01,Analyst_A,ELISA_Reader_02,53,E5,E,5,SMP-0342,Unknown,1,1,,103.6767,0.53596,102.8862,102.8862,Quantifiable,0.38,,Pass
PLT-010,BATCH-02,2026-02-01,Analyst_A,ELISA_Reader_02,54,E6,E,6,SMP-0342,Unknown,2,1,,103.6767,0.53328,102.3359,102.3359,Quantifiable,0.38,,Pass
PLT-010,BATCH-02,2026-02-01,Analyst_A,ELISA_Reader_02,55,E7,E,7,SMP-0343,Unknown,1,10,,1045.2427,0.53482,102.6521,1026.5209,Quantifiable,4.91,,Pass
PLT-010,BATCH-02,2026-02-01,Analyst_A,ELISA_Reader_02,56,E8,E,8,SMP-0343,Unknown,2,10,,1045.2427,0.57038,110.0317,1100.3171,Quantifiable,4.91,,Pass
PLT-010,BATCH-02,2026-02-01,Analyst_A,ELISA_Reader_02,57,E9,E,9,SMP-0344,Unknown,1,1,,321.6803,1.31858,326.0013,326.0013,Quantifiable,0.38,,Pass
PLT-010,BATCH-02,2026-02-01,Analyst_A,ELISA_Reader_02,58,E10,E,10,SMP-0344,Unknown,2,1,,321.6803,1.3227,327.7494,327.7494,Quantifiable,0.38,,Pass
PLT-010,BATCH-02,2026-02-01,Analyst_A,ELISA_Reader_02,59,E11,E,11,SMP-0345,Unknown,1,5,,8.1929,0.05924,5.2461,26.2305,<LLOQ,100.91,,Review
PLT-010,BATCH-02,2026-02-01,Analyst_A,ELISA_Reader_02,60,E12,E,12,SMP-0345,Unknown,2,5,,8.1929,0.04702,0.877,4.3849,<LLOQ,100.91,,Review
PLT-010,BATCH-02,2026-02-01,Analyst_A,ELISA_Reader_02,61,F1,F,1,STD_62.5,Standard,1,1,62.5,62.5,0.33774,63.5609,63.5609,N/A,2.54,99.9,Pass
PLT-010,BATCH-02,2026-02-01,Analyst_A,ELISA_Reader_02,62,F2,F,2,STD_62.5,Standard,2,1,62.5,62.5,0.32613,61.3153,61.3153,N/A,2.54,99.9,Pass
PLT-010,BATCH-02,2026-02-01,Analyst_A,ELISA_Reader_02,63,F3,F,3,SMP-0346,Unknown,1,1,,26.3993,0.14826,26.2348,26.2348,Quantifiable,3.29,,Pass
PLT-010,BATCH-02,2026-02-01,Analyst_A,ELISA_Reader_02,64,F4,F,4,SMP-0346,Unknown,2,1,,26.3993,0.15426,27.4827,27.4827,Quantifiable,3.29,,Pass
PLT-010,BATCH-02,2026-02-01,Analyst_A,ELISA_Reader_02,65,F5,F,5,SMP-0347,Unknown,1,1,,117.313,0.60896,118.1988,118.1988,Quantifiable,0.71,,Pass
PLT-010,BATCH-02,2026-02-01,Analyst_A,ELISA_Reader_02,66,F6,F,6,SMP-0347,Unknown,2,1,,117.313,0.60341,117.0122,117.0122,Quantifiable,0.71,,Pass
PLT-010,BATCH-02,2026-02-01,Analyst_A,ELISA_Reader_02,67,F7,F,7,SMP-0348,Unknown,1,1,,1759.55,2.20771,1588.4487,1588.4487,Quantifiable,4.14,,Pass
PLT-010,BATCH-02,2026-02-01,Analyst_A,ELISA_Reader_02,68,F8,F,8,SMP-0348,Unknown,2,1,,1759.55,2.22443,1684.3479,1684.3479,Quantifiable,4.14,,Pass
PLT-010,BATCH-02,2026-02-01,Analyst_A,ELISA_Reader_02,69,F9,F,9,SMP-0349,Unknown,1,1,,450.2741,1.5575,447.768,447.768,Quantifiable,2.66,,Pass
PLT-010,BATCH-02,2026-02-01,Analyst_A,ELISA_Reader_02,70,F10,F,10,SMP-0349,Unknown,2,1,,450.2741,1.53006,431.2316,431.2316,Quantifiable,2.66,,Pass
PLT-010,BATCH-02,2026-02-01,Analyst_A,ELISA_Reader_02,71,F11,F,11,SMP-0350,Unknown,1,1,,50.5552,0.27375,51.1842,51.1842,Quantifiable,2.65,,Pass
PLT-010,BATCH-02,2026-02-01,Analyst_A,ELISA_Reader_02,72,F12,F,12,SMP-0350,Unknown,2,1,,50.5552,0.26403,49.2989,49.2989,Quantifiable,2.65,,Pass
PLT-010,BATCH-02,2026-02-01,Analyst_A,ELISA_Reader_02,73,G1,G,1,STD_31.25,Standard,1,1,31.25,31.25,0.1756,31.8522,31.8522,N/A,2.76,99.98,Pass
PLT-010,BATCH-02,2026-02-01,Analyst_A,ELISA_Reader_02,74,G2,G,2,STD_31.25,Standard,2,1,31.25,31.25,0.1696,30.6343,30.6343,N/A,2.76,99.98,Pass
PLT-010,BATCH-02,2026-02-01,Analyst_A,ELISA_Reader_02,75,G3,G,3,SMP-0351,Unknown,1,5,,19.9286,0.05209,2.9197,14.5987,<LLOQ,0.83,,Pass
PLT-010,BATCH-02,2026-02-01,Analyst_A,ELISA_Reader_02,76,G4,G,4,SMP-0351,Unknown,2,5,,19.9286,0.05218,2.954,14.7702,<LLOQ,0.83,,Pass
PLT-010,BATCH-02,2026-02-01,Analyst_A,ELISA_Reader_02,77,G5,G,5,SMP-0352,Unknown,1,5,,1909.6401,1.4522,388.3601,1941.8005,Quantifiable,2.93,,Pass
PLT-010,BATCH-02,2026-02-01,Analyst_A,ELISA_Reader_02,78,G6,G,6,SMP-0352,Unknown,2,5,,1909.6401,1.48324,404.7857,2023.9285,Quantifiable,2.93,,Pass
PLT-010,BATCH-02,2026-02-01,Analyst_A,ELISA_Reader_02,79,G7,G,7,SMP-0353,Unknown,1,1,,24.4724,0.15055,26.7124,26.7124,Quantifiable,6.65,,Pass
PLT-010,BATCH-02,2026-02-01,Analyst_A,ELISA_Reader_02,80,G8,G,8,SMP-0353,Unknown,2,1,,24.4724,0.13912,24.3135,24.3135,Quantifiable,6.65,,Pass
PLT-010,BATCH-02,2026-02-01,Analyst_A,ELISA_Reader_02,81,G9,G,9,SMP-0354,Unknown,1,1,,12.6837,0.09349,14.1844,14.1844,<LLOQ,3.08,,Pass
PLT-010,BATCH-02,2026-02-01,Analyst_A,ELISA_Reader_02,82,G10,G,10,SMP-0354,Unknown,2,1,,12.6837,0.09094,13.5791,13.5791,<LLOQ,3.08,,Pass
PLT-010,BATCH-02,2026-02-01,Analyst_A,ELISA_Reader_02,83,G11,G,11,SMP-0355,Unknown,1,1,,12.198,0.08263,11.5558,11.5558,<LLOQ,2.27,,Pass
PLT-010,BATCH-02,2026-02-01,Analyst_A,ELISA_Reader_02,84,G12,G,12,SMP-0355,Unknown,2,1,,12.198,0.08416,11.9335,11.9335,<LLOQ,2.27,,Pass
PLT-010,BATCH-02,2026-02-01,Analyst_A,ELISA_Reader_02,85,H1,H,1,STD_15.625,Standard,1,1,15.625,15.625,0.102,16.1676,16.1676,N/A,13.01,94.75,Pass
PLT-010,BATCH-02,2026-02-01,Analyst_A,ELISA_Reader_02,86,H2,H,2,STD_15.625,Standard,2,1,15.625,15.625,0.09038,13.4431,13.4431,N/A,13.01,94.75,Pass
PLT-010,BATCH-02,2026-02-01,Analyst_A,ELISA_Reader_02,87,H3,H,3,SMP-0356,Unknown,1,2,,337.1967,0.82075,166.7959,333.5918,Quantifiable,2.62,,Pass
PLT-010,BATCH-02,2026-02-01,Analyst_A,ELISA_Reader_02,88,H4,H,4,SMP-0356,Unknown,2,2,,337.1967,0.84593,173.0954,346.1908,Quantifiable,2.62,,Pass
PLT-010,BATCH-02,2026-02-01,Analyst_A,ELISA_Reader_02,89,H5,H,5,SMP-0357,Unknown,1,1,,68.0632,0.36419,68.689,68.689,Quantifiable,2.04,,Pass
PLT-010,BATCH-02,2026-02-01,Analyst_A,ELISA_Reader_02,90,H6,H,6,SMP-0357,Unknown,2,1,,68.0632,0.35411,66.7321,66.7321,Quantifiable,2.04,,Pass
PLT-010,BATCH-02,2026-02-01,Analyst_A,ELISA_Reader_02,91,H7,H,7,SMP-0358,Unknown,1,1,,8.5556,0.06996,8.2922,8.2922,<LLOQ,6.07,,Pass
PLT-010,BATCH-02,2026-02-01,Analyst_A,ELISA_Reader_02,92,H8,H,8,SMP-0358,Unknown,2,1,,8.5556,0.07276,9.036,9.036,<LLOQ,6.07,,Pass
PLT-010,BATCH-02,2026-02-01,Analyst_A,ELISA_Reader_02,93,H9,H,9,SMP-0359,Unknown,1,1,,76.8124,0.40858,77.3484,77.3484,Quantifiable,0.09,,Pass
PLT-010,BATCH-02,2026-02-01,Analyst_A,ELISA_Reader_02,94,H10,H,10,SMP-0359,Unknown,2,1,,76.8124,0.40907,77.4453,77.4453,Quantifiable,0.09,,Pass
PLT-010,BATCH-02,2026-02-01,Analyst_A,ELISA_Reader_02,95,H11,H,11,SMP-0360,Unknown,1,5,,408.0211,0.42397,80.3726,401.8628,Quantifiable,0.87,,Pass
PLT-010,BATCH-02,2026-02-01,Analyst_A,ELISA_Reader_02,96,H12,H,12,SMP-0360,Unknown,2,5,,408.0211,0.42901,81.3665,406.8323,Quantifiable,0.87,,Pass
PLT-011,BATCH-03,2026-02-04,Analyst_B,ELISA_Reader_02,1,A1,A,1,STD_2000,Standard,1,1,2000.0,2000.0,2.31979,2190.5455,2190.5455,N/A,19.6,96.2,Pass
PLT-011,BATCH-03,2026-02-04,Analyst_B,ELISA_Reader_02,2,A2,A,2,STD_2000,Standard,2,1,2000.0,2000.0,2.24705,1657.3699,1657.3699,N/A,19.6,96.2,Pass
PLT-011,BATCH-03,2026-02-04,Analyst_B,ELISA_Reader_02,3,A3,A,3,BLANK,Blank,1,1,0.0,0.0,0.04601,0.0017,0.0017,N/A,0.0,,Pass
PLT-011,BATCH-03,2026-02-04,Analyst_B,ELISA_Reader_02,4,A4,A,4,BLANK,Blank,2,1,0.0,0.0,0.04102,0.0017,0.0017,N/A,0.0,,Pass
PLT-011,BATCH-03,2026-02-04,Analyst_B,ELISA_Reader_02,5,A5,A,5,SMP-0361,Unknown,1,2,,58.5997,0.19057,30.5075,61.015,Quantifiable,1.51,,Pass
PLT-011,BATCH-03,2026-02-04,Analyst_B,ELISA_Reader_02,6,A6,A,6,SMP-0361,Unknown,2,2,,58.5997,0.18709,29.8649,59.7299,Quantifiable,1.51,,Pass
PLT-011,BATCH-03,2026-02-04,Analyst_B,ELISA_Reader_02,7,A7,A,7,SMP-0362,Unknown,1,10,,234.215,0.15439,23.7612,237.6124,Quantifiable,3.15,,Pass
PLT-011,BATCH-03,2026-02-04,Analyst_B,ELISA_Reader_02,8,A8,A,8,SMP-0362,Unknown,2,10,,234.215,0.14892,22.7251,227.2515,Quantifiable,3.15,,Pass
PLT-011,BATCH-03,2026-02-04,Analyst_B,ELISA_Reader_02,9,A9,A,9,SMP-0363,Unknown,1,10,,14.8038,0.05033,1.535,15.35,<LLOQ,36.62,,Review
PLT-011,BATCH-03,2026-02-04,Analyst_B,ELISA_Reader_02,10,A10,A,10,SMP-0363,Unknown,2,10,,14.8038,0.05396,2.6076,26.0758,<LLOQ,36.62,,Review
PLT-011,BATCH-03,2026-02-04,Analyst_B,ELISA_Reader_02,11,A11,A,11,SMP-0364,Unknown,1,5,,1385.2994,1.23188,280.0559,1400.2794,Quantifiable,3.6,,Pass
PLT-011,BATCH-03,2026-02-04,Analyst_B,ELISA_Reader_02,12,A12,A,12,SMP-0364,Unknown,2,5,,1385.2994,1.19362,266.1404,1330.7021,Quantifiable,3.6,,Pass
PLT-011,BATCH-03,2026-02-04,Analyst_B,ELISA_Reader_02,13,B1,B,1,STD_1000,Standard,1,1,1000.0,1000.0,2.02726,938.3783,938.3783,N/A,6.84,98.61,Pass
PLT-011,BATCH-03,2026-02-04,Analyst_B,ELISA_Reader_02,14,B2,B,2,STD_1000,Standard,2,1,1000.0,1000.0,2.07229,1033.7861,1033.7861,N/A,6.84,98.61,Pass
PLT-011,BATCH-03,2026-02-04,Analyst_B,ELISA_Reader_02,15,B3,B,3,QC_Low,QC,1,1,50.0,50.0,0.30275,50.9675,50.9675,N/A,3.91,99.19,Pass
PLT-011,BATCH-03,2026-02-04,Analyst_B,ELISA_Reader_02,16,B4,B,4,QC_Low,QC,2,1,50.0,50.0,0.28769,48.2271,48.2271,N/A,3.91,99.19,Pass
PLT-011,BATCH-03,2026-02-04,Analyst_B,ELISA_Reader_02,17,B5,B,5,SMP-0365,Unknown,1,2,,74.4074,0.22331,36.5128,73.0256,Quantifiable,3.79,,Pass
PLT-011,BATCH-03,2026-02-04,Analyst_B,ELISA_Reader_02,18,B6,B,6,SMP-0365,Unknown,2,2,,74.4074,0.23435,38.5263,77.0527,Quantifiable,3.79,,Pass
PLT-011,BATCH-03,2026-02-04,Analyst_B,ELISA_Reader_02,19,B7,B,7,SMP-0366,Unknown,1,1,,1256.4975,2.14127,1218.3256,1218.3256,Quantifiable,0.58,,Pass
PLT-011,BATCH-03,2026-02-04,Analyst_B,ELISA_Reader_02,20,B8,B,8,SMP-0366,Unknown,2,1,,1256.4975,2.13803,1208.3515,1208.3515,Quantifiable,0.58,,Pass
PLT-011,BATCH-03,2026-02-04,Analyst_B,ELISA_Reader_02,21,B9,B,9,SMP-0367,Unknown,1,2,,10.1703,0.06031,4.2934,8.5868,<LLOQ,13.99,,Pass
PLT-011,BATCH-03,2026-02-04,Analyst_B,ELISA_Reader_02,22,B10,B,10,SMP-0367,Unknown,2,2,,10.1703,0.05732,3.5202,7.0404,<LLOQ,13.99,,Pass
PLT-011,BATCH-03,2026-02-04,Analyst_B,ELISA_Reader_02,23,B11,B,11,SMP-0368,Unknown,1,10,,16.7026,0.0547,2.8138,28.1381,<LLOQ,20.59,,Review
PLT-011,BATCH-03,2026-02-04,Analyst_B,ELISA_Reader_02,24,B12,B,12,SMP-0368,Unknown,2,10,,16.7026,0.05218,2.0985,20.9849,<LLOQ,20.59,,Review
PLT-011,BATCH-03,2026-02-04,Analyst_B,ELISA_Reader_02,25,C1,C,1,STD_500,Standard,1,1,500.0,500.0,1.672,511.4241,511.4241,N/A,2.6,100.44,Pass
PLT-011,BATCH-03,2026-02-04,Analyst_B,ELISA_Reader_02,26,C2,C,2,STD_500,Standard,2,1,500.0,500.0,1.64688,492.9796,492.9796,N/A,2.6,100.44,Pass
PLT-011,BATCH-03,2026-02-04,Analyst_B,ELISA_Reader_02,27,C3,C,3,QC_Mid,QC,1,1,300.0,300.0,1.28432,300.2594,300.2594,N/A,1.96,98.72,Pass
PLT-011,BATCH-03,2026-02-04,Analyst_B,ELISA_Reader_02,28,C4,C,4,QC_Mid,QC,2,1,300.0,300.0,1.26347,292.0606,292.0606,N/A,1.96,98.72,Pass
PLT-011,BATCH-03,2026-02-04,Analyst_B,ELISA_Reader_02,29,C5,C,5,SMP-0369,Unknown,1,2,,20.5977,0.09034,11.1159,22.2317,<LLOQ,3.31,,Pass
PLT-011,BATCH-03,2026-02-04,Analyst_B,ELISA_Reader_02,30,C6,C,6,SMP-0369,Unknown,2,2,,20.5977,0.09287,11.6483,23.2966,<LLOQ,3.31,,Pass
PLT-011,BATCH-03,2026-02-04,Analyst_B,ELISA_Reader_02,31,C7,C,7,SMP-0370,Unknown,1,1,,332.3824,1.35162,328.3494,328.3494,Quantifiable,0.79,,Pass
PLT-011,BATCH-03,2026-02-04,Analyst_B,ELISA_Reader_02,32,C8,C,8,SMP-0370,Unknown,2,1,,332.3824,1.36006,332.0596,332.0596,Quantifiable,0.79,,Pass
PLT-011,BATCH-03,2026-02-04,Analyst_B,ELISA_Reader_02,33,C9,C,9,SMP-0371,Unknown,1,1,,287.1615,1.25329,288.1371,288.1371,Quantifiable,0.31,,Pass
PLT-011,BATCH-03,2026-02-04,Analyst_B,ELISA_Reader_02,34,C10,C,10,SMP-0371,Unknown,2,1,,287.1615,1.25,286.8821,286.8821,Quantifiable,0.31,,Pass
PLT-011,BATCH-03,2026-02-04,Analyst_B,ELISA_Reader_02,35,C11,C,11,SMP-0372,Unknown,1,5,,468.6088,0.52966,93.7523,468.7617,Quantifiable,0.43,,Pass
PLT-011,BATCH-03,2026-02-04,Analyst_B,ELISA_Reader_02,36,C12,C,12,SMP-0372,Unknown,2,5,,468.6088,0.52677,93.1801,465.9006,Quantifiable,0.43,,Pass
PLT-011,BATCH-03,2026-02-04,Analyst_B,ELISA_Reader_02,37,D1,D,1,STD_250,Standard,1,1,250.0,250.0,1.12013,241.1406,241.1406,N/A,0.94,97.1,Pass
PLT-011,BATCH-03,2026-02-04,Analyst_B,ELISA_Reader_02,38,D2,D,2,STD_250,Standard,2,1,250.0,250.0,1.12993,244.351,244.351,N/A,0.94,97.1,Pass
PLT-011,BATCH-03,2026-02-04,Analyst_B,ELISA_Reader_02,39,D3,D,3,QC_High,QC,1,1,1200.0,1200.0,2.13984,1213.8989,1213.8989,N/A,4.49,104.47,Pass
PLT-011,BATCH-03,2026-02-04,Analyst_B,ELISA_Reader_02,40,D4,D,4,QC_High,QC,2,1,1200.0,1200.0,2.16417,1293.4907,1293.4907,N/A,4.49,104.47,Pass
PLT-011,BATCH-03,2026-02-04,Analyst_B,ELISA_Reader_02,41,D5,D,5,SMP-0373,Unknown,1,10,,42.1359,0.05831,3.779,37.79,<LLOQ,29.04,,Review
PLT-011,BATCH-03,2026-02-04,Analyst_B,ELISA_Reader_02,42,D6,D,6,SMP-0373,Unknown,2,10,,42.1359,0.06617,5.7322,57.3224,<LLOQ,29.04,,Review
PLT-011,BATCH-03,2026-02-04,Analyst_B,ELISA_Reader_02,43,D7,D,7,SMP-0374,Unknown,1,5,,690.5295,0.73493,137.1171,685.5856,Quantifiable,0.39,,Pass
PLT-011,BATCH-03,2026-02-04,Analyst_B,ELISA_Reader_02,44,D8,D,8,SMP-0374,Unknown,2,5,,690.5295,0.73162,136.3694,681.8471,Quantifiable,0.39,,Pass
PLT-011,BATCH-03,2026-02-04,Analyst_B,ELISA_Reader_02,45,D9,D,9,SMP-0375,Unknown,1,5,,21.1862,0.06249,4.8396,24.1982,<LLOQ,0.14,,Pass
PLT-011,BATCH-03,2026-02-04,Analyst_B,ELISA_Reader_02,46,D10,D,10,SMP-0375,Unknown,2,5,,21.1862,0.06253,4.8494,24.247,<LLOQ,0.14,,Pass
PLT-011,BATCH-03,2026-02-04,Analyst_B,ELISA_Reader_02,47,D11,D,11,SMP-0376,Unknown,1,2,,49.3002,0.16212,25.2163,50.4326,Quantifiable,2.44,,Pass
PLT-011,BATCH-03,2026-02-04,Analyst_B,ELISA_Reader_02,48,D12,D,12,SMP-0376,Unknown,2,2,,49.3002,0.15757,24.3606,48.7212,Quantifiable,2.44,,Pass
PLT-011,BATCH-03,2026-02-04,Analyst_B,ELISA_Reader_02,49,E1,E,1,STD_125,Standard,1,1,125.0,125.0,0.69944,129.179,129.179,N/A,1.99,101.91,Pass
PLT-011,BATCH-03,2026-02-04,Analyst_B,ELISA_Reader_02,50,E2,E,2,STD_125,Standard,2,1,125.0,125.0,0.68313,125.5999,125.5999,N/A,1.99,101.91,Pass
PLT-011,BATCH-03,2026-02-04,Analyst_B,ELISA_Reader_02,51,E3,E,3,SMP-0377,Unknown,1,2,,83.7109,0.25042,41.4501,82.9003,Quantifiable,0.19,,Pass
PLT-011,BATCH-03,2026-02-04,Analyst_B,ELISA_Reader_02,52,E4,E,4,SMP-0377,Unknown,2,2,,83.7109,0.25104,41.5628,83.1255,Quantifiable,0.19,,Pass
PLT-011,BATCH-03,2026-02-04,Analyst_B,ELISA_Reader_02,53,E5,E,5,SMP-0378,Unknown,1,2,,1152.2123,1.76309,587.0512,1174.1025,Quantifiable,1.85,,Pass
PLT-011,BATCH-03,2026-02-04,Analyst_B,ELISA_Reader_02,54,E6,E,6,SMP-0378,Unknown,2,2,,1152.2123,1.74624,571.9024,1143.8048,Quantifiable,1.85,,Pass
PLT-011,BATCH-03,2026-02-04,Analyst_B,ELISA_Reader_02,55,E7,E,7,SMP-0379,Unknown,1,1,,14.5417,0.11289,15.7321,15.7321,<LLOQ,2.75,,Pass
PLT-011,BATCH-03,2026-02-04,Analyst_B,ELISA_Reader_02,56,E8,E,8,SMP-0379,Unknown,2,1,,14.5417,0.10989,15.1328,15.1328,<LLOQ,2.75,,Pass
PLT-011,BATCH-03,2026-02-04,Analyst_B,ELISA_Reader_02,57,E9,E,9,SMP-0380,Unknown,1,5,,1759.6536,1.38217,341.999,1709.9948,Quantifiable,2.07,,Pass
PLT-011,BATCH-03,2026-02-04,Analyst_B,ELISA_Reader_02,58,E10,E,10,SMP-0380,Unknown,2,5,,1759.6536,1.40409,352.1808,1760.9038,Quantifiable,2.07,,Pass
PLT-011,BATCH-03,2026-02-04,Analyst_B,ELISA_Reader_02,59,E11,E,11,SMP-0381,Unknown,1,1,,14.353,0.10946,15.0467,15.0467,<LLOQ,6.72,,Pass
PLT-011,BATCH-03,2026-02-04,Analyst_B,ELISA_Reader_02,60,E12,E,12,SMP-0381,Unknown,2,1,,14.353,0.10271,13.6808,13.6808,<LLOQ,6.72,,Pass
PLT-011,BATCH-03,2026-02-04,Analyst_B,ELISA_Reader_02,61,F1,F,1,STD_62.5,Standard,1,1,62.5,62.5,0.37082,63.4488,63.4488,N/A,2.25,99.93,Pass
PLT-011,BATCH-03,2026-02-04,Analyst_B,ELISA_Reader_02,62,F2,F,2,STD_62.5,Standard,2,1,62.5,62.5,0.36003,61.4575,61.4575,N/A,2.25,99.93,Pass
PLT-011,BATCH-03,2026-02-04,Analyst_B,ELISA_Reader_02,63,F3,F,3,SMP-0382,Unknown,1,1,,17.5292,0.1254,18.2001,18.2001,<LLOQ,11.52,,Pass
PLT-011,BATCH-03,2026-02-04,Analyst_B,ELISA_Reader_02,64,F4,F,4,SMP-0382,Unknown,2,1,,17.5292,0.11151,15.4573,15.4573,<LLOQ,11.52,,Pass
PLT-011,BATCH-03,2026-02-04,Analyst_B,ELISA_Reader_02,65,F5,F,5,SMP-0383,Unknown,1,1,,2519.9651,2.35379,2578.993,2578.993,>ULOQ,7.62,,Pass
PLT-011,BATCH-03,2026-02-04,Analyst_B,ELISA_Reader_02,66,F6,F,6,SMP-0383,Unknown,2,1,,2519.9651,2.37327,2872.7385,2872.7385,>ULOQ,7.62,,Pass
PLT-011,BATCH-03,2026-02-04,Analyst_B,ELISA_Reader_02,67,F7,F,7,SMP-0384,Unknown,1,5,,115.1503,0.15487,23.8516,119.2578,Quantifiable,2.5,,Pass
PLT-011,BATCH-03,2026-02-04,Analyst_B,ELISA_Reader_02,68,F8,F,8,SMP-0384,Unknown,2,5,,115.1503,0.15943,24.7112,123.5558,Quantifiable,2.5,,Pass
PLT-011,BATCH-03,2026-02-04,Analyst_B,ELISA_Reader_02,69,F9,F,9,SMP-0385,Unknown,1,1,,442.7777,1.5573,434.0196,434.0196,Quantifiable,1.82,,Pass
PLT-011,BATCH-03,2026-02-04,Analyst_B,ELISA_Reader_02,70,F10,F,10,SMP-0385,Unknown,2,1,,442.7777,1.53877,422.9775,422.9775,Quantifiable,1.82,,Pass
PLT-011,BATCH-03,2026-02-04,Analyst_B,ELISA_Reader_02,71,F11,F,11,SMP-0386,Unknown,1,1,,18.4391,0.12902,18.9056,18.9056,<LLOQ,2.36,,Pass
PLT-011,BATCH-03,2026-02-04,Analyst_B,ELISA_Reader_02,72,F12,F,12,SMP-0386,Unknown,2,1,,18.4391,0.13233,19.5485,19.5485,<LLOQ,2.36,,Pass
PLT-011,BATCH-03,2026-02-04,Analyst_B,ELISA_Reader_02,73,G1,G,1,STD_31.25,Standard,1,1,31.25,31.25,0.19598,31.5056,31.5056,N/A,4.65,97.61,Pass
PLT-011,BATCH-03,2026-02-04,Analyst_B,ELISA_Reader_02,74,G2,G,2,STD_31.25,Standard,2,1,31.25,31.25,0.18511,29.4994,29.4994,N/A,4.65,97.61,Pass
PLT-011,BATCH-03,2026-02-04,Analyst_B,ELISA_Reader_02,75,G3,G,3,SMP-0387,Unknown,1,2,,1453.9222,1.85829,685.0985,1370.197,Quantifiable,7.08,,Pass
PLT-011,BATCH-03,2026-02-04,Analyst_B,ELISA_Reader_02,76,G4,G,4,SMP-0387,Unknown,2,2,,1453.9222,1.91581,757.2572,1514.5144,Quantifiable,7.08,,Pass
PLT-011,BATCH-03,2026-02-04,Analyst_B,ELISA_Reader_02,77,G5,G,5,SMP-0388,Unknown,1,10,,351.8429,0.20976,34.0351,340.3505,Quantifiable,1.77,,Pass
PLT-011,BATCH-03,2026-02-04,Analyst_B,ELISA_Reader_02,78,G6,G,6,SMP-0388,Unknown,2,10,,351.8429,0.21446,34.8962,348.9624,Quantifiable,1.77,,Pass
PLT-011,BATCH-03,2026-02-04,Analyst_B,ELISA_Reader_02,79,G7,G,7,SMP-0389,Unknown,1,5,,183.7842,0.2313,37.9694,189.8469,Quantifiable,3.44,,Pass
PLT-011,BATCH-03,2026-02-04,Analyst_B,ELISA_Reader_02,80,G8,G,8,SMP-0389,Unknown,2,5,,183.7842,0.22142,36.1681,180.8407,Quantifiable,3.44,,Pass
PLT-011,BATCH-03,2026-02-04,Analyst_B,ELISA_Reader_02,81,G9,G,9,SMP-0390,Unknown,1,2,,8.8675,0.06161,4.6194,9.2388,<LLOQ,10.1,,Pass
PLT-011,BATCH-03,2026-02-04,Analyst_B,ELISA_Reader_02,82,G10,G,10,SMP-0390,Unknown,2,2,,8.8675,0.05917,4.0033,8.0066,<LLOQ,10.1,,Pass
PLT-011,BATCH-03,2026-02-04,Analyst_B,ELISA_Reader_02,83,G11,G,11,SMP-0391,Unknown,1,5,,16.4804,0.06135,4.5543,22.7715,<LLOQ,12.04,,Pass
PLT-011,BATCH-03,2026-02-04,Analyst_B,ELISA_Reader_02,84,G12,G,12,SMP-0391,Unknown,2,5,,16.4804,0.06479,5.4016,27.008,<LLOQ,12.04,,Pass
PLT-011,BATCH-03,2026-02-04,Analyst_B,ELISA_Reader_02,85,H1,H,1,STD_15.625,Standard,1,1,15.625,15.625,0.11023,15.2005,15.2005,N/A,4.24,100.29,Pass
PLT-011,BATCH-03,2026-02-04,Analyst_B,ELISA_Reader_02,86,H2,H,2,STD_15.625,Standard,2,1,15.625,15.625,0.11494,16.1411,16.1411,N/A,4.24,100.29,Pass
PLT-011,BATCH-03,2026-02-04,Analyst_B,ELISA_Reader_02,87,H3,H,3,SMP-0392,Unknown,1,2,,15.2952,0.0719,7.0731,14.1462,<LLOQ,1.0,,Pass
PLT-011,BATCH-03,2026-02-04,Analyst_B,ELISA_Reader_02,88,H4,H,4,SMP-0392,Unknown,2,2,,15.2952,0.07234,7.1738,14.3476,<LLOQ,1.0,,Pass
PLT-011,BATCH-03,2026-02-04,Analyst_B,ELISA_Reader_02,89,H5,H,5,SMP-0393,Unknown,1,1,,33.1734,0.20372,32.9272,32.9272,Quantifiable,5.25,,Pass
PLT-011,BATCH-03,2026-02-04,Analyst_B,ELISA_Reader_02,90,H6,H,6,SMP-0393,Unknown,2,1,,33.1734,0.21758,35.4662,35.4662,Quantifiable,5.25,,Pass
PLT-011,BATCH-03,2026-02-04,Analyst_B,ELISA_Reader_02,91,H7,H,7,SMP-0394,Unknown,1,2,,59.9958,0.18727,29.8974,59.7949,Quantifiable,3.44,,Pass
PLT-011,BATCH-03,2026-02-04,Analyst_B,ELISA_Reader_02,92,H8,H,8,SMP-0394,Unknown,2,2,,59.9958,0.19535,31.389,62.778,Quantifiable,3.44,,Pass
PLT-011,BATCH-03,2026-02-04,Analyst_B,ELISA_Reader_02,93,H9,H,9,SMP-0395,Unknown,1,5,,683.4223,0.74125,138.5542,692.7708,Quantifiable,2.31,,Pass
PLT-011,BATCH-03,2026-02-04,Analyst_B,ELISA_Reader_02,94,H10,H,10,SMP-0395,Unknown,2,5,,683.4223,0.72156,134.1017,670.5085,Quantifiable,2.31,,Pass
PLT-011,BATCH-03,2026-02-04,Analyst_B,ELISA_Reader_02,95,H11,H,11,SMP-0396,Unknown,1,10,,270.7777,0.17652,27.9054,279.0537,Quantifiable,3.05,,Pass
PLT-011,BATCH-03,2026-02-04,Analyst_B,ELISA_Reader_02,96,H12,H,12,SMP-0396,Unknown,2,10,,270.7777,0.17019,26.7269,267.2687,Quantifiable,3.05,,Pass
PLT-012,BATCH-03,2026-02-07,Analyst_C,ELISA_Reader_01,1,A1,A,1,STD_2000,Standard,1,1,2000.0,2000.0,2.22881,2141.0344,2141.0344,N/A,5.03,111.0,Pass
PLT-012,BATCH-03,2026-02-07,Analyst_C,ELISA_Reader_01,2,A2,A,2,STD_2000,Standard,2,1,2000.0,2000.0,2.24516,2298.8508,2298.8508,N/A,5.03,111.0,Pass
PLT-012,BATCH-03,2026-02-07,Analyst_C,ELISA_Reader_01,3,A3,A,3,BLANK,Blank,1,1,0.0,0.0,0.04343,0.001,0.001,N/A,139.04,,Pass
PLT-012,BATCH-03,2026-02-07,Analyst_C,ELISA_Reader_01,4,A4,A,4,BLANK,Blank,2,1,0.0,0.0,0.05454,0.1177,0.1177,N/A,139.04,,Pass
PLT-012,BATCH-03,2026-02-07,Analyst_C,ELISA_Reader_01,5,A5,A,5,SMP-0397,Unknown,1,1,,2297.2155,2.26875,2571.4175,2571.4175,>ULOQ,12.39,,Pass
PLT-012,BATCH-03,2026-02-07,Analyst_C,ELISA_Reader_01,6,A6,A,6,SMP-0397,Unknown,2,1,,2297.2155,2.23059,2157.2045,2157.2045,>ULOQ,12.39,,Pass
PLT-012,BATCH-03,2026-02-07,Analyst_C,ELISA_Reader_01,7,A7,A,7,SMP-0398,Unknown,1,5,,32.3429,0.0809,6.3312,31.6558,<LLOQ,1.97,,Pass
PLT-012,BATCH-03,2026-02-07,Analyst_C,ELISA_Reader_01,8,A8,A,8,SMP-0398,Unknown,2,5,,32.3429,0.08006,6.157,30.785,<LLOQ,1.97,,Pass
PLT-012,BATCH-03,2026-02-07,Analyst_C,ELISA_Reader_01,9,A9,A,9,SMP-0399,Unknown,1,1,,17.3164,0.13541,16.8856,16.8856,<LLOQ,5.47,,Pass
PLT-012,BATCH-03,2026-02-07,Analyst_C,ELISA_Reader_01,10,A10,A,10,SMP-0399,Unknown,2,1,,17.3164,0.14275,18.2443,18.2443,<LLOQ,5.47,,Pass
PLT-012,BATCH-03,2026-02-07,Analyst_C,ELISA_Reader_01,11,A11,A,11,SMP-0400,Unknown,1,1,,322.9844,1.2991,324.257,324.257,Quantifiable,2.91,,Pass
PLT-012,BATCH-03,2026-02-07,Analyst_C,ELISA_Reader_01,12,A12,A,12,SMP-0400,Unknown,2,1,,322.9844,1.32769,337.8886,337.8886,Quantifiable,2.91,,Pass
PLT-012,BATCH-03,2026-02-07,Analyst_C,ELISA_Reader_01,13,B1,B,1,STD_1000,Standard,1,1,1000.0,1000.0,1.97335,1001.8207,1001.8207,N/A,7.31,105.65,Pass
PLT-012,BATCH-03,2026-02-07,Analyst_C,ELISA_Reader_01,14,B2,B,2,STD_1000,Standard,2,1,1000.0,1000.0,2.01793,1111.1114,1111.1114,N/A,7.31,105.65,Pass
PLT-012,BATCH-03,2026-02-07,Analyst_C,ELISA_Reader_01,15,B3,B,3,QC_Low,QC,1,1,50.0,50.0,0.31983,50.4137,50.4137,N/A,0.7,101.33,Pass
PLT-012,BATCH-03,2026-02-07,Analyst_C,ELISA_Reader_01,16,B4,B,4,QC_Low,QC,2,1,50.0,50.0,0.32254,50.9138,50.9138,N/A,0.7,101.33,Pass
PLT-012,BATCH-03,2026-02-07,Analyst_C,ELISA_Reader_01,17,B5,B,5,SMP-0401,Unknown,1,2,,8.8037,0.07816,5.7597,11.5194,<LLOQ,44.99,,Review
PLT-012,BATCH-03,2026-02-07,Analyst_C,ELISA_Reader_01,18,B6,B,6,SMP-0401,Unknown,2,2,,8.8037,0.06546,2.9794,5.9587,<LLOQ,44.99,,Review
PLT-012,BATCH-03,2026-02-07,Analyst_C,ELISA_Reader_01,19,B7,B,7,SMP-0402,Unknown,1,2,,58.9439,0.21122,30.6927,61.3854,Quantifiable,1.03,,Pass
PLT-012,BATCH-03,2026-02-07,Analyst_C,ELISA_Reader_01,20,B8,B,8,SMP-0402,Unknown,2,2,,58.9439,0.20877,30.2492,60.4985,Quantifiable,1.03,,Pass
PLT-012,BATCH-03,2026-02-07,Analyst_C,ELISA_Reader_01,21,B9,B,9,SMP-0403,Unknown,1,1,,539.552,1.64077,540.6585,540.6585,Quantifiable,1.15,,Pass
PLT-012,BATCH-03,2026-02-07,Analyst_C,ELISA_Reader_01,22,B10,B,10,SMP-0403,Unknown,2,1,,539.552,1.65087,549.5076,549.5076,Quantifiable,1.15,,Pass
PLT-012,BATCH-03,2026-02-07,Analyst_C,ELISA_Reader_01,23,B11,B,11,SMP-0404,Unknown,1,10,,78.2628,0.08509,7.1932,71.9324,<LLOQ,12.88,,Pass
PLT-012,BATCH-03,2026-02-07,Analyst_C,ELISA_Reader_01,24,B12,B,12,SMP-0404,Unknown,2,10,,78.2628,0.09225,8.6347,86.3474,<LLOQ,12.88,,Pass
PLT-012,BATCH-03,2026-02-07,Analyst_C,ELISA_Reader_01,25,C1,C,1,STD_500,Standard,1,1,500.0,500.0,1.59112,499.8638,499.8638,N/A,0.83,100.57,Pass
PLT-012,BATCH-03,2026-02-07,Analyst_C,ELISA_Reader_01,26,C2,C,2,STD_500,Standard,2,1,500.0,500.0,1.59867,505.7925,505.7925,N/A,0.83,100.57,Pass
PLT-012,BATCH-03,2026-02-07,Analyst_C,ELISA_Reader_01,27,C3,C,3,QC_Mid,QC,1,1,300.0,300.0,1.23134,294.1719,294.1719,N/A,53.17,157.14,Fail
PLT-012,BATCH-03,2026-02-07,Analyst_C,ELISA_Reader_01,28,C4,C,4,QC_Mid,QC,2,1,300.0,300.0,1.7503,648.6695,648.6695,N/A,53.17,157.14,Fail
PLT-012,BATCH-03,2026-02-07,Analyst_C,ELISA_Reader_01,29,C5,C,5,SMP-0405,Unknown,1,5,,839.8684,0.85095,166.3673,831.8363,Quantifiable,1.65,,Pass
PLT-012,BATCH-03,2026-02-07,Analyst_C,ELISA_Reader_01,30,C6,C,6,SMP-0405,Unknown,2,5,,839.8684,0.86539,170.287,851.4351,Quantifiable,1.65,,Pass
PLT-012,BATCH-03,2026-02-07,Analyst_C,ELISA_Reader_01,31,C7,C,7,SMP-0406,Unknown,1,2,,2564.1123,2.08477,1319.6018,2639.2037,Quantifiable,5.9,,Pass
PLT-012,BATCH-03,2026-02-07,Analyst_C,ELISA_Reader_01,32,C8,C,8,SMP-0406,Unknown,2,2,,2564.1123,2.05345,1213.9794,2427.9587,Quantifiable,5.9,,Pass
PLT-012,BATCH-03,2026-02-07,Analyst_C,ELISA_Reader_01,33,C9,C,9,SMP-0407,Unknown,1,10,,31.4092,0.06697,3.3262,33.2621,<LLOQ,1.16,,Pass
PLT-012,BATCH-03,2026-02-07,Analyst_C,ELISA_Reader_01,34,C10,C,10,SMP-0407,Unknown,2,10,,31.4092,0.06721,3.3811,33.8112,<LLOQ,1.16,,Pass
PLT-012,BATCH-03,2026-02-07,Analyst_C,ELISA_Reader_01,35,C11,C,11,SMP-0408,Unknown,1,10,,398.8608,0.26168,39.8055,398.0555,Quantifiable,3.3,,Pass
PLT-012,BATCH-03,2026-02-07,Analyst_C,ELISA_Reader_01,36,C12,C,12,SMP-0408,Unknown,2,10,,398.8608,0.27217,41.7075,417.0748,Quantifiable,3.3,,Pass
PLT-012,BATCH-03,2026-02-07,Analyst_C,ELISA_Reader_01,37,D1,D,1,STD_250,Standard,1,1,250.0,250.0,1.10287,244.3052,244.3052,N/A,1.7,98.91,Pass
PLT-012,BATCH-03,2026-02-07,Analyst_C,ELISA_Reader_01,38,D2,D,2,STD_250,Standard,2,1,250.0,250.0,1.11932,250.2335,250.2335,N/A,1.7,98.91,Pass
PLT-012,BATCH-03,2026-02-07,Analyst_C,ELISA_Reader_01,39,D3,D,3,QC_High,QC,1,1,1200.0,1200.0,2.05431,1216.673,1216.673,N/A,7.96,107.44,Pass
PLT-012,BATCH-03,2026-02-07,Analyst_C,ELISA_Reader_01,40,D4,D,4,QC_High,QC,2,1,1200.0,1200.0,2.09606,1361.8134,1361.8134,N/A,7.96,107.44,Pass
PLT-012,BATCH-03,2026-02-07,Analyst_C,ELISA_Reader_01,41,D5,D,5,SMP-0409,Unknown,1,5,,27.579,0.08434,7.0399,35.1997,<LLOQ,48.23,,Review
PLT-012,BATCH-03,2026-02-07,Analyst_C,ELISA_Reader_01,42,D6,D,6,SMP-0409,Unknown,2,5,,27.579,0.06756,3.4596,17.2978,<LLOQ,48.23,,Review
PLT-012,BATCH-03,2026-02-07,Analyst_C,ELISA_Reader_01,43,D7,D,7,SMP-0410,Unknown,1,10,,170.5563,0.12954,15.7929,157.9287,<LLOQ,7.33,,Pass
PLT-012,BATCH-03,2026-02-07,Analyst_C,ELISA_Reader_01,44,D8,D,8,SMP-0410,Unknown,2,10,,170.5563,0.13883,17.5191,175.191,<LLOQ,7.33,,Pass
PLT-012,BATCH-03,2026-02-07,Analyst_C,ELISA_Reader_01,45,D9,D,9,SMP-0411,Unknown,1,2,,81.7632,0.27235,41.7397,83.4795,Quantifiable,1.37,,Pass
PLT-012,BATCH-03,2026-02-07,Analyst_C,ELISA_Reader_01,46,D10,D,10,SMP-0411,Unknown,2,2,,81.7632,0.27685,42.5568,85.1136,Quantifiable,1.37,,Pass
PLT-012,BATCH-03,2026-02-07,Analyst_C,ELISA_Reader_01,47,D11,D,11,SMP-0412,Unknown,1,1,,439.2591,1.51384,444.0685,444.0685,Quantifiable,0.27,,Pass
PLT-012,BATCH-03,2026-02-07,Analyst_C,ELISA_Reader_01,48,D12,D,12,SMP-0412,Unknown,2,1,,439.2591,1.51132,442.3842,442.3842,Quantifiable,0.27,,Pass
PLT-012,BATCH-03,2026-02-07,Analyst_C,ELISA_Reader_01,49,E1,E,1,STD_125,Standard,1,1,125.0,125.0,0.68011,123.8181,123.8181,N/A,0.03,99.08,Pass
PLT-012,BATCH-03,2026-02-07,Analyst_C,ELISA_Reader_01,50,E2,E,2,STD_125,Standard,2,1,125.0,125.0,0.68037,123.8776,123.8776,N/A,0.03,99.08,Pass
PLT-012,BATCH-03,2026-02-07,Analyst_C,ELISA_Reader_01,51,E3,E,3,SMP-0413,Unknown,1,1,,555.6789,1.68031,576.4822,576.4822,Quantifiable,3.0,,Pass
PLT-012,BATCH-03,2026-02-07,Analyst_C,ELISA_Reader_01,52,E4,E,4,SMP-0413,Unknown,2,1,,555.6789,1.65423,552.4987,552.4987,Quantifiable,3.0,,Pass
PLT-012,BATCH-03,2026-02-07,Analyst_C,ELISA_Reader_01,53,E5,E,5,SMP-0414,Unknown,1,1,,627.2703,1.74335,640.9249,640.9249,Quantifiable,2.33,,Pass
PLT-012,BATCH-03,2026-02-07,Analyst_C,ELISA_Reader_01,54,E6,E,6,SMP-0414,Unknown,2,1,,627.2703,1.76233,662.3961,662.3961,Quantifiable,2.33,,Pass
PLT-012,BATCH-03,2026-02-07,Analyst_C,ELISA_Reader_01,55,E7,E,7,SMP-0415,Unknown,1,10,,32.6434,0.07187,4.4145,44.1453,<LLOQ,58.83,,Review
PLT-012,BATCH-03,2026-02-07,Analyst_C,ELISA_Reader_01,56,E8,E,8,SMP-0415,Unknown,2,10,,32.6434,0.06061,1.8209,18.2086,<LLOQ,58.83,,Review
PLT-012,BATCH-03,2026-02-07,Analyst_C,ELISA_Reader_01,57,E9,E,9,SMP-0416,Unknown,1,2,,18.6697,0.09649,9.4765,18.953,<LLOQ,0.07,,Pass
PLT-012,BATCH-03,2026-02-07,Analyst_C,ELISA_Reader_01,58,E10,E,10,SMP-0416,Unknown,2,2,,18.6697,0.09654,9.4862,18.9723,<LLOQ,0.07,,Pass
PLT-012,BATCH-03,2026-02-07,Analyst_C,ELISA_Reader_01,59,E11,E,11,SMP-0417,Unknown,1,5,,403.7976,0.47161,79.3334,396.6671,Quantifiable,0.64,,Pass
PLT-012,BATCH-03,2026-02-07,Analyst_C,ELISA_Reader_01,60,E12,E,12,SMP-0417,Unknown,2,5,,403.7976,0.46797,78.6131,393.0655,Quantifiable,0.64,,Pass
PLT-012,BATCH-03,2026-02-07,Analyst_C,ELISA_Reader_01,61,F1,F,1,STD_62.5,Standard,1,1,62.5,62.5,0.39188,63.872,63.872,N/A,2.91,100.13,Pass
PLT-012,BATCH-03,2026-02-07,Analyst_C,ELISA_Reader_01,62,F2,F,2,STD_62.5,Standard,2,1,62.5,62.5,0.37826,61.2945,61.2945,N/A,2.91,100.13,Pass
PLT-012,BATCH-03,2026-02-07,Analyst_C,ELISA_Reader_01,63,F3,F,3,SMP-0418,Unknown,1,2,,903.9747,1.5222,449.7052,899.4103,Quantifiable,0.16,,Pass
PLT-012,BATCH-03,2026-02-07,Analyst_C,ELISA_Reader_01,64,F4,F,4,SMP-0418,Unknown,2,2,,903.9747,1.52073,448.7083,897.4165,Quantifiable,0.16,,Pass
PLT-012,BATCH-03,2026-02-07,Analyst_C,ELISA_Reader_01,65,F5,F,5,SMP-0419,Unknown,1,1,,34.8891,0.23299,34.6202,34.6202,Quantifiable,1.18,,Pass
PLT-012,BATCH-03,2026-02-07,Analyst_C,ELISA_Reader_01,66,F6,F,6,SMP-0419,Unknown,2,1,,34.8891,0.22981,34.0463,34.0463,Quantifiable,1.18,,Pass
PLT-012,BATCH-03,2026-02-07,Analyst_C,ELISA_Reader_01,67,F7,F,7,SMP-0420,Unknown,1,1,,877.3486,1.94179,935.0036,935.0036,Quantifiable,4.26,,Pass
PLT-012,BATCH-03,2026-02-07,Analyst_C,ELISA_Reader_01,68,F8,F,8,SMP-0420,Unknown,2,1,,877.3486,1.91302,880.3247,880.3247,Quantifiable,4.26,,Pass
PLT-012,BATCH-03,2026-02-07,Analyst_C,ELISA_Reader_01,69,F9,F,9,SMP-0421,Unknown,1,1,,101.8988,0.59343,104.4959,104.4959,Quantifiable,3.29,,Pass
PLT-012,BATCH-03,2026-02-07,Analyst_C,ELISA_Reader_01,70,F10,F,10,SMP-0421,Unknown,2,1,,101.8988,0.57122,99.7483,99.7483,Quantifiable,3.29,,Pass
PLT-012,BATCH-03,2026-02-07,Analyst_C,ELISA_Reader_01,71,F11,F,11,SMP-0422,Unknown,1,1,,15.9012,0.13266,16.3743,16.3743,<LLOQ,6.33,,Pass
PLT-012,BATCH-03,2026-02-07,Analyst_C,ELISA_Reader_01,72,F12,F,12,SMP-0422,Unknown,2,1,,15.9012,0.12515,14.9711,14.9711,<LLOQ,6.33,,Pass
PLT-012,BATCH-03,2026-02-07,Analyst_C,ELISA_Reader_01,73,G1,G,1,STD_31.25,Standard,1,1,31.25,31.25,0.20947,30.3764,30.3764,N/A,4.7,100.54,Pass
PLT-012,BATCH-03,2026-02-07,Analyst_C,ELISA_Reader_01,74,G2,G,2,STD_31.25,Standard,2,1,31.25,31.25,0.22104,32.4634,32.4634,N/A,4.7,100.54,Pass
PLT-012,BATCH-03,2026-02-07,Analyst_C,ELISA_Reader_01,75,G3,G,3,SMP-0423,Unknown,1,1,,19.6519,0.14612,18.8657,18.8657,<LLOQ,8.3,,Pass
PLT-012,BATCH-03,2026-02-07,Analyst_C,ELISA_Reader_01,76,G4,G,4,SMP-0423,Unknown,2,1,,19.6519,0.15894,21.2169,21.2169,Quantifiable,8.3,,Pass
PLT-012,BATCH-03,2026-02-07,Analyst_C,ELISA_Reader_01,77,G5,G,5,SMP-0424,Unknown,1,2,,2398.3197,2.05732,1226.2174,2452.4349,Quantifiable,2.26,,Pass
PLT-012,BATCH-03,2026-02-07,Analyst_C,ELISA_Reader_01,78,G6,G,6,SMP-0424,Unknown,2,2,,2398.3197,2.04487,1187.6465,2375.293,Quantifiable,2.26,,Pass
PLT-012,BATCH-03,2026-02-07,Analyst_C,ELISA_Reader_01,79,G7,G,7,SMP-0425,Unknown,1,2,,158.3729,0.46334,77.6976,155.3952,Quantifiable,2.54,,Pass
PLT-012,BATCH-03,2026-02-07,Analyst_C,ELISA_Reader_01,80,G8,G,8,SMP-0425,Unknown,2,2,,158.3729,0.47766,80.537,161.074,Quantifiable,2.54,,Pass
PLT-012,BATCH-03,2026-02-07,Analyst_C,ELISA_Reader_01,81,G9,G,9,SMP-0426,Unknown,1,5,,2037.7694,1.46792,414.61,2073.0502,Quantifiable,1.3,,Pass
PLT-012,BATCH-03,2026-02-07,Analyst_C,ELISA_Reader_01,82,G10,G,10,SMP-0426,Unknown,2,5,,2037.7694,1.45551,407.0603,2035.3013,Quantifiable,1.3,,Pass
PLT-012,BATCH-03,2026-02-07,Analyst_C,ELISA_Reader_01,83,G11,G,11,SMP-0427,Unknown,1,1,,24.3826,0.18223,25.4539,25.4539,Quantifiable,3.75,,Pass
PLT-012,BATCH-03,2026-02-07,Analyst_C,ELISA_Reader_01,84,G12,G,12,SMP-0427,Unknown,2,1,,24.3826,0.17498,24.1391,24.1391,Quantifiable,3.75,,Pass
PLT-012,BATCH-03,2026-02-07,Analyst_C,ELISA_Reader_01,85,H1,H,1,STD_15.625,Standard,1,1,15.625,15.625,0.13276,16.3923,16.3923,N/A,6.2,100.5,Pass
PLT-012,BATCH-03,2026-02-07,Analyst_C,ELISA_Reader_01,86,H2,H,2,STD_15.625,Standard,2,1,15.625,15.625,0.12539,15.0146,15.0146,N/A,6.2,100.5,Pass
PLT-012,BATCH-03,2026-02-07,Analyst_C,ELISA_Reader_01,87,H3,H,3,SMP-0428,Unknown,1,2,,12.2418,0.08917,8.0197,16.0394,<LLOQ,18.58,,Pass
PLT-012,BATCH-03,2026-02-07,Analyst_C,ELISA_Reader_01,88,H4,H,4,SMP-0428,Unknown,2,2,,12.2418,0.08006,6.1571,12.3142,<LLOQ,18.58,,Pass
PLT-012,BATCH-03,2026-02-07,Analyst_C,ELISA_Reader_01,89,H5,H,5,SMP-0429,Unknown,1,5,,14.2735,0.06808,3.5768,17.8842,<LLOQ,69.01,,Review
PLT-012,BATCH-03,2026-02-07,Analyst_C,ELISA_Reader_01,90,H6,H,6,SMP-0429,Unknown,2,5,,14.2735,0.0583,1.2309,6.1544,<LLOQ,69.01,,Review
PLT-012,BATCH-03,2026-02-07,Analyst_C,ELISA_Reader_01,91,H7,H,7,SMP-0430,Unknown,1,10,,130.2557,0.10447,11.0336,110.3364,<LLOQ,13.68,,Pass
PLT-012,BATCH-03,2026-02-07,Analyst_C,ELISA_Reader_01,92,H8,H,8,SMP-0430,Unknown,2,10,,130.2557,0.11681,13.3974,133.9738,<LLOQ,13.68,,Pass
PLT-012,BATCH-03,2026-02-07,Analyst_C,ELISA_Reader_01,93,H9,H,9,SMP-0431,Unknown,1,2,,2346.3902,2.0326,1151.682,2303.3641,Quantifiable,2.12,,Pass
PLT-012,BATCH-03,2026-02-07,Analyst_C,ELISA_Reader_01,94,H10,H,10,SMP-0431,Unknown,2,2,,2346.3902,2.04457,1186.7495,2373.499,Quantifiable,2.12,,Pass
PLT-012,BATCH-03,2026-02-07,Analyst_C,ELISA_Reader_01,95,H11,H,11,SMP-0432,Unknown,1,5,,479.1753,0.55251,95.8069,479.0346,Quantifiable,1.43,,Pass
PLT-012,BATCH-03,2026-02-07,Analyst_C,ELISA_Reader_01,96,H12,H,12,SMP-0432,Unknown,2,5,,479.1753,0.54333,93.8925,469.4625,Quantifiable,1.43,,Pass
PLT-013,BATCH-03,2026-02-10,Analyst_A,ELISA_Reader_01,1,A1,A,1,STD_2000,Standard,1,1,2000.0,2000.0,2.23964,2029.9121,2029.9121,N/A,15.53,91.45,Pass
PLT-013,BATCH-03,2026-02-10,Analyst_A,ELISA_Reader_01,2,A2,A,2,STD_2000,Standard,2,1,2000.0,2000.0,2.18124,1628.1531,1628.1531,N/A,15.53,91.45,Pass
PLT-013,BATCH-03,2026-02-10,Analyst_A,ELISA_Reader_01,3,A3,A,3,BLANK,Blank,1,1,0.0,0.0,0.0483,0.5085,0.5085,N/A,72.07,,Pass
PLT-013,BATCH-03,2026-02-10,Analyst_A,ELISA_Reader_01,4,A4,A,4,BLANK,Blank,2,1,0.0,0.0,0.05108,1.5653,1.5653,N/A,72.07,,Pass
PLT-013,BATCH-03,2026-02-10,Analyst_A,ELISA_Reader_01,5,A5,A,5,SMP-0433,Unknown,1,10,,680.7739,0.36857,66.1397,661.3968,Quantifiable,2.62,,Pass
PLT-013,BATCH-03,2026-02-10,Analyst_A,ELISA_Reader_01,6,A6,A,6,SMP-0433,Unknown,2,10,,680.7739,0.38145,68.634,686.3401,Quantifiable,2.62,,Pass
PLT-013,BATCH-03,2026-02-10,Analyst_A,ELISA_Reader_01,7,A7,A,7,SMP-0434,Unknown,1,2,,263.6371,0.68055,131.0928,262.1856,Quantifiable,1.35,,Pass
PLT-013,BATCH-03,2026-02-10,Analyst_A,ELISA_Reader_01,8,A8,A,8,SMP-0434,Unknown,2,2,,263.6371,0.69155,133.6177,267.2353,Quantifiable,1.35,,Pass
PLT-013,BATCH-03,2026-02-10,Analyst_A,ELISA_Reader_01,9,A9,A,9,SMP-0435,Unknown,1,1,,915.1303,1.92092,845.2264,845.2264,Quantifiable,2.72,,Pass
PLT-013,BATCH-03,2026-02-10,Analyst_A,ELISA_Reader_01,10,A10,A,10,SMP-0435,Unknown,2,1,,915.1303,1.94016,878.3224,878.3224,Quantifiable,2.72,,Pass
PLT-013,BATCH-03,2026-02-10,Analyst_A,ELISA_Reader_01,11,A11,A,11,SMP-0436,Unknown,1,2,,1673.5091,1.91986,843.4604,1686.9207,Quantifiable,2.03,,Pass
PLT-013,BATCH-03,2026-02-10,Analyst_A,ELISA_Reader_01,12,A12,A,12,SMP-0436,Unknown,2,2,,1673.5091,1.90514,819.6388,1639.2776,Quantifiable,2.03,,Pass
PLT-013,BATCH-03,2026-02-10,Analyst_A,ELISA_Reader_01,13,B1,B,1,STD_1000,Standard,1,1,1000.0,1000.0,1.99886,994.4343,994.4343,N/A,4.44,102.67,Pass
PLT-013,BATCH-03,2026-02-10,Analyst_A,ELISA_Reader_01,14,B2,B,2,STD_1000,Standard,2,1,1000.0,1000.0,2.02652,1058.9265,1058.9265,N/A,4.44,102.67,Pass
PLT-013,BATCH-03,2026-02-10,Analyst_A,ELISA_Reader_01,15,B3,B,3,QC_Low,QC,1,1,50.0,50.0,0.29362,51.7707,51.7707,N/A,2.42,101.8,Pass
PLT-013,BATCH-03,2026-02-10,Analyst_A,ELISA_Reader_01,16,B4,B,4,QC_Low,QC,2,1,50.0,50.0,0.28447,50.0289,50.0289,N/A,2.42,101.8,Pass
PLT-013,BATCH-03,2026-02-10,Analyst_A,ELISA_Reader_01,17,B5,B,5,SMP-0437,Unknown,1,5,,10.8188,0.05407,2.5344,12.6721,<LLOQ,20.99,,Review
PLT-013,BATCH-03,2026-02-10,Analyst_A,ELISA_Reader_01,18,B6,B,6,SMP-0437,Unknown,2,5,,10.8188,0.05201,1.8795,9.3973,<LLOQ,20.99,,Review
PLT-013,BATCH-03,2026-02-10,Analyst_A,ELISA_Reader_01,19,B7,B,7,SMP-0438,Unknown,1,1,,354.2411,1.36189,352.6316,352.6316,Quantifiable,0.51,,Pass
PLT-013,BATCH-03,2026-02-10,Analyst_A,ELISA_Reader_01,20,B8,B,8,SMP-0438,Unknown,2,1,,354.2411,1.36715,355.176,355.176,Quantifiable,0.51,,Pass
PLT-013,BATCH-03,2026-02-10,Analyst_A,ELISA_Reader_01,21,B9,B,9,SMP-0439,Unknown,1,1,,154.623,0.78403,155.7159,155.7159,Quantifiable,0.42,,Pass
PLT-013,BATCH-03,2026-02-10,Analyst_A,ELISA_Reader_01,22,B10,B,10,SMP-0439,Unknown,2,1,,154.623,0.78034,154.8031,154.8031,Quantifiable,0.42,,Pass
PLT-013,BATCH-03,2026-02-10,Analyst_A,ELISA_Reader_01,23,B11,B,11,SMP-0440,Unknown,1,5,,11.9755,0.05827,3.7703,18.8515,<LLOQ,141.27,,Review
PLT-013,BATCH-03,2026-02-10,Analyst_A,ELISA_Reader_01,24,B12,B,12,SMP-0440,Unknown,2,5,,11.9755,0.04598,0.002,0.0098,<LLOQ,141.27,,Review
PLT-013,BATCH-03,2026-02-10,Analyst_A,ELISA_Reader_01,25,C1,C,1,STD_500,Standard,1,1,500.0,500.0,1.58593,483.3942,483.3942,N/A,2.75,98.59,Pass
PLT-013,BATCH-03,2026-02-10,Analyst_A,ELISA_Reader_01,26,C2,C,2,STD_500,Standard,2,1,500.0,500.0,1.61218,502.5345,502.5345,N/A,2.75,98.59,Pass
PLT-013,BATCH-03,2026-02-10,Analyst_A,ELISA_Reader_01,27,C3,C,3,QC_Mid,QC,1,1,300.0,300.0,1.26242,308.0638,308.0638,N/A,0.57,102.28,Pass
PLT-013,BATCH-03,2026-02-10,Analyst_A,ELISA_Reader_01,28,C4,C,4,QC_Mid,QC,2,1,300.0,300.0,1.25646,305.5904,305.5904,N/A,0.57,102.28,Pass
PLT-013,BATCH-03,2026-02-10,Analyst_A,ELISA_Reader_01,29,C5,C,5,SMP-0441,Unknown,1,1,,18.3885,0.12551,19.1465,19.1465,<LLOQ,0.24,,Pass
PLT-013,BATCH-03,2026-02-10,Analyst_A,ELISA_Reader_01,30,C6,C,6,SMP-0441,Unknown,2,1,,18.3885,0.12519,19.0803,19.0803,<LLOQ,0.24,,Pass
PLT-013,BATCH-03,2026-02-10,Analyst_A,ELISA_Reader_01,31,C7,C,7,SMP-0442,Unknown,1,1,,14.0747,0.104,14.6255,14.6255,<LLOQ,0.21,,Pass
PLT-013,BATCH-03,2026-02-10,Analyst_A,ELISA_Reader_01,32,C8,C,8,SMP-0442,Unknown,2,1,,14.0747,0.10381,14.583,14.583,<LLOQ,0.21,,Pass
PLT-013,BATCH-03,2026-02-10,Analyst_A,ELISA_Reader_01,33,C9,C,9,SMP-0443,Unknown,1,1,,185.4504,0.88916,183.0119,183.0119,Quantifiable,2.7,,Pass
PLT-013,BATCH-03,2026-02-10,Analyst_A,ELISA_Reader_01,34,C10,C,10,SMP-0443,Unknown,2,1,,185.4504,0.915,190.1349,190.1349,Quantifiable,2.7,,Pass
PLT-013,BATCH-03,2026-02-10,Analyst_A,ELISA_Reader_01,35,C11,C,11,SMP-0444,Unknown,1,1,,13.6096,0.09489,12.6399,12.6399,<LLOQ,1.66,,Pass
PLT-013,BATCH-03,2026-02-10,Analyst_A,ELISA_Reader_01,36,C12,C,12,SMP-0444,Unknown,2,1,,13.6096,0.09625,12.9398,12.9398,<LLOQ,1.66,,Pass
PLT-013,BATCH-03,2026-02-10,Analyst_A,ELISA_Reader_01,37,D1,D,1,STD_250,Standard,1,1,250.0,250.0,1.11162,250.9675,250.9675,N/A,1.62,99.25,Pass
PLT-013,BATCH-03,2026-02-10,Analyst_A,ELISA_Reader_01,38,D2,D,2,STD_250,Standard,2,1,250.0,250.0,1.09496,245.2894,245.2894,N/A,1.62,99.25,Pass
PLT-013,BATCH-03,2026-02-10,Analyst_A,ELISA_Reader_01,39,D3,D,3,QC_High,QC,1,1,1200.0,1200.0,2.06746,1169.3396,1169.3396,N/A,2.28,95.9,Pass
PLT-013,BATCH-03,2026-02-10,Analyst_A,ELISA_Reader_01,40,D4,D,4,QC_High,QC,2,1,1200.0,1200.0,2.05453,1132.2773,1132.2773,N/A,2.28,95.9,Pass
PLT-013,BATCH-03,2026-02-10,Analyst_A,ELISA_Reader_01,41,D5,D,5,SMP-0445,Unknown,1,2,,218.9036,0.57447,107.7051,215.4102,Quantifiable,1.71,,Pass
PLT-013,BATCH-03,2026-02-10,Analyst_A,ELISA_Reader_01,42,D6,D,6,SMP-0445,Unknown,2,2,,218.9036,0.58678,110.3363,220.6726,Quantifiable,1.71,,Pass
PLT-013,BATCH-03,2026-02-10,Analyst_A,ELISA_Reader_01,43,D7,D,7,SMP-0446,Unknown,1,5,,268.4731,0.30158,53.2897,266.4484,Quantifiable,0.09,,Pass
PLT-013,BATCH-03,2026-02-10,Analyst_A,ELISA_Reader_01,44,D8,D,8,SMP-0446,Unknown,2,5,,268.4731,0.30124,53.2231,266.1155,Quantifiable,0.09,,Pass
PLT-013,BATCH-03,2026-02-10,Analyst_A,ELISA_Reader_01,45,D9,D,9,SMP-0447,Unknown,1,5,,1354.4667,1.15229,265.3168,1326.5842,Quantifiable,2.05,,Pass
PLT-013,BATCH-03,2026-02-10,Analyst_A,ELISA_Reader_01,46,D10,D,10,SMP-0447,Unknown,2,5,,1354.4667,1.17362,273.1311,1365.6554,Quantifiable,2.05,,Pass
PLT-013,BATCH-03,2026-02-10,Analyst_A,ELISA_Reader_01,47,D11,D,11,SMP-0448,Unknown,1,1,,122.2838,0.63836,121.5889,121.5889,Quantifiable,1.94,,Pass
PLT-013,BATCH-03,2026-02-10,Analyst_A,ELISA_Reader_01,48,D12,D,12,SMP-0448,Unknown,2,1,,122.2838,0.65351,124.9686,124.9686,Quantifiable,1.94,,Pass
PLT-013,BATCH-03,2026-02-10,Analyst_A,ELISA_Reader_01,49,E1,E,1,STD_125,Standard,1,1,125.0,125.0,0.6602,126.4729,126.4729,N/A,1.83,99.89,Pass
PLT-013,BATCH-03,2026-02-10,Analyst_A,ELISA_Reader_01,50,E2,E,2,STD_125,Standard,2,1,125.0,125.0,0.64582,123.2492,123.2492,N/A,1.83,99.89,Pass
PLT-013,BATCH-03,2026-02-10,Analyst_A,ELISA_Reader_01,51,E3,E,3,SMP-0449,Unknown,1,2,,118.5835,0.34937,62.4357,124.8715,Quantifiable,3.2,,Pass
PLT-013,BATCH-03,2026-02-10,Analyst_A,ELISA_Reader_01,52,E4,E,4,SMP-0449,Unknown,2,2,,118.5835,0.33497,59.6721,119.3443,Quantifiable,3.2,,Pass
PLT-013,BATCH-03,2026-02-10,Analyst_A,ELISA_Reader_01,53,E5,E,5,SMP-0450,Unknown,1,10,,31.7717,0.06088,4.4925,44.9246,<LLOQ,16.63,,Pass
PLT-013,BATCH-03,2026-02-10,Analyst_A,ELISA_Reader_01,54,E6,E,6,SMP-0450,Unknown,2,10,,31.7717,0.05749,3.5469,35.4686,<LLOQ,16.63,,Pass
PLT-013,BATCH-03,2026-02-10,Analyst_A,ELISA_Reader_01,55,E7,E,7,SMP-0451,Unknown,1,5,,758.2096,0.79496,158.4402,792.2011,Quantifiable,2.03,,Pass
PLT-013,BATCH-03,2026-02-10,Analyst_A,ELISA_Reader_01,56,E8,E,8,SMP-0451,Unknown,2,5,,758.2096,0.77692,153.9586,769.793,Quantifiable,2.03,,Pass
PLT-013,BATCH-03,2026-02-10,Analyst_A,ELISA_Reader_01,57,E9,E,9,SMP-0452,Unknown,1,1,,706.4023,1.80981,688.852,688.852,Quantifiable,1.29,,Pass
PLT-013,BATCH-03,2026-02-10,Analyst_A,ELISA_Reader_01,58,E10,E,10,SMP-0452,Unknown,2,1,,706.4023,1.82026,701.4952,701.4952,Quantifiable,1.29,,Pass
PLT-013,BATCH-03,2026-02-10,Analyst_A,ELISA_Reader_01,59,E11,E,11,SMP-0453,Unknown,1,1,,20.4402,0.13315,20.7101,20.7101,Quantifiable,3.4,,Pass
PLT-013,BATCH-03,2026-02-10,Analyst_A,ELISA_Reader_01,60,E12,E,12,SMP-0453,Unknown,2,1,,20.4402,0.13817,21.7293,21.7293,Quantifiable,3.4,,Pass
PLT-013,BATCH-03,2026-02-10,Analyst_A,ELISA_Reader_01,61,F1,F,1,STD_62.5,Standard,1,1,62.5,62.5,0.35214,62.9697,62.9697,N/A,1.22,99.89,Pass
PLT-013,BATCH-03,2026-02-10,Analyst_A,ELISA_Reader_01,62,F2,F,2,STD_62.5,Standard,2,1,62.5,62.5,0.34655,61.8943,61.8943,N/A,1.22,99.89,Pass
PLT-013,BATCH-03,2026-02-10,Analyst_A,ELISA_Reader_01,63,F3,F,3,SMP-0454,Unknown,1,2,,9.3305,0.05707,3.4266,6.8532,<LLOQ,28.5,,Review
PLT-013,BATCH-03,2026-02-10,Analyst_A,ELISA_Reader_01,64,F4,F,4,SMP-0454,Unknown,2,2,,9.3305,0.06336,5.1566,10.3132,<LLOQ,28.5,,Review
PLT-013,BATCH-03,2026-02-10,Analyst_A,ELISA_Reader_01,65,F5,F,5,SMP-0455,Unknown,1,1,,517.5466,1.61781,506.7768,506.7768,Quantifiable,4.52,,Pass
PLT-013,BATCH-03,2026-02-10,Analyst_A,ELISA_Reader_01,66,F6,F,6,SMP-0455,Unknown,2,1,,517.5466,1.66006,540.236,540.236,Quantifiable,4.52,,Pass
PLT-013,BATCH-03,2026-02-10,Analyst_A,ELISA_Reader_01,67,F7,F,7,SMP-0456,Unknown,1,5,,1995.2643,1.44602,395.9555,1979.7773,Quantifiable,2.54,,Pass
PLT-013,BATCH-03,2026-02-10,Analyst_A,ELISA_Reader_01,68,F8,F,8,SMP-0456,Unknown,2,5,,1995.2643,1.47174,410.434,2052.1702,Quantifiable,2.54,,Pass
PLT-013,BATCH-03,2026-02-10,Analyst_A,ELISA_Reader_01,69,F9,F,9,SMP-0457,Unknown,1,1,,374.79,1.381,361.9751,361.9751,Quantifiable,1.44,,Pass
PLT-013,BATCH-03,2026-02-10,Analyst_A,ELISA_Reader_01,70,F10,F,10,SMP-0457,Unknown,2,1,,374.79,1.39583,369.4148,369.4148,Quantifiable,1.44,,Pass
PLT-013,BATCH-03,2026-02-10,Analyst_A,ELISA_Reader_01,71,F11,F,11,SMP-0458,Unknown,1,10,,1557.9054,0.79327,158.0164,1580.164,Quantifiable,2.96,,Pass
PLT-013,BATCH-03,2026-02-10,Analyst_A,ELISA_Reader_01,72,F12,F,12,SMP-0458,Unknown,2,10,,1557.9054,0.76708,151.5426,1515.4264,Quantifiable,2.96,,Pass
PLT-013,BATCH-03,2026-02-10,Analyst_A,ELISA_Reader_01,73,G1,G,1,STD_31.25,Standard,1,1,31.25,31.25,0.18288,30.5757,30.5757,N/A,0.32,98.06,Pass
PLT-013,BATCH-03,2026-02-10,Analyst_A,ELISA_Reader_01,74,G2,G,2,STD_31.25,Standard,2,1,31.25,31.25,0.18359,30.7144,30.7144,N/A,0.32,98.06,Pass
PLT-013,BATCH-03,2026-02-10,Analyst_A,ELISA_Reader_01,75,G3,G,3,SMP-0459,Unknown,1,5,,441.8743,0.47459,87.0347,435.1734,Quantifiable,1.57,,Pass
PLT-013,BATCH-03,2026-02-10,Analyst_A,ELISA_Reader_01,76,G4,G,4,SMP-0459,Unknown,2,5,,441.8743,0.48425,88.9853,444.9264,Quantifiable,1.57,,Pass
PLT-013,BATCH-03,2026-02-10,Analyst_A,ELISA_Reader_01,77,G5,G,5,SMP-0460,Unknown,1,2,,2546.7286,2.10009,1273.6013,2547.2025,Quantifiable,3.31,,Pass
PLT-013,BATCH-03,2026-02-10,Analyst_A,ELISA_Reader_01,78,G6,G,6,SMP-0460,Unknown,2,2,,2546.7286,2.08248,1215.2742,2430.5484,Quantifiable,3.31,,Pass
PLT-013,BATCH-03,2026-02-10,Analyst_A,ELISA_Reader_01,79,G7,G,7,SMP-0461,Unknown,1,1,,23.3238,0.14713,23.5314,23.5314,Quantifiable,0.24,,Pass
PLT-013,BATCH-03,2026-02-10,Analyst_A,ELISA_Reader_01,80,G8,G,8,SMP-0461,Unknown,2,1,,23.3238,0.14752,23.6111,23.6111,Quantifiable,0.24,,Pass
PLT-013,BATCH-03,2026-02-10,Analyst_A,ELISA_Reader_01,81,G9,G,9,SMP-0462,Unknown,1,5,,2527.5803,1.62496,512.2337,2561.1684,Quantifiable,0.18,,Pass
PLT-013,BATCH-03,2026-02-10,Analyst_A,ELISA_Reader_01,82,G10,G,10,SMP-0462,Unknown,2,5,,2527.5803,1.62329,510.9501,2554.7503,Quantifiable,0.18,,Pass
PLT-013,BATCH-03,2026-02-10,Analyst_A,ELISA_Reader_01,83,G11,G,11,SMP-0463,Unknown,1,1,,1311.0729,2.11434,1324.7372,1324.7372,Quantifiable,1.36,,Pass
PLT-013,BATCH-03,2026-02-10,Analyst_A,ELISA_Reader_01,84,G12,G,12,SMP-0463,Unknown,2,1,,1311.0729,2.10742,1299.4355,1299.4355,Quantifiable,1.36,,Pass
PLT-013,BATCH-03,2026-02-10,Analyst_A,ELISA_Reader_01,85,H1,H,1,STD_15.625,Standard,1,1,15.625,15.625,0.11412,16.776,16.776,N/A,6.22,102.84,Pass
PLT-013,BATCH-03,2026-02-10,Analyst_A,ELISA_Reader_01,86,H2,H,2,STD_15.625,Standard,2,1,15.625,15.625,0.10744,15.3624,15.3624,N/A,6.22,102.84,Pass
PLT-013,BATCH-03,2026-02-10,Analyst_A,ELISA_Reader_01,87,H3,H,3,SMP-0464,Unknown,1,1,,241.9192,1.05753,232.919,232.919,Quantifiable,2.77,,Pass
PLT-013,BATCH-03,2026-02-10,Analyst_A,ELISA_Reader_01,88,H4,H,4,SMP-0464,Unknown,2,1,,241.9192,1.08588,242.2399,242.2399,Quantifiable,2.77,,Pass
PLT-013,BATCH-03,2026-02-10,Analyst_A,ELISA_Reader_01,89,H5,H,5,SMP-0465,Unknown,1,2,,27.483,0.09482,12.626,25.252,<LLOQ,12.36,,Pass
PLT-013,BATCH-03,2026-02-10,Analyst_A,ELISA_Reader_01,90,H6,H,6,SMP-0465,Unknown,2,2,,27.483,0.10595,15.0442,30.0884,<LLOQ,12.36,,Pass
PLT-013,BATCH-03,2026-02-10,Analyst_A,ELISA_Reader_01,91,H7,H,7,SMP-0466,Unknown,1,5,,254.6543,0.2911,51.2906,256.4532,Quantifiable,0.51,,Pass
PLT-013,BATCH-03,2026-02-10,Analyst_A,ELISA_Reader_01,92,H8,H,8,SMP-0466,Unknown,2,5,,254.6543,0.29306,51.6651,258.3254,Quantifiable,0.51,,Pass
PLT-013,BATCH-03,2026-02-10,Analyst_A,ELISA_Reader_01,93,H9,H,9,SMP-0467,Unknown,1,10,,12.8168,0.04751,0.1148,1.1476,<LLOQ,70.66,,Review
PLT-013,BATCH-03,2026-02-10,Analyst_A,ELISA_Reader_01,94,H10,H,10,SMP-0467,Unknown,2,10,,12.8168,0.04794,0.3439,3.4395,<LLOQ,70.66,,Review
PLT-013,BATCH-03,2026-02-10,Analyst_A,ELISA_Reader_01,95,H11,H,11,SMP-0468,Unknown,1,1,,1838.8165,2.23473,1988.6919,1988.6919,>ULOQ,15.89,,Pass
PLT-013,BATCH-03,2026-02-10,Analyst_A,ELISA_Reader_01,96,H12,H,12,SMP-0468,Unknown,2,1,,1838.8165,2.17359,1586.8691,1586.8691,Quantifiable,15.89,,Pass
PLT-014,BATCH-03,2026-02-13,Analyst_B,ELISA_Reader_02,1,A1,A,1,STD_2000,Standard,1,1,2000.0,2000.0,2.34331,2088.3088,2088.3088,N/A,9.43,111.88,Pass
PLT-014,BATCH-03,2026-02-13,Analyst_B,ELISA_Reader_02,2,A2,A,2,STD_2000,Standard,2,1,2000.0,2000.0,2.37284,2386.7768,2386.7768,N/A,9.43,111.88,Pass
PLT-014,BATCH-03,2026-02-13,Analyst_B,ELISA_Reader_02,3,A3,A,3,BLANK,Blank,1,1,0.0,0.0,0.04324,0.0017,0.0017,N/A,140.98,,Pass
PLT-014,BATCH-03,2026-02-13,Analyst_B,ELISA_Reader_02,4,A4,A,4,BLANK,Blank,2,1,0.0,0.0,0.05186,1.0871,1.0871,N/A,140.98,,Pass
PLT-014,BATCH-03,2026-02-13,Analyst_B,ELISA_Reader_02,5,A5,A,5,SMP-0469,Unknown,1,2,,1775.9389,2.03179,882.8735,1765.747,Quantifiable,1.64,,Pass
PLT-014,BATCH-03,2026-02-13,Analyst_B,ELISA_Reader_02,6,A6,A,6,SMP-0469,Unknown,2,2,,1775.9389,2.01995,862.59,1725.18,Quantifiable,1.64,,Pass
PLT-014,BATCH-03,2026-02-13,Analyst_B,ELISA_Reader_02,7,A7,A,7,SMP-0470,Unknown,1,5,,32.1484,0.07608,7.2888,36.4442,<LLOQ,6.5,,Pass
PLT-014,BATCH-03,2026-02-13,Analyst_B,ELISA_Reader_02,8,A8,A,8,SMP-0470,Unknown,2,5,,32.1484,0.07326,6.6483,33.2415,<LLOQ,6.5,,Pass
PLT-014,BATCH-03,2026-02-13,Analyst_B,ELISA_Reader_02,9,A9,A,9,SMP-0471,Unknown,1,1,,10.9452,0.09909,12.1872,12.1872,<LLOQ,3.27,,Pass
PLT-014,BATCH-03,2026-02-13,Analyst_B,ELISA_Reader_02,10,A10,A,10,SMP-0471,Unknown,2,1,,10.9452,0.0964,11.6358,11.6358,<LLOQ,3.27,,Pass
PLT-014,BATCH-03,2026-02-13,Analyst_B,ELISA_Reader_02,11,A11,A,11,SMP-0472,Unknown,1,1,,249.8059,1.20461,260.914,260.914,Quantifiable,3.75,,Pass
PLT-014,BATCH-03,2026-02-13,Analyst_B,ELISA_Reader_02,12,A12,A,12,SMP-0472,Unknown,2,1,,249.8059,1.16441,247.4371,247.4371,Quantifiable,3.75,,Pass
PLT-014,BATCH-03,2026-02-13,Analyst_B,ELISA_Reader_02,13,B1,B,1,STD_1000,Standard,1,1,1000.0,1000.0,2.10882,1037.8028,1037.8028,N/A,6.43,99.27,Pass
PLT-014,BATCH-03,2026-02-13,Analyst_B,ELISA_Reader_02,14,B2,B,2,STD_1000,Standard,2,1,1000.0,1000.0,2.06662,947.5552,947.5552,N/A,6.43,99.27,Pass
PLT-014,BATCH-03,2026-02-13,Analyst_B,ELISA_Reader_02,15,B3,B,3,QC_Low,QC,1,1,50.0,50.0,0.29831,48.7567,48.7567,N/A,1.78,98.75,Pass
PLT-014,BATCH-03,2026-02-13,Analyst_B,ELISA_Reader_02,16,B4,B,4,QC_Low,QC,2,1,50.0,50.0,0.30528,49.9969,49.9969,N/A,1.78,98.75,Pass
PLT-014,BATCH-03,2026-02-13,Analyst_B,ELISA_Reader_02,17,B5,B,5,SMP-0473,Unknown,1,5,,23.5573,0.06484,4.66,23.3001,<LLOQ,21.16,,Review
PLT-014,BATCH-03,2026-02-13,Analyst_B,ELISA_Reader_02,18,B6,B,6,SMP-0473,Unknown,2,5,,23.5573,0.06004,3.4471,17.2353,<LLOQ,21.16,,Review
PLT-014,BATCH-03,2026-02-13,Analyst_B,ELISA_Reader_02,19,B7,B,7,SMP-0474,Unknown,1,1,,15.0766,0.11856,16.0675,16.0675,<LLOQ,3.96,,Pass
PLT-014,BATCH-03,2026-02-13,Analyst_B,ELISA_Reader_02,20,B8,B,8,SMP-0474,Unknown,2,1,,15.0766,0.11409,15.1913,15.1913,<LLOQ,3.96,,Pass
PLT-014,BATCH-03,2026-02-13,Analyst_B,ELISA_Reader_02,21,B9,B,9,SMP-0475,Unknown,1,1,,199.1143,1.01762,203.0301,203.0301,Quantifiable,0.83,,Pass
PLT-014,BATCH-03,2026-02-13,Analyst_B,ELISA_Reader_02,22,B10,B,10,SMP-0475,Unknown,2,1,,199.1143,1.00913,200.6642,200.6642,Quantifiable,0.83,,Pass
PLT-014,BATCH-03,2026-02-13,Analyst_B,ELISA_Reader_02,23,B11,B,11,SMP-0476,Unknown,1,2,,170.2422,0.49533,84.6857,169.3713,Quantifiable,1.56,,Pass
PLT-014,BATCH-03,2026-02-13,Analyst_B,ELISA_Reader_02,24,B12,B,12,SMP-0476,Unknown,2,2,,170.2422,0.48553,82.8356,165.6711,Quantifiable,1.56,,Pass
PLT-014,BATCH-03,2026-02-13,Analyst_B,ELISA_Reader_02,25,C1,C,1,STD_500,Standard,1,1,500.0,500.0,1.72188,524.716,524.716,N/A,1.18,104.08,Pass
PLT-014,BATCH-03,2026-02-13,Analyst_B,ELISA_Reader_02,26,C2,C,2,STD_500,Standard,2,1,500.0,500.0,1.71054,516.0504,516.0504,N/A,1.18,104.08,Pass
PLT-014,BATCH-03,2026-02-13,Analyst_B,ELISA_Reader_02,27,C3,C,3,QC_Mid,QC,1,1,300.0,300.0,1.29659,294.3324,294.3324,N/A,4.99,101.7,Pass
PLT-014,BATCH-03,2026-02-13,Analyst_B,ELISA_Reader_02,28,C4,C,4,QC_Mid,QC,2,1,300.0,300.0,1.35061,315.8849,315.8849,N/A,4.99,101.7,Pass
PLT-014,BATCH-03,2026-02-13,Analyst_B,ELISA_Reader_02,29,C5,C,5,SMP-0477,Unknown,1,2,,136.4242,0.40882,68.6265,137.253,Quantifiable,0.5,,Pass
PLT-014,BATCH-03,2026-02-13,Analyst_B,ELISA_Reader_02,30,C6,C,6,SMP-0477,Unknown,2,2,,136.4242,0.40617,68.143,136.2861,Quantifiable,0.5,,Pass
PLT-014,BATCH-03,2026-02-13,Analyst_B,ELISA_Reader_02,31,C7,C,7,SMP-0478,Unknown,1,5,,62.4935,0.09531,11.4114,57.0568,<LLOQ,9.1,,Pass
PLT-014,BATCH-03,2026-02-13,Analyst_B,ELISA_Reader_02,32,C8,C,8,SMP-0478,Unknown,2,5,,62.4935,0.103,12.9803,64.9017,<LLOQ,9.1,,Pass
PLT-014,BATCH-03,2026-02-13,Analyst_B,ELISA_Reader_02,33,C9,C,9,SMP-0479,Unknown,1,1,,37.7168,0.23652,37.7587,37.7587,Quantifiable,1.14,,Pass
PLT-014,BATCH-03,2026-02-13,Analyst_B,ELISA_Reader_02,34,C10,C,10,SMP-0479,Unknown,2,1,,37.7168,0.23998,38.3746,38.3746,Quantifiable,1.14,,Pass
PLT-014,BATCH-03,2026-02-13,Analyst_B,ELISA_Reader_02,35,C11,C,11,SMP-0480,Unknown,1,5,,250.8646,0.31223,51.2359,256.1796,Quantifiable,1.15,,Pass
PLT-014,BATCH-03,2026-02-13,Analyst_B,ELISA_Reader_02,36,C12,C,12,SMP-0480,Unknown,2,5,,250.8646,0.31696,52.0797,260.3983,Quantifiable,1.15,,Pass
PLT-014,BATCH-03,2026-02-13,Analyst_B,ELISA_Reader_02,37,D1,D,1,STD_250,Standard,1,1,250.0,250.0,1.18445,254.0763,254.0763,N/A,1.78,100.37,Pass
PLT-014,BATCH-03,2026-02-13,Analyst_B,ELISA_Reader_02,38,D2,D,2,STD_250,Standard,2,1,250.0,250.0,1.16538,247.7528,247.7528,N/A,1.78,100.37,Pass
PLT-014,BATCH-03,2026-02-13,Analyst_B,ELISA_Reader_02,39,D3,D,3,QC_High,QC,1,1,1200.0,1200.0,2.17307,1208.8479,1208.8479,N/A,1.18,101.58,Pass
PLT-014,BATCH-03,2026-02-13,Analyst_B,ELISA_Reader_02,40,D4,D,4,QC_High,QC,2,1,1200.0,1200.0,2.1796,1229.1138,1229.1138,N/A,1.18,101.58,Pass
PLT-014,BATCH-03,2026-02-13,Analyst_B,ELISA_Reader_02,41,D5,D,5,SMP-0481,Unknown,1,5,,1662.4632,1.36856,323.4016,1617.008,Quantifiable,1.56,,Pass
PLT-014,BATCH-03,2026-02-13,Analyst_B,ELISA_Reader_02,42,D6,D,6,SMP-0481,Unknown,2,5,,1662.4632,1.38533,330.5985,1652.9925,Quantifiable,1.56,,Pass
PLT-014,BATCH-03,2026-02-13,Analyst_B,ELISA_Reader_02,43,D7,D,7,SMP-0482,Unknown,1,10,,1494.6476,0.81601,151.595,1515.9497,Quantifiable,2.24,,Pass
PLT-014,BATCH-03,2026-02-13,Analyst_B,ELISA_Reader_02,44,D8,D,8,SMP-0482,Unknown,2,10,,1494.6476,0.79557,146.8661,1468.6611,Quantifiable,2.24,,Pass
PLT-014,BATCH-03,2026-02-13,Analyst_B,ELISA_Reader_02,45,D9,D,9,SMP-0483,Unknown,1,1,,138.7766,0.75088,136.7838,136.7838,Quantifiable,1.35,,Pass
PLT-014,BATCH-03,2026-02-13,Analyst_B,ELISA_Reader_02,46,D10,D,10,SMP-0483,Unknown,2,1,,138.7766,0.76269,139.4133,139.4133,Quantifiable,1.35,,Pass
PLT-014,BATCH-03,2026-02-13,Analyst_B,ELISA_Reader_02,47,D11,D,11,SMP-0484,Unknown,1,5,,560.6405,0.63666,112.4583,562.2915,Quantifiable,0.23,,Pass
PLT-014,BATCH-03,2026-02-13,Analyst_B,ELISA_Reader_02,48,D12,D,12,SMP-0484,Unknown,2,5,,560.6405,0.63484,112.0863,560.4313,Quantifiable,0.23,,Pass
PLT-014,BATCH-03,2026-02-13,Analyst_B,ELISA_Reader_02,49,E1,E,1,STD_125,Standard,1,1,125.0,125.0,0.71621,129.1919,129.1919,N/A,1.33,102.39,Pass
PLT-014,BATCH-03,2026-02-13,Analyst_B,ELISA_Reader_02,50,E2,E,2,STD_125,Standard,2,1,125.0,125.0,0.70507,126.7935,126.7935,N/A,1.33,102.39,Pass
PLT-014,BATCH-03,2026-02-13,Analyst_B,ELISA_Reader_02,51,E3,E,3,SMP-0485,Unknown,1,1,,1212.0554,2.146,1130.9304,1130.9304,Quantifiable,4.18,,Pass
PLT-014,BATCH-03,2026-02-13,Analyst_B,ELISA_Reader_02,52,E4,E,4,SMP-0485,Unknown,2,1,,1212.0554,2.12069,1065.9984,1065.9984,Quantifiable,4.18,,Pass
PLT-014,BATCH-03,2026-02-13,Analyst_B,ELISA_Reader_02,53,E5,E,5,SMP-0486,Unknown,1,1,,53.4482,0.31659,52.0125,52.0125,Quantifiable,2.07,,Pass
PLT-014,BATCH-03,2026-02-13,Analyst_B,ELISA_Reader_02,54,E6,E,6,SMP-0486,Unknown,2,1,,53.4482,0.32525,53.5585,53.5585,Quantifiable,2.07,,Pass
PLT-014,BATCH-03,2026-02-13,Analyst_B,ELISA_Reader_02,55,E7,E,7,SMP-0487,Unknown,1,1,,1326.5536,2.194,1276.1903,1276.1903,Quantifiable,5.31,,Pass
PLT-014,BATCH-03,2026-02-13,Analyst_B,ELISA_Reader_02,56,E8,E,8,SMP-0487,Unknown,2,1,,1326.5536,2.2214,1375.6732,1375.6732,Quantifiable,5.31,,Pass
PLT-014,BATCH-03,2026-02-13,Analyst_B,ELISA_Reader_02,57,E9,E,9,SMP-0488,Unknown,1,10,,27.7409,0.06486,4.6641,46.6414,<LLOQ,73.05,,Review
PLT-014,BATCH-03,2026-02-13,Analyst_B,ELISA_Reader_02,58,E10,E,10,SMP-0488,Unknown,2,10,,27.7409,0.05309,1.4868,14.868,<LLOQ,73.05,,Review
PLT-014,BATCH-03,2026-02-13,Analyst_B,ELISA_Reader_02,59,E11,E,11,SMP-0489,Unknown,1,1,,513.7081,1.71017,515.7742,515.7742,Quantifiable,1.58,,Pass
PLT-014,BATCH-03,2026-02-13,Analyst_B,ELISA_Reader_02,60,E12,E,12,SMP-0489,Unknown,2,1,,513.7081,1.69484,504.388,504.388,Quantifiable,1.58,,Pass
PLT-014,BATCH-03,2026-02-13,Analyst_B,ELISA_Reader_02,61,F1,F,1,STD_62.5,Standard,1,1,62.5,62.5,0.3763,62.7236,62.7236,N/A,0.26,100.17,Pass
PLT-014,BATCH-03,2026-02-13,Analyst_B,ELISA_Reader_02,62,F2,F,2,STD_62.5,Standard,2,1,62.5,62.5,0.375,62.489,62.489,N/A,0.26,100.17,Pass
PLT-014,BATCH-03,2026-02-13,Analyst_B,ELISA_Reader_02,63,F3,F,3,SMP-0490,Unknown,1,5,,23.2838,0.06166,3.8645,19.3224,<LLOQ,7.11,,Pass
PLT-014,BATCH-03,2026-02-13,Analyst_B,ELISA_Reader_02,64,F4,F,4,SMP-0490,Unknown,2,5,,23.2838,0.06328,4.2736,21.3679,<LLOQ,7.11,,Pass
PLT-014,BATCH-03,2026-02-13,Analyst_B,ELISA_Reader_02,65,F5,F,5,SMP-0491,Unknown,1,1,,39.3873,0.24739,39.696,39.696,Quantifiable,1.28,,Pass
PLT-014,BATCH-03,2026-02-13,Analyst_B,ELISA_Reader_02,66,F6,F,6,SMP-0491,Unknown,2,1,,39.3873,0.25147,40.4219,40.4219,Quantifiable,1.28,,Pass
PLT-014,BATCH-03,2026-02-13,Analyst_B,ELISA_Reader_02,67,F7,F,7,SMP-0492,Unknown,1,1,,1392.6517,2.23119,1414.8617,1414.8617,Quantifiable,3.31,,Pass
PLT-014,BATCH-03,2026-02-13,Analyst_B,ELISA_Reader_02,68,F8,F,8,SMP-0492,Unknown,2,1,,1392.6517,2.21475,1350.2227,1350.2227,Quantifiable,3.31,,Pass
PLT-014,BATCH-03,2026-02-13,Analyst_B,ELISA_Reader_02,69,F9,F,9,SMP-0493,Unknown,1,5,,36.6808,0.08647,9.5573,47.7864,<LLOQ,18.94,,Pass
PLT-014,BATCH-03,2026-02-13,Analyst_B,ELISA_Reader_02,70,F10,F,10,SMP-0493,Unknown,2,5,,36.6808,0.07613,7.2997,36.4986,<LLOQ,18.94,,Pass
PLT-014,BATCH-03,2026-02-13,Analyst_B,ELISA_Reader_02,71,F11,F,11,SMP-0494,Unknown,1,10,,722.3402,0.42125,70.8996,708.9963,Quantifiable,0.51,,Pass
PLT-014,BATCH-03,2026-02-13,Analyst_B,ELISA_Reader_02,72,F12,F,12,SMP-0494,Unknown,2,10,,722.3402,0.42405,71.414,714.1402,Quantifiable,0.51,,Pass
PLT-014,BATCH-03,2026-02-13,Analyst_B,ELISA_Reader_02,73,G1,G,1,STD_31.25,Standard,1,1,31.25,31.25,0.19639,30.5593,30.5593,N/A,2.18,99.32,Pass
PLT-014,BATCH-03,2026-02-13,Analyst_B,ELISA_Reader_02,74,G2,G,2,STD_31.25,Standard,2,1,31.25,31.25,0.20168,31.5147,31.5147,N/A,2.18,99.32,Pass
PLT-014,BATCH-03,2026-02-13,Analyst_B,ELISA_Reader_02,75,G3,G,3,SMP-0495,Unknown,1,1,,19.6751,0.14512,21.1441,21.1441,Quantifiable,3.65,,Pass
PLT-014,BATCH-03,2026-02-13,Analyst_B,ELISA_Reader_02,76,G4,G,4,SMP-0495,Unknown,2,1,,19.6751,0.13948,20.0802,20.0802,Quantifiable,3.65,,Pass
PLT-014,BATCH-03,2026-02-13,Analyst_B,ELISA_Reader_02,77,G5,G,5,SMP-0496,Unknown,1,2,,2572.7798,2.18046,1231.8524,2463.7049,Quantifiable,7.21,,Pass
PLT-014,BATCH-03,2026-02-13,Analyst_B,ELISA_Reader_02,78,G6,G,6,SMP-0496,Unknown,2,2,,2572.7798,2.21842,1364.1396,2728.2793,Quantifiable,7.21,,Pass
PLT-014,BATCH-03,2026-02-13,Analyst_B,ELISA_Reader_02,79,G7,G,7,SMP-0497,Unknown,1,5,,96.9008,0.13876,19.9456,99.728,<LLOQ,0.11,,Pass
PLT-014,BATCH-03,2026-02-13,Analyst_B,ELISA_Reader_02,80,G8,G,8,SMP-0497,Unknown,2,5,,96.9008,0.13892,19.9757,99.8784,<LLOQ,0.11,,Pass
PLT-014,BATCH-03,2026-02-13,Analyst_B,ELISA_Reader_02,81,G9,G,9,SMP-0498,Unknown,1,1,,16.1962,0.12635,17.5776,17.5776,<LLOQ,9.93,,Pass
PLT-014,BATCH-03,2026-02-13,Analyst_B,ELISA_Reader_02,82,G10,G,10,SMP-0498,Unknown,2,1,,16.1962,0.11449,15.2707,15.2707,<LLOQ,9.93,,Pass
PLT-014,BATCH-03,2026-02-13,Analyst_B,ELISA_Reader_02,83,G11,G,11,SMP-0499,Unknown,1,2,,17.4194,0.0861,9.4793,18.9586,<LLOQ,3.79,,Pass
PLT-014,BATCH-03,2026-02-13,Analyst_B,ELISA_Reader_02,84,G12,G,12,SMP-0499,Unknown,2,2,,17.4194,0.08856,10.0009,20.0019,<LLOQ,3.79,,Pass
PLT-014,BATCH-03,2026-02-13,Analyst_B,ELISA_Reader_02,85,H1,H,1,STD_15.625,Standard,1,1,15.625,15.625,0.12021,16.3885,16.3885,N/A,4.17,101.88,Pass
PLT-014,BATCH-03,2026-02-13,Analyst_B,ELISA_Reader_02,86,H2,H,2,STD_15.625,Standard,2,1,15.625,15.625,0.1154,15.4497,15.4497,N/A,4.17,101.88,Pass
PLT-014,BATCH-03,2026-02-13,Analyst_B,ELISA_Reader_02,87,H3,H,3,SMP-0500,Unknown,1,2,,467.3289,1.13328,237.4189,474.8379,Quantifiable,1.0,,Pass
PLT-014,BATCH-03,2026-02-13,Analyst_B,ELISA_Reader_02,88,H4,H,4,SMP-0500,Unknown,2,2,,467.3289,1.12263,234.0733,468.1467,Quantifiable,1.0,,Pass
PLT-014,BATCH-03,2026-02-13,Analyst_B,ELISA_Reader_02,89,H5,H,5,SMP-0501,Unknown,1,5,,14.3931,0.06028,3.5081,17.5403,<LLOQ,3.51,,Pass
PLT-014,BATCH-03,2026-02-13,Analyst_B,ELISA_Reader_02,90,H6,H,6,SMP-0501,Unknown,2,5,,14.3931,0.05963,3.3382,16.691,<LLOQ,3.51,,Pass
PLT-014,BATCH-03,2026-02-13,Analyst_B,ELISA_Reader_02,91,H7,H,7,SMP-0502,Unknown,1,5,,1749.8192,1.41763,344.9545,1724.7727,Quantifiable,0.66,,Pass
PLT-014,BATCH-03,2026-02-13,Analyst_B,ELISA_Reader_02,92,H8,H,8,SMP-0502,Unknown,2,5,,1749.8192,1.41051,341.733,1708.665,Quantifiable,0.66,,Pass
PLT-014,BATCH-03,2026-02-13,Analyst_B,ELISA_Reader_02,93,H9,H,9,SMP-0503,Unknown,1,1,,111.8643,0.63972,113.0851,113.0851,Quantifiable,1.69,,Pass
PLT-014,BATCH-03,2026-02-13,Analyst_B,ELISA_Reader_02,94,H10,H,10,SMP-0503,Unknown,2,1,,111.8643,0.62666,110.4161,110.4161,Quantifiable,1.69,,Pass
PLT-014,BATCH-03,2026-02-13,Analyst_B,ELISA_Reader_02,95,H11,H,11,SMP-0504,Unknown,1,5,,2070.7302,1.55225,413.0059,2065.0296,Quantifiable,2.05,,Pass
PLT-014,BATCH-03,2026-02-13,Analyst_B,ELISA_Reader_02,96,H12,H,12,SMP-0504,Unknown,2,5,,2070.7302,1.57342,425.1281,2125.6406,Quantifiable,2.05,,Pass
PLT-015,BATCH-03,2026-02-16,Analyst_C,ELISA_Reader_02,1,A1,A,1,STD_2000,Standard,1,1,2000.0,2000.0,2.34044,2252.084,2252.084,N/A,14.32,125.3,Pass
PLT-015,BATCH-03,2026-02-16,Analyst_C,ELISA_Reader_02,2,A2,A,2,STD_2000,Standard,2,1,2000.0,2000.0,2.37483,2759.7431,2759.7431,N/A,14.32,125.3,Pass
PLT-015,BATCH-03,2026-02-16,Analyst_C,ELISA_Reader_02,3,A3,A,3,BLANK,Blank,1,1,0.0,0.0,0.04752,0.5762,0.5762,N/A,140.2,,Pass
PLT-015,BATCH-03,2026-02-16,Analyst_C,ELISA_Reader_02,4,A4,A,4,BLANK,Blank,2,1,0.0,0.0,0.0439,0.0025,0.0025,N/A,140.2,,Pass
PLT-015,BATCH-03,2026-02-16,Analyst_C,ELISA_Reader_02,5,A5,A,5,SMP-0505,Unknown,1,2,,58.0727,0.17668,28.4162,56.8325,Quantifiable,3.69,,Pass
PLT-015,BATCH-03,2026-02-16,Analyst_C,ELISA_Reader_02,6,A6,A,6,SMP-0505,Unknown,2,2,,58.0727,0.18509,29.9382,59.8764,Quantifiable,3.69,,Pass
PLT-015,BATCH-03,2026-02-16,Analyst_C,ELISA_Reader_02,7,A7,A,7,SMP-0506,Unknown,1,1,,388.5004,1.54565,393.1185,393.1185,Quantifiable,2.82,,Pass
PLT-015,BATCH-03,2026-02-16,Analyst_C,ELISA_Reader_02,8,A8,A,8,SMP-0506,Unknown,2,1,,388.5004,1.516,377.7594,377.7594,Quantifiable,2.82,,Pass
PLT-015,BATCH-03,2026-02-16,Analyst_C,ELISA_Reader_02,9,A9,A,9,SMP-0507,Unknown,1,10,,84.8335,0.07188,7.558,75.5804,<LLOQ,7.62,,Pass
PLT-015,BATCH-03,2026-02-16,Analyst_C,ELISA_Reader_02,10,A10,A,10,SMP-0507,Unknown,2,10,,84.8335,0.07555,8.4195,84.1947,<LLOQ,7.62,,Pass
PLT-015,BATCH-03,2026-02-16,Analyst_C,ELISA_Reader_02,11,A11,A,11,SMP-0508,Unknown,1,10,,220.2179,0.15069,23.6328,236.3282,Quantifiable,4.86,,Pass
PLT-015,BATCH-03,2026-02-16,Analyst_C,ELISA_Reader_02,12,A12,A,12,SMP-0508,Unknown,2,10,,220.2179,0.14234,22.0633,220.6332,Quantifiable,4.86,,Pass
PLT-015,BATCH-03,2026-02-16,Analyst_C,ELISA_Reader_02,13,B1,B,1,STD_1000,Standard,1,1,1000.0,1000.0,2.13593,1091.5909,1091.5909,N/A,7.05,103.97,Pass
PLT-015,BATCH-03,2026-02-16,Analyst_C,ELISA_Reader_02,14,B2,B,2,STD_1000,Standard,2,1,1000.0,1000.0,2.0949,987.8999,987.8999,N/A,7.05,103.97,Pass
PLT-015,BATCH-03,2026-02-16,Analyst_C,ELISA_Reader_02,15,B3,B,3,QC_Low,QC,1,1,50.0,50.0,0.30633,51.2616,51.2616,N/A,1.43,101.5,Pass
PLT-015,BATCH-03,2026-02-16,Analyst_C,ELISA_Reader_02,16,B4,B,4,QC_Low,QC,2,1,50.0,50.0,0.30045,50.2379,50.2379,N/A,1.43,101.5,Pass
PLT-015,BATCH-03,2026-02-16,Analyst_C,ELISA_Reader_02,17,B5,B,5,SMP-0509,Unknown,1,2,,2598.5852,2.21383,1358.4236,2716.8471,Quantifiable,7.81,,Pass
PLT-015,BATCH-03,2026-02-16,Analyst_C,ELISA_Reader_02,18,B6,B,6,SMP-0509,Unknown,2,2,,2598.5852,2.17641,1216.1722,2432.3445,Quantifiable,7.81,,Pass
PLT-015,BATCH-03,2026-02-16,Analyst_C,ELISA_Reader_02,19,B7,B,7,SMP-0510,Unknown,1,1,,65.9834,0.3826,64.5645,64.5645,Quantifiable,2.08,,Pass
PLT-015,BATCH-03,2026-02-16,Analyst_C,ELISA_Reader_02,20,B8,B,8,SMP-0510,Unknown,2,1,,65.9834,0.39357,66.4918,66.4918,Quantifiable,2.08,,Pass
PLT-015,BATCH-03,2026-02-16,Analyst_C,ELISA_Reader_02,21,B9,B,9,SMP-0511,Unknown,1,1,,37.6712,0.23968,39.6359,39.6359,Quantifiable,5.77,,Pass
PLT-015,BATCH-03,2026-02-16,Analyst_C,ELISA_Reader_02,22,B10,B,10,SMP-0511,Unknown,2,1,,37.6712,0.22202,36.5259,36.5259,Quantifiable,5.77,,Pass
PLT-015,BATCH-03,2026-02-16,Analyst_C,ELISA_Reader_02,23,B11,B,11,SMP-0512,Unknown,1,2,,111.0513,0.32537,54.572,109.144,Quantifiable,3.23,,Pass
PLT-015,BATCH-03,2026-02-16,Analyst_C,ELISA_Reader_02,24,B12,B,12,SMP-0512,Unknown,2,2,,111.0513,0.34004,57.1268,114.2535,Quantifiable,3.23,,Pass
PLT-015,BATCH-03,2026-02-16,Analyst_C,ELISA_Reader_02,25,C1,C,1,STD_500,Standard,1,1,500.0,500.0,1.71548,499.2638,499.2638,N/A,2.89,97.85,Pass
PLT-015,BATCH-03,2026-02-16,Analyst_C,ELISA_Reader_02,26,C2,C,2,STD_500,Standard,2,1,500.0,500.0,1.68755,479.2719,479.2719,N/A,2.89,97.85,Pass
PLT-015,BATCH-03,2026-02-16,Analyst_C,ELISA_Reader_02,27,C3,C,3,QC_Mid,QC,1,1,300.0,300.0,1.34276,301.1449,301.1449,N/A,1.35,99.43,Pass
PLT-015,BATCH-03,2026-02-16,Analyst_C,ELISA_Reader_02,28,C4,C,4,QC_Mid,QC,2,1,300.0,300.0,1.32792,295.4397,295.4397,N/A,1.35,99.43,Pass
PLT-015,BATCH-03,2026-02-16,Analyst_C,ELISA_Reader_02,29,C5,C,5,SMP-0513,Unknown,1,2,,810.2996,1.54533,392.9471,785.8942,Quantifiable,3.18,,Pass
PLT-015,BATCH-03,2026-02-16,Analyst_C,ELISA_Reader_02,30,C6,C,6,SMP-0513,Unknown,2,2,,810.2996,1.57844,411.0504,822.1008,Quantifiable,3.18,,Pass
PLT-015,BATCH-03,2026-02-16,Analyst_C,ELISA_Reader_02,31,C7,C,7,SMP-0514,Unknown,1,5,,77.5416,0.10545,14.8575,74.2875,<LLOQ,4.2,,Pass
PLT-015,BATCH-03,2026-02-16,Analyst_C,ELISA_Reader_02,32,C8,C,8,SMP-0514,Unknown,2,5,,77.5416,0.10126,13.9997,69.9983,<LLOQ,4.2,,Pass
PLT-015,BATCH-03,2026-02-16,Analyst_C,ELISA_Reader_02,33,C9,C,9,SMP-0515,Unknown,1,5,,2327.2176,1.65897,459.9705,2299.8525,Quantifiable,0.99,,Pass
PLT-015,BATCH-03,2026-02-16,Analyst_C,ELISA_Reader_02,34,C10,C,10,SMP-0515,Unknown,2,5,,2327.2176,1.66877,466.4636,2332.3182,Quantifiable,0.99,,Pass
PLT-015,BATCH-03,2026-02-16,Analyst_C,ELISA_Reader_02,35,C11,C,11,SMP-0516,Unknown,1,2,,609.7332,1.35171,304.6401,609.2802,Quantifiable,0.91,,Pass
PLT-015,BATCH-03,2026-02-16,Analyst_C,ELISA_Reader_02,36,C12,C,12,SMP-0516,Unknown,2,2,,609.7332,1.34172,300.741,601.4819,Quantifiable,0.91,,Pass
PLT-015,BATCH-03,2026-02-16,Analyst_C,ELISA_Reader_02,37,D1,D,1,STD_250,Standard,1,1,250.0,250.0,1.2307,260.7303,260.7303,N/A,2.87,102.22,Pass
PLT-015,BATCH-03,2026-02-16,Analyst_C,ELISA_Reader_02,38,D2,D,2,STD_250,Standard,2,1,250.0,250.0,1.19919,250.3628,250.3628,N/A,2.87,102.22,Pass
PLT-015,BATCH-03,2026-02-16,Analyst_C,ELISA_Reader_02,39,D3,D,3,QC_High,QC,1,1,1200.0,1200.0,2.19239,1273.1867,1273.1867,N/A,5.26,102.29,Pass
PLT-015,BATCH-03,2026-02-16,Analyst_C,ELISA_Reader_02,40,D4,D,4,QC_High,QC,2,1,1200.0,1200.0,2.16608,1181.8588,1181.8588,N/A,5.26,102.29,Pass
PLT-015,BATCH-03,2026-02-16,Analyst_C,ELISA_Reader_02,41,D5,D,5,SMP-0517,Unknown,1,2,,46.1023,0.1461,22.7721,45.5443,Quantifiable,3.22,,Pass
PLT-015,BATCH-03,2026-02-16,Analyst_C,ELISA_Reader_02,42,D6,D,6,SMP-0517,Unknown,2,2,,46.1023,0.15176,23.8317,47.6634,Quantifiable,3.22,,Pass
PLT-015,BATCH-03,2026-02-16,Analyst_C,ELISA_Reader_02,43,D7,D,7,SMP-0518,Unknown,1,10,,286.3717,0.1778,28.6191,286.1915,Quantifiable,0.91,,Pass
PLT-015,BATCH-03,2026-02-16,Analyst_C,ELISA_Reader_02,44,D8,D,8,SMP-0518,Unknown,2,10,,286.3717,0.17985,28.991,289.9098,Quantifiable,0.91,,Pass
PLT-015,BATCH-03,2026-02-16,Analyst_C,ELISA_Reader_02,45,D9,D,9,SMP-0519,Unknown,1,10,,41.3009,0.06217,5.1487,51.4868,<LLOQ,28.17,,Review
PLT-015,BATCH-03,2026-02-16,Analyst_C,ELISA_Reader_02,46,D10,D,10,SMP-0519,Unknown,2,10,,41.3009,0.05593,3.4385,34.3848,<LLOQ,28.17,,Review
PLT-015,BATCH-03,2026-02-16,Analyst_C,ELISA_Reader_02,47,D11,D,11,SMP-0520,Unknown,1,1,,1108.0555,2.13298,1083.4718,1083.4718,Quantifiable,5.64,,Pass
PLT-015,BATCH-03,2026-02-16,Analyst_C,ELISA_Reader_02,48,D12,D,12,SMP-0520,Unknown,2,1,,1108.0555,2.16346,1173.4616,1173.4616,Quantifiable,5.64,,Pass
PLT-015,BATCH-03,2026-02-16,Analyst_C,ELISA_Reader_02,49,E1,E,1,STD_125,Standard,1,1,125.0,125.0,0.72993,130.0859,130.0859,N/A,1.38,103.06,Pass
PLT-015,BATCH-03,2026-02-16,Analyst_C,ELISA_Reader_02,50,E2,E,2,STD_125,Standard,2,1,125.0,125.0,0.71775,127.5633,127.5633,N/A,1.38,103.06,Pass
PLT-015,BATCH-03,2026-02-16,Analyst_C,ELISA_Reader_02,51,E3,E,3,SMP-0521,Unknown,1,1,,167.6148,0.88061,163.2569,163.2569,Quantifiable,2.34,,Pass
PLT-015,BATCH-03,2026-02-16,Analyst_C,ELISA_Reader_02,52,E4,E,4,SMP-0521,Unknown,2,1,,167.6148,0.90383,168.7392,168.7392,Quantifiable,2.34,,Pass
PLT-015,BATCH-03,2026-02-16,Analyst_C,ELISA_Reader_02,53,E5,E,5,SMP-0522,Unknown,1,1,,40.217,0.24122,39.9057,39.9057,Quantifiable,1.25,,Pass
PLT-015,BATCH-03,2026-02-16,Analyst_C,ELISA_Reader_02,54,E6,E,6,SMP-0522,Unknown,2,1,,40.217,0.24527,40.6156,40.6156,Quantifiable,1.25,,Pass
PLT-015,BATCH-03,2026-02-16,Analyst_C,ELISA_Reader_02,55,E7,E,7,SMP-0523,Unknown,1,1,,120.2067,0.68823,121.5384,121.5384,Quantifiable,0.06,,Pass
PLT-015,BATCH-03,2026-02-16,Analyst_C,ELISA_Reader_02,56,E8,E,8,SMP-0523,Unknown,2,1,,120.2067,0.68772,121.4361,121.4361,Quantifiable,0.06,,Pass
PLT-015,BATCH-03,2026-02-16,Analyst_C,ELISA_Reader_02,57,E9,E,9,SMP-0524,Unknown,1,1,,82.7289,0.4823,82.3028,82.3028,Quantifiable,0.7,,Pass
PLT-015,BATCH-03,2026-02-16,Analyst_C,ELISA_Reader_02,58,E10,E,10,SMP-0524,Unknown,2,1,,82.7289,0.48682,83.1219,83.1219,Quantifiable,0.7,,Pass
PLT-015,BATCH-03,2026-02-16,Analyst_C,ELISA_Reader_02,59,E11,E,11,SMP-0525,Unknown,1,2,,298.4132,0.82258,150.018,300.0361,Quantifiable,2.26,,Pass
PLT-015,BATCH-03,2026-02-16,Analyst_C,ELISA_Reader_02,60,E12,E,12,SMP-0525,Unknown,2,2,,298.4132,0.80123,145.3008,290.6015,Quantifiable,2.26,,Pass
PLT-015,BATCH-03,2026-02-16,Analyst_C,ELISA_Reader_02,61,F1,F,1,STD_62.5,Standard,1,1,62.5,62.5,0.3634,61.2027,61.2027,N/A,2.17,99.45,Pass
PLT-015,BATCH-03,2026-02-16,Analyst_C,ELISA_Reader_02,62,F2,F,2,STD_62.5,Standard,2,1,62.5,62.5,0.37428,63.1063,63.1063,N/A,2.17,99.45,Pass
PLT-015,BATCH-03,2026-02-16,Analyst_C,ELISA_Reader_02,63,F3,F,3,SMP-0526,Unknown,1,5,,163.1605,0.20175,32.9284,164.6422,Quantifiable,1.21,,Pass
PLT-015,BATCH-03,2026-02-16,Analyst_C,ELISA_Reader_02,64,F4,F,4,SMP-0526,Unknown,2,5,,163.1605,0.20494,33.4966,167.4832,Quantifiable,1.21,,Pass
PLT-015,BATCH-03,2026-02-16,Analyst_C,ELISA_Reader_02,65,F5,F,5,SMP-0527,Unknown,1,2,,192.8557,0.55937,96.4893,192.9787,Quantifiable,0.38,,Pass
PLT-015,BATCH-03,2026-02-16,Analyst_C,ELISA_Reader_02,66,F6,F,6,SMP-0527,Unknown,2,2,,192.8557,0.55664,95.9784,191.9568,Quantifiable,0.38,,Pass
PLT-015,BATCH-03,2026-02-16,Analyst_C,ELISA_Reader_02,67,F7,F,7,SMP-0528,Unknown,1,2,,1037.181,1.71497,498.886,997.772,Quantifiable,0.26,,Pass
PLT-015,BATCH-03,2026-02-16,Analyst_C,ELISA_Reader_02,68,F8,F,8,SMP-0528,Unknown,2,2,,1037.181,1.71247,497.0548,994.1095,Quantifiable,0.26,,Pass
PLT-015,BATCH-03,2026-02-16,Analyst_C,ELISA_Reader_02,69,F9,F,9,SMP-0529,Unknown,1,1,,1860.2422,2.30815,1925.6358,1925.6358,>ULOQ,5.3,,Pass
PLT-015,BATCH-03,2026-02-16,Analyst_C,ELISA_Reader_02,70,F10,F,10,SMP-0529,Unknown,2,1,,1860.2422,2.29063,1786.435,1786.435,Quantifiable,5.3,,Pass
PLT-015,BATCH-03,2026-02-16,Analyst_C,ELISA_Reader_02,71,F11,F,11,SMP-0530,Unknown,1,2,,49.0243,0.1532,24.0995,48.199,Quantifiable,0.08,,Pass
PLT-015,BATCH-03,2026-02-16,Analyst_C,ELISA_Reader_02,72,F12,F,12,SMP-0530,Unknown,2,2,,49.0243,0.15304,24.0711,48.1423,Quantifiable,0.08,,Pass
PLT-015,BATCH-03,2026-02-16,Analyst_C,ELISA_Reader_02,73,G1,G,1,STD_31.25,Standard,1,1,31.25,31.25,0.18928,30.6937,30.6937,N/A,0.97,98.9,Pass
PLT-015,BATCH-03,2026-02-16,Analyst_C,ELISA_Reader_02,74,G2,G,2,STD_31.25,Standard,2,1,31.25,31.25,0.19164,31.1168,31.1168,N/A,0.97,98.9,Pass
PLT-015,BATCH-03,2026-02-16,Analyst_C,ELISA_Reader_02,75,G3,G,3,SMP-0531,Unknown,1,2,,439.1472,1.10876,222.6402,445.2805,Quantifiable,2.66,,Pass
PLT-015,BATCH-03,2026-02-16,Analyst_C,ELISA_Reader_02,76,G4,G,4,SMP-0531,Unknown,2,2,,439.1472,1.08007,214.4091,428.8182,Quantifiable,2.66,,Pass
PLT-015,BATCH-03,2026-02-16,Analyst_C,ELISA_Reader_02,77,G5,G,5,SMP-0532,Unknown,1,1,,514.5668,1.72906,509.4258,509.4258,Quantifiable,3.26,,Pass
PLT-015,BATCH-03,2026-02-16,Analyst_C,ELISA_Reader_02,78,G6,G,6,SMP-0532,Unknown,2,1,,514.5668,1.75969,533.4957,533.4957,Quantifiable,3.26,,Pass
PLT-015,BATCH-03,2026-02-16,Analyst_C,ELISA_Reader_02,79,G7,G,7,SMP-0533,Unknown,1,2,,70.3063,0.21492,35.2695,70.539,Quantifiable,0.81,,Pass
PLT-015,BATCH-03,2026-02-16,Analyst_C,ELISA_Reader_02,80,G8,G,8,SMP-0533,Unknown,2,2,,70.3063,0.21266,34.8696,69.7392,Quantifiable,0.81,,Pass
PLT-015,BATCH-03,2026-02-16,Analyst_C,ELISA_Reader_02,81,G9,G,9,SMP-0534,Unknown,1,5,,1570.3216,1.38825,319.3775,1596.8876,Quantifiable,0.26,,Pass
PLT-015,BATCH-03,2026-02-16,Analyst_C,ELISA_Reader_02,82,G10,G,10,SMP-0534,Unknown,2,5,,1570.3216,1.39111,320.5627,1602.8137,Quantifiable,0.26,,Pass
PLT-015,BATCH-03,2026-02-16,Analyst_C,ELISA_Reader_02,83,G11,G,11,SMP-0535,Unknown,1,1,,714.5287,1.97583,769.113,769.113,Quantifiable,1.99,,Pass
PLT-015,BATCH-03,2026-02-16,Analyst_C,ELISA_Reader_02,84,G12,G,12,SMP-0535,Unknown,2,1,,714.5287,1.96098,747.802,747.802,Quantifiable,1.99,,Pass
PLT-015,BATCH-03,2026-02-16,Analyst_C,ELISA_Reader_02,85,H1,H,1,STD_15.625,Standard,1,1,15.625,15.625,0.10309,14.3759,14.3759,N/A,0.72,92.48,Pass
PLT-015,BATCH-03,2026-02-16,Analyst_C,ELISA_Reader_02,86,H2,H,2,STD_15.625,Standard,2,1,15.625,15.625,0.10381,14.5237,14.5237,N/A,0.72,92.48,Pass
PLT-015,BATCH-03,2026-02-16,Analyst_C,ELISA_Reader_02,87,H3,H,3,SMP-0536,Unknown,1,1,,179.7474,0.94197,177.9864,177.9864,Quantifiable,0.85,,Pass
PLT-015,BATCH-03,2026-02-16,Analyst_C,ELISA_Reader_02,88,H4,H,4,SMP-0536,Unknown,2,1,,179.7474,0.93333,175.8657,175.8657,Quantifiable,0.85,,Pass
PLT-015,BATCH-03,2026-02-16,Analyst_C,ELISA_Reader_02,89,H5,H,5,SMP-0537,Unknown,1,10,,16.7431,0.05578,3.3946,33.9458,<LLOQ,29.31,,Review
PLT-015,BATCH-03,2026-02-16,Analyst_C,ELISA_Reader_02,90,H6,H,6,SMP-0537,Unknown,2,10,,16.7431,0.05197,2.2291,22.2914,<LLOQ,29.31,,Review
PLT-015,BATCH-03,2026-02-16,Analyst_C,ELISA_Reader_02,91,H7,H,7,SMP-0538,Unknown,1,5,,9.6884,0.05997,4.5645,22.8227,<LLOQ,12.27,,Pass
PLT-015,BATCH-03,2026-02-16,Analyst_C,ELISA_Reader_02,92,H8,H,8,SMP-0538,Unknown,2,5,,9.6884,0.06326,5.4322,27.1608,<LLOQ,12.27,,Pass
PLT-015,BATCH-03,2026-02-16,Analyst_C,ELISA_Reader_02,93,H9,H,9,SMP-0539,Unknown,1,5,,11.9241,0.04681,0.2106,1.0531,<LLOQ,91.89,,Review
PLT-015,BATCH-03,2026-02-16,Analyst_C,ELISA_Reader_02,94,H10,H,10,SMP-0539,Unknown,2,5,,11.9241,0.04849,0.992,4.96,<LLOQ,91.89,,Review
PLT-015,BATCH-03,2026-02-16,Analyst_C,ELISA_Reader_02,95,H11,H,11,SMP-0540,Unknown,1,10,,154.0525,0.11473,16.7252,167.2523,<LLOQ,15.51,,Pass
PLT-015,BATCH-03,2026-02-16,Analyst_C,ELISA_Reader_02,96,H12,H,12,SMP-0540,Unknown,2,10,,154.0525,0.09846,13.4189,134.1886,<LLOQ,15.51,,Pass
PLT-016,BATCH-04,2026-02-19,Analyst_A,ELISA_Reader_01,1,A1,A,1,STD_2000,Standard,1,1,2000.0,2000.0,3.00431,52728989.4465,52728989.4465,N/A,0.0,2636449.47,Review
PLT-016,BATCH-04,2026-02-19,Analyst_A,ELISA_Reader_01,2,A2,A,2,STD_2000,Standard,2,1,2000.0,2000.0,2.96516,52728989.4465,52728989.4465,N/A,0.0,2636449.47,Review
PLT-016,BATCH-04,2026-02-19,Analyst_A,ELISA_Reader_01,3,A3,A,3,BLANK,Blank,1,1,0.0,0.0,0.06864,5.4557,5.4557,N/A,30.46,,Pass
PLT-016,BATCH-04,2026-02-19,Analyst_A,ELISA_Reader_01,4,A4,A,4,BLANK,Blank,2,1,0.0,0.0,0.06074,3.5221,3.5221,N/A,30.46,,Pass
PLT-016,BATCH-04,2026-02-19,Analyst_A,ELISA_Reader_01,5,A5,A,5,SMP-0541,Unknown,1,1,,102.5298,0.76337,138.4038,138.4038,Quantifiable,0.15,,Pass
PLT-016,BATCH-04,2026-02-19,Analyst_A,ELISA_Reader_01,6,A6,A,6,SMP-0541,Unknown,2,1,,102.5298,0.76466,138.6883,138.6883,Quantifiable,0.15,,Pass
PLT-016,BATCH-04,2026-02-19,Analyst_A,ELISA_Reader_01,7,A7,A,7,SMP-0542,Unknown,1,1,,1487.7812,2.91433,52728989.4465,52728989.4465,>ULOQ,0.0,,Pass
PLT-016,BATCH-04,2026-02-19,Analyst_A,ELISA_Reader_01,8,A8,A,8,SMP-0542,Unknown,2,1,,1487.7812,2.89259,52728989.4465,52728989.4465,>ULOQ,0.0,,Pass
PLT-016,BATCH-04,2026-02-19,Analyst_A,ELISA_Reader_01,9,A9,A,9,SMP-0543,Unknown,1,5,,1584.2071,1.74224,533.7098,2668.5492,Quantifiable,0.87,,Pass
PLT-016,BATCH-04,2026-02-19,Analyst_A,ELISA_Reader_01,10,A10,A,10,SMP-0543,Unknown,2,5,,1584.2071,1.73386,527.1488,2635.7442,Quantifiable,0.87,,Pass
PLT-016,BATCH-04,2026-02-19,Analyst_A,ELISA_Reader_01,11,A11,A,11,SMP-0544,Unknown,1,5,,823.6998,1.13466,235.7216,1178.6082,Quantifiable,2.82,,Pass
PLT-016,BATCH-04,2026-02-19,Analyst_A,ELISA_Reader_01,12,A12,A,12,SMP-0544,Unknown,2,5,,823.6998,1.10474,226.5064,1132.5322,Quantifiable,2.82,,Pass
PLT-016,BATCH-04,2026-02-19,Analyst_A,ELISA_Reader_01,13,B1,B,1,STD_1000,Standard,1,1,1000.0,1000.0,2.63665,52728989.4465,52728989.4465,N/A,141.42,2636503.67,Review
PLT-016,BATCH-04,2026-02-19,Analyst_A,ELISA_Reader_01,14,B2,B,2,STD_1000,Standard,2,1,1000.0,1000.0,2.13826,1083.9412,1083.9412,N/A,141.42,2636503.67,Review
PLT-016,BATCH-04,2026-02-19,Analyst_A,ELISA_Reader_01,15,B3,B,3,QC_Low,QC,1,1,50.0,50.0,0.30986,50.3488,50.3488,N/A,4.08,97.87,Pass
PLT-016,BATCH-04,2026-02-19,Analyst_A,ELISA_Reader_01,16,B4,B,4,QC_Low,QC,2,1,50.0,50.0,0.29387,47.5239,47.5239,N/A,4.08,97.87,Pass
PLT-016,BATCH-04,2026-02-19,Analyst_A,ELISA_Reader_01,17,B5,B,5,SMP-0545,Unknown,1,5,,10.9195,0.05591,2.224,11.1198,<LLOQ,33.09,,Review
PLT-016,BATCH-04,2026-02-19,Analyst_A,ELISA_Reader_01,18,B6,B,6,SMP-0545,Unknown,2,5,,10.9195,0.06098,3.5826,17.9129,<LLOQ,33.09,,Review
PLT-016,BATCH-04,2026-02-19,Analyst_A,ELISA_Reader_01,19,B7,B,7,SMP-0546,Unknown,1,2,,665.9568,1.3957,331.76,663.5201,Quantifiable,1.01,,Pass
PLT-016,BATCH-04,2026-02-19,Analyst_A,ELISA_Reader_01,20,B8,B,8,SMP-0546,Unknown,2,2,,665.9568,1.38482,327.0721,654.1442,Quantifiable,1.01,,Pass
PLT-016,BATCH-04,2026-02-19,Analyst_A,ELISA_Reader_01,21,B9,B,9,SMP-0547,Unknown,1,1,,92.9756,0.53725,91.9185,91.9185,Quantifiable,1.1,,Pass
PLT-016,BATCH-04,2026-02-19,Analyst_A,ELISA_Reader_01,22,B10,B,10,SMP-0547,Unknown,2,1,,92.9756,0.54479,93.3662,93.3662,Quantifiable,1.1,,Pass
PLT-016,BATCH-04,2026-02-19,Analyst_A,ELISA_Reader_01,23,B11,B,11,SMP-0548,Unknown,1,2,,30.2695,0.11728,15.6166,31.2332,<LLOQ,22.85,,Review
PLT-016,BATCH-04,2026-02-19,Analyst_A,ELISA_Reader_01,24,B12,B,12,SMP-0548,Unknown,2,2,,30.2695,0.14907,21.6358,43.2716,Quantifiable,22.85,,Review
PLT-016,BATCH-04,2026-02-19,Analyst_A,ELISA_Reader_01,25,C1,C,1,STD_500,Standard,1,1,500.0,500.0,2.1814,1202.2584,1202.2584,N/A,58.24,170.32,Review
PLT-016,BATCH-04,2026-02-19,Analyst_A,ELISA_Reader_01,26,C2,C,2,STD_500,Standard,2,1,500.0,500.0,1.69878,500.9082,500.9082,N/A,58.24,170.32,Review
PLT-016,BATCH-04,2026-02-19,Analyst_A,ELISA_Reader_01,27,C3,C,3,QC_Mid,QC,1,1,300.0,300.0,1.29768,291.9325,291.9325,N/A,2.52,99.08,Pass
PLT-016,BATCH-04,2026-02-19,Analyst_A,ELISA_Reader_01,28,C4,C,4,QC_Mid,QC,2,1,300.0,300.0,1.32508,302.5412,302.5412,N/A,2.52,99.08,Pass
PLT-016,BATCH-04,2026-02-19,Analyst_A,ELISA_Reader_01,29,C5,C,5,SMP-0549,Unknown,1,2,,329.4068,0.88287,166.2217,332.4435,Quantifiable,0.25,,Pass
PLT-016,BATCH-04,2026-02-19,Analyst_A,ELISA_Reader_01,30,C6,C,6,SMP-0549,Unknown,2,2,,329.4068,0.88531,166.8212,333.6423,Quantifiable,0.25,,Pass
PLT-016,BATCH-04,2026-02-19,Analyst_A,ELISA_Reader_01,31,C7,C,7,SMP-0550,Unknown,1,1,,11.2726,0.09375,10.9261,10.9261,<LLOQ,6.32,,Pass
PLT-016,BATCH-04,2026-02-19,Analyst_A,ELISA_Reader_01,32,C8,C,8,SMP-0550,Unknown,2,1,,11.2726,0.09875,11.9477,11.9477,<LLOQ,6.32,,Pass
PLT-016,BATCH-04,2026-02-19,Analyst_A,ELISA_Reader_01,33,C9,C,9,SMP-0551,Unknown,1,1,,55.4218,0.34382,56.3715,56.3715,Quantifiable,0.79,,Pass
PLT-016,BATCH-04,2026-02-19,Analyst_A,ELISA_Reader_01,34,C10,C,10,SMP-0551,Unknown,2,1,,55.4218,0.34032,55.7489,55.7489,Quantifiable,0.79,,Pass
PLT-016,BATCH-04,2026-02-19,Analyst_A,ELISA_Reader_01,35,C11,C,11,SMP-0552,Unknown,1,2,,45.4749,0.1552,22.7707,45.5414,Quantifiable,17.09,,Pass
PLT-016,BATCH-04,2026-02-19,Analyst_A,ELISA_Reader_01,36,C12,C,12,SMP-0552,Unknown,2,2,,45.4749,0.18963,29.0321,58.0642,Quantifiable,17.09,,Pass
PLT-016,BATCH-04,2026-02-19,Analyst_A,ELISA_Reader_01,37,D1,D,1,STD_250,Standard,1,1,250.0,250.0,1.49326,377.3215,377.3215,N/A,25.05,128.22,Review
PLT-016,BATCH-04,2026-02-19,Analyst_A,ELISA_Reader_01,38,D2,D,2,STD_250,Standard,2,1,250.0,250.0,1.22,263.7795,263.7795,N/A,25.05,128.22,Review
PLT-016,BATCH-04,2026-02-19,Analyst_A,ELISA_Reader_01,39,D3,D,3,QC_High,QC,1,1,1200.0,1200.0,2.19662,1249.8599,1249.8599,N/A,3.06,106.46,Pass
PLT-016,BATCH-04,2026-02-19,Analyst_A,ELISA_Reader_01,40,D4,D,4,QC_High,QC,2,1,1200.0,1200.0,2.21299,1305.0969,1305.0969,N/A,3.06,106.46,Pass
PLT-016,BATCH-04,2026-02-19,Analyst_A,ELISA_Reader_01,41,D5,D,5,SMP-0553,Unknown,1,2,,257.0728,0.72053,129.0458,258.0917,Quantifiable,0.47,,Pass
PLT-016,BATCH-04,2026-02-19,Analyst_A,ELISA_Reader_01,42,D6,D,6,SMP-0553,Unknown,2,2,,257.0728,0.71651,128.1826,256.3653,Quantifiable,0.47,,Pass
PLT-016,BATCH-04,2026-02-19,Analyst_A,ELISA_Reader_01,43,D7,D,7,SMP-0554,Unknown,1,2,,1088.3377,1.76182,549.4795,1098.9589,Quantifiable,0.07,,Pass
PLT-016,BATCH-04,2026-02-19,Analyst_A,ELISA_Reader_01,44,D8,D,8,SMP-0554,Unknown,2,2,,1088.3377,1.76111,548.8974,1097.7949,Quantifiable,0.07,,Pass
PLT-016,BATCH-04,2026-02-19,Analyst_A,ELISA_Reader_01,45,D9,D,9,SMP-0555,Unknown,1,2,,209.8547,0.60745,105.6411,211.2821,Quantifiable,0.35,,Pass
PLT-016,BATCH-04,2026-02-19,Analyst_A,ELISA_Reader_01,46,D10,D,10,SMP-0555,Unknown,2,2,,209.8547,0.60486,105.1261,210.2521,Quantifiable,0.35,,Pass
PLT-016,BATCH-04,2026-02-19,Analyst_A,ELISA_Reader_01,47,D11,D,11,SMP-0556,Unknown,1,2,,44.3294,0.1602,23.6897,47.3794,Quantifiable,18.02,,Pass
PLT-016,BATCH-04,2026-02-19,Analyst_A,ELISA_Reader_01,48,D12,D,12,SMP-0556,Unknown,2,2,,44.3294,0.1984,30.6076,61.2152,Quantifiable,18.02,,Pass
PLT-016,BATCH-04,2026-02-19,Analyst_A,ELISA_Reader_01,49,E1,E,1,STD_125,Standard,1,1,125.0,125.0,0.87878,165.225,165.225,N/A,18.86,116.63,Pass
PLT-016,BATCH-04,2026-02-19,Analyst_A,ELISA_Reader_01,50,E2,E,2,STD_125,Standard,2,1,125.0,125.0,0.70792,126.3443,126.3443,N/A,18.86,116.63,Pass
PLT-016,BATCH-04,2026-02-19,Analyst_A,ELISA_Reader_01,51,E3,E,3,SMP-0557,Unknown,1,5,,14.4859,0.05644,2.3727,11.8634,<LLOQ,17.2,,Pass
PLT-016,BATCH-04,2026-02-19,Analyst_A,ELISA_Reader_01,52,E4,E,4,SMP-0557,Unknown,2,5,,14.4859,0.05886,3.0298,15.1491,<LLOQ,17.2,,Pass
PLT-016,BATCH-04,2026-02-19,Analyst_A,ELISA_Reader_01,53,E5,E,5,SMP-0558,Unknown,1,10,,176.2466,0.12802,17.6828,176.8276,<LLOQ,4.73,,Pass
PLT-016,BATCH-04,2026-02-19,Analyst_A,ELISA_Reader_01,54,E6,E,6,SMP-0558,Unknown,2,10,,176.2466,0.12204,16.5379,165.3788,<LLOQ,4.73,,Pass
PLT-016,BATCH-04,2026-02-19,Analyst_A,ELISA_Reader_01,55,E7,E,7,SMP-0559,Unknown,1,1,,42.1754,0.26506,42.4364,42.4364,Quantifiable,2.61,,Pass
PLT-016,BATCH-04,2026-02-19,Analyst_A,ELISA_Reader_01,56,E8,E,8,SMP-0559,Unknown,2,1,,42.1754,0.25637,40.9013,40.9013,Quantifiable,2.61,,Pass
PLT-016,BATCH-04,2026-02-19,Analyst_A,ELISA_Reader_01,57,E9,E,9,SMP-0560,Unknown,1,2,,181.3277,0.53183,90.881,181.7621,Quantifiable,0.7,,Pass
PLT-016,BATCH-04,2026-02-19,Analyst_A,ELISA_Reader_01,58,E10,E,10,SMP-0560,Unknown,2,2,,181.3277,0.52714,89.9852,179.9705,Quantifiable,0.7,,Pass
PLT-016,BATCH-04,2026-02-19,Analyst_A,ELISA_Reader_01,59,E11,E,11,SMP-0561,Unknown,1,1,,58.8093,0.34742,57.0116,57.0116,Quantifiable,22.48,,Review
PLT-016,BATCH-04,2026-02-19,Analyst_A,ELISA_Reader_01,60,E12,E,12,SMP-0561,Unknown,2,1,,58.8093,0.46635,78.5643,78.5643,Quantifiable,22.48,,Review
PLT-016,BATCH-04,2026-02-19,Analyst_A,ELISA_Reader_01,61,F1,F,1,STD_62.5,Standard,1,1,62.5,62.5,0.47859,80.8382,80.8382,N/A,17.72,114.94,Pass
PLT-016,BATCH-04,2026-02-19,Analyst_A,ELISA_Reader_01,62,F2,F,2,STD_62.5,Standard,2,1,62.5,62.5,0.37998,62.8317,62.8317,N/A,17.72,114.94,Pass
PLT-016,BATCH-04,2026-02-19,Analyst_A,ELISA_Reader_01,63,F3,F,3,SMP-0562,Unknown,1,1,,11.1861,0.09729,11.6509,11.6509,<LLOQ,22.91,,Review
PLT-016,BATCH-04,2026-02-19,Analyst_A,ELISA_Reader_01,64,F4,F,4,SMP-0562,Unknown,2,1,,11.1861,0.08177,8.4026,8.4026,<LLOQ,22.91,,Review
PLT-016,BATCH-04,2026-02-19,Analyst_A,ELISA_Reader_01,65,F5,F,5,SMP-0563,Unknown,1,1,,23.9546,0.16724,24.978,24.978,Quantifiable,0.07,,Pass
PLT-016,BATCH-04,2026-02-19,Analyst_A,ELISA_Reader_01,66,F6,F,6,SMP-0563,Unknown,2,1,,23.9546,0.1671,24.9523,24.9523,Quantifiable,0.07,,Pass
PLT-016,BATCH-04,2026-02-19,Analyst_A,ELISA_Reader_01,67,F7,F,7,SMP-0564,Unknown,1,2,,20.4151,0.08928,9.9984,19.9969,<LLOQ,4.95,,Pass
PLT-016,BATCH-04,2026-02-19,Analyst_A,ELISA_Reader_01,68,F8,F,8,SMP-0564,Unknown,2,2,,20.4151,0.08607,9.3228,18.6456,<LLOQ,4.95,,Pass
PLT-016,BATCH-04,2026-02-19,Analyst_A,ELISA_Reader_01,69,F9,F,9,SMP-0565,Unknown,1,5,,37.8632,0.07741,7.4494,37.2471,<LLOQ,8.16,,Pass
PLT-016,BATCH-04,2026-02-19,Analyst_A,ELISA_Reader_01,70,F10,F,10,SMP-0565,Unknown,2,5,,37.8632,0.08158,8.3622,41.8112,<LLOQ,8.16,,Pass
PLT-016,BATCH-04,2026-02-19,Analyst_A,ELISA_Reader_01,71,F11,F,11,SMP-0566,Unknown,1,1,,53.156,0.32325,52.7203,52.7203,Quantifiable,18.07,,Pass
PLT-016,BATCH-04,2026-02-19,Analyst_A,ELISA_Reader_01,72,F12,F,12,SMP-0566,Unknown,2,1,,53.156,0.40957,68.1661,68.1661,Quantifiable,18.07,,Pass
PLT-016,BATCH-04,2026-02-19,Analyst_A,ELISA_Reader_01,73,G1,G,1,STD_31.25,Standard,1,1,31.25,31.25,0.25484,40.6311,40.6311,N/A,20.29,113.71,Review
PLT-016,BATCH-04,2026-02-19,Analyst_A,ELISA_Reader_01,74,G2,G,2,STD_31.25,Standard,2,1,31.25,31.25,0.19745,30.4366,30.4366,N/A,20.29,113.71,Review
PLT-016,BATCH-04,2026-02-19,Analyst_A,ELISA_Reader_01,75,G3,G,3,SMP-0567,Unknown,1,10,,705.095,0.41366,68.9089,689.089,Quantifiable,2.21,,Pass
PLT-016,BATCH-04,2026-02-19,Analyst_A,ELISA_Reader_01,76,G4,G,4,SMP-0567,Unknown,2,10,,705.095,0.42569,71.0963,710.9634,Quantifiable,2.21,,Pass
PLT-016,BATCH-04,2026-02-19,Analyst_A,ELISA_Reader_01,77,G5,G,5,SMP-0568,Unknown,1,1,,9.4569,0.08569,9.2409,9.2409,<LLOQ,2.72,,Pass
PLT-016,BATCH-04,2026-02-19,Analyst_A,ELISA_Reader_01,78,G6,G,6,SMP-0568,Unknown,2,1,,9.4569,0.0874,9.6035,9.6035,<LLOQ,2.72,,Pass
PLT-016,BATCH-04,2026-02-19,Analyst_A,ELISA_Reader_01,79,G7,G,7,SMP-0569,Unknown,1,5,,11.6428,0.05883,3.024,15.1199,<LLOQ,24.21,,Review
PLT-016,BATCH-04,2026-02-19,Analyst_A,ELISA_Reader_01,80,G8,G,8,SMP-0569,Unknown,2,5,,11.6428,0.05561,2.14,10.6998,<LLOQ,24.21,,Review
PLT-016,BATCH-04,2026-02-19,Analyst_A,ELISA_Reader_01,81,G9,G,9,SMP-0570,Unknown,1,2,,17.44,0.07637,7.2185,14.437,<LLOQ,13.61,,Pass
PLT-016,BATCH-04,2026-02-19,Analyst_A,ELISA_Reader_01,82,G10,G,10,SMP-0570,Unknown,2,2,,17.44,0.08341,8.7554,17.5108,<LLOQ,13.61,,Pass
PLT-016,BATCH-04,2026-02-19,Analyst_A,ELISA_Reader_01,83,G11,G,11,SMP-0571,Unknown,1,1,,435.5206,1.61722,446.4027,446.4027,Quantifiable,48.02,,Review
PLT-016,BATCH-04,2026-02-19,Analyst_A,ELISA_Reader_01,84,G12,G,12,SMP-0571,Unknown,2,1,,435.5206,2.05438,905.382,905.382,Quantifiable,48.02,,Review
PLT-016,BATCH-04,2026-02-19,Analyst_A,ELISA_Reader_01,85,H1,H,1,STD_15.625,Standard,1,1,15.625,15.625,0.15339,22.4359,22.4359,N/A,4.8,138.88,Review
PLT-016,BATCH-04,2026-02-19,Analyst_A,ELISA_Reader_01,86,H2,H,2,STD_15.625,Standard,2,1,15.625,15.625,0.14545,20.9635,20.9635,N/A,4.8,138.88,Review
PLT-016,BATCH-04,2026-02-19,Analyst_A,ELISA_Reader_01,87,H3,H,3,SMP-0572,Unknown,1,5,,18.0985,0.07856,7.7043,38.5216,<LLOQ,30.71,,Review
PLT-016,BATCH-04,2026-02-19,Analyst_A,ELISA_Reader_01,88,H4,H,4,SMP-0572,Unknown,2,5,,18.0985,0.06653,4.9551,24.7753,<LLOQ,30.71,,Review
PLT-016,BATCH-04,2026-02-19,Analyst_A,ELISA_Reader_01,89,H5,H,5,SMP-0573,Unknown,1,5,,1097.0223,1.36173,317.3508,1586.7541,Quantifiable,1.51,,Pass
PLT-016,BATCH-04,2026-02-19,Analyst_A,ELISA_Reader_01,90,H6,H,6,SMP-0573,Unknown,2,5,,1097.0223,1.37807,324.1961,1620.9807,Quantifiable,1.51,,Pass
PLT-016,BATCH-04,2026-02-19,Analyst_A,ELISA_Reader_01,91,H7,H,7,SMP-0574,Unknown,1,1,,74.2371,0.56853,97.9668,97.9668,Quantifiable,0.57,,Pass
PLT-016,BATCH-04,2026-02-19,Analyst_A,ELISA_Reader_01,92,H8,H,8,SMP-0574,Unknown,2,1,,74.2371,0.5645,97.1813,97.1813,Quantifiable,0.57,,Pass
PLT-016,BATCH-04,2026-02-19,Analyst_A,ELISA_Reader_01,93,H9,H,9,SMP-0575,Unknown,1,2,,104.5132,0.40965,68.1812,136.3625,Quantifiable,0.75,,Pass
PLT-016,BATCH-04,2026-02-19,Analyst_A,ELISA_Reader_01,94,H10,H,10,SMP-0575,Unknown,2,2,,104.5132,0.41368,68.9109,137.8219,Quantifiable,0.75,,Pass
PLT-016,BATCH-04,2026-02-19,Analyst_A,ELISA_Reader_01,95,H11,H,11,SMP-0576,Unknown,1,1,,10.0638,0.11229,14.6446,14.6446,<LLOQ,5.65,,Pass
PLT-016,BATCH-04,2026-02-19,Analyst_A,ELISA_Reader_01,96,H12,H,12,SMP-0576,Unknown,2,1,,10.0638,0.11855,15.8631,15.8631,<LLOQ,5.65,,Pass
PLT-017,BATCH-04,2026-02-22,Analyst_B,ELISA_Reader_01,1,A1,A,1,STD_2000,Standard,1,1,2000.0,2000.0,2.2035,1915.0192,1915.0192,N/A,13.32,87.51,Pass
PLT-017,BATCH-04,2026-02-22,Analyst_B,ELISA_Reader_01,2,A2,A,2,STD_2000,Standard,2,1,2000.0,2000.0,2.15164,1585.3668,1585.3668,N/A,13.32,87.51,Pass
PLT-017,BATCH-04,2026-02-22,Analyst_B,ELISA_Reader_01,3,A3,A,3,BLANK,Blank,1,1,0.0,0.0,0.04514,0.0017,0.0017,N/A,140.95,,Pass
PLT-017,BATCH-04,2026-02-22,Analyst_B,ELISA_Reader_01,4,A4,A,4,BLANK,Blank,2,1,0.0,0.0,0.04973,1.0129,1.0129,N/A,140.95,,Pass
PLT-017,BATCH-04,2026-02-22,Analyst_B,ELISA_Reader_01,5,A5,A,5,SMP-0577,Unknown,1,1,,147.8792,0.77905,154.1566,154.1566,Quantifiable,2.12,,Pass
PLT-017,BATCH-04,2026-02-22,Analyst_B,ELISA_Reader_01,6,A6,A,6,SMP-0577,Unknown,2,1,,147.8792,0.76072,149.6078,149.6078,Quantifiable,2.12,,Pass
PLT-017,BATCH-04,2026-02-22,Analyst_B,ELISA_Reader_01,7,A7,A,7,SMP-0578,Unknown,1,2,,15.675,0.08156,9.2816,18.5632,<LLOQ,12.06,,Pass
PLT-017,BATCH-04,2026-02-22,Analyst_B,ELISA_Reader_01,8,A8,A,8,SMP-0578,Unknown,2,2,,15.675,0.07522,7.8225,15.6451,<LLOQ,12.06,,Pass
PLT-017,BATCH-04,2026-02-22,Analyst_B,ELISA_Reader_01,9,A9,A,9,SMP-0579,Unknown,1,1,,259.2883,1.15362,267.6047,267.6047,Quantifiable,5.86,,Pass
PLT-017,BATCH-04,2026-02-22,Analyst_B,ELISA_Reader_01,10,A10,A,10,SMP-0579,Unknown,2,1,,259.2883,1.09417,246.3261,246.3261,Quantifiable,5.86,,Pass
PLT-017,BATCH-04,2026-02-22,Analyst_B,ELISA_Reader_01,11,A11,A,11,SMP-0580,Unknown,1,1,,86.0992,0.47104,85.4484,85.4484,Quantifiable,0.37,,Pass
PLT-017,BATCH-04,2026-02-22,Analyst_B,ELISA_Reader_01,12,A12,A,12,SMP-0580,Unknown,2,1,,86.0992,0.46883,85.0022,85.0022,Quantifiable,0.37,,Pass
PLT-017,BATCH-04,2026-02-22,Analyst_B,ELISA_Reader_01,13,B1,B,1,STD_1000,Standard,1,1,1000.0,1000.0,1.98309,1003.9158,1003.9158,N/A,2.5,102.2,Pass
PLT-017,BATCH-04,2026-02-22,Analyst_B,ELISA_Reader_01,14,B2,B,2,STD_1000,Standard,2,1,1000.0,1000.0,1.99855,1040.108,1040.108,N/A,2.5,102.2,Pass
PLT-017,BATCH-04,2026-02-22,Analyst_B,ELISA_Reader_01,15,B3,B,3,QC_Low,QC,1,1,50.0,50.0,0.29226,50.6641,50.6641,N/A,3.3,99.02,Pass
PLT-017,BATCH-04,2026-02-22,Analyst_B,ELISA_Reader_01,16,B4,B,4,QC_Low,QC,2,1,50.0,50.0,0.28009,48.3563,48.3563,N/A,3.3,99.02,Pass
PLT-017,BATCH-04,2026-02-22,Analyst_B,ELISA_Reader_01,17,B5,B,5,SMP-0581,Unknown,1,10,,795.218,0.42654,76.5657,765.6566,Quantifiable,1.85,,Pass
PLT-017,BATCH-04,2026-02-22,Analyst_B,ELISA_Reader_01,18,B6,B,6,SMP-0581,Unknown,2,10,,795.218,0.43677,78.592,785.9203,Quantifiable,1.85,,Pass
PLT-017,BATCH-04,2026-02-22,Analyst_B,ELISA_Reader_01,19,B7,B,7,SMP-0582,Unknown,1,1,,47.9382,0.26939,46.3308,46.3308,Quantifiable,0.79,,Pass
PLT-017,BATCH-04,2026-02-22,Analyst_B,ELISA_Reader_01,20,B8,B,8,SMP-0582,Unknown,2,1,,47.9382,0.27215,46.8535,46.8535,Quantifiable,0.79,,Pass
PLT-017,BATCH-04,2026-02-22,Analyst_B,ELISA_Reader_01,21,B9,B,9,SMP-0583,Unknown,1,2,,728.8786,1.38429,368.3735,736.747,Quantifiable,0.68,,Pass
PLT-017,BATCH-04,2026-02-22,Analyst_B,ELISA_Reader_01,22,B10,B,10,SMP-0583,Unknown,2,2,,728.8786,1.3911,371.9082,743.8163,Quantifiable,0.68,,Pass
PLT-017,BATCH-04,2026-02-22,Analyst_B,ELISA_Reader_01,23,B11,B,11,SMP-0584,Unknown,1,10,,17.4737,0.0517,1.6722,16.7219,<LLOQ,141.13,,Review
PLT-017,BATCH-04,2026-02-22,Analyst_B,ELISA_Reader_01,24,B12,B,12,SMP-0584,Unknown,2,10,,17.4737,0.04732,0.0017,0.0171,<LLOQ,141.13,,Review
PLT-017,BATCH-04,2026-02-22,Analyst_B,ELISA_Reader_01,25,C1,C,1,STD_500,Standard,1,1,500.0,500.0,1.58261,490.6076,490.6076,N/A,0.89,97.51,Pass
PLT-017,BATCH-04,2026-02-22,Analyst_B,ELISA_Reader_01,26,C2,C,2,STD_500,Standard,2,1,500.0,500.0,1.57427,484.5027,484.5027,N/A,0.89,97.51,Pass
PLT-017,BATCH-04,2026-02-22,Analyst_B,ELISA_Reader_01,27,C3,C,3,QC_Mid,QC,1,1,300.0,300.0,1.21453,291.1336,291.1336,N/A,3.85,99.76,Pass
PLT-017,BATCH-04,2026-02-22,Analyst_B,ELISA_Reader_01,28,C4,C,4,QC_Mid,QC,2,1,300.0,300.0,1.25398,307.4261,307.4261,N/A,3.85,99.76,Pass
PLT-017,BATCH-04,2026-02-22,Analyst_B,ELISA_Reader_01,29,C5,C,5,SMP-0585,Unknown,1,1,,581.968,1.68493,575.0351,575.0351,Quantifiable,2.55,,Pass
PLT-017,BATCH-04,2026-02-22,Analyst_B,ELISA_Reader_01,30,C6,C,6,SMP-0585,Unknown,2,1,,581.968,1.70719,596.1258,596.1258,Quantifiable,2.55,,Pass
PLT-017,BATCH-04,2026-02-22,Analyst_B,ELISA_Reader_01,31,C7,C,7,SMP-0586,Unknown,1,2,,136.4117,0.38639,68.7018,137.4037,Quantifiable,0.41,,Pass
PLT-017,BATCH-04,2026-02-22,Analyst_B,ELISA_Reader_01,32,C8,C,8,SMP-0586,Unknown,2,2,,136.4117,0.38436,68.3083,136.6167,Quantifiable,0.41,,Pass
PLT-017,BATCH-04,2026-02-22,Analyst_B,ELISA_Reader_01,33,C9,C,9,SMP-0587,Unknown,1,1,,17.2037,0.11782,17.0431,17.0431,<LLOQ,0.39,,Pass
PLT-017,BATCH-04,2026-02-22,Analyst_B,ELISA_Reader_01,34,C10,C,10,SMP-0587,Unknown,2,1,,17.2037,0.11737,16.9503,16.9503,<LLOQ,0.39,,Pass
PLT-017,BATCH-04,2026-02-22,Analyst_B,ELISA_Reader_01,35,C11,C,11,SMP-0588,Unknown,1,1,,322.8016,1.30249,328.7424,328.7424,Quantifiable,0.56,,Pass
PLT-017,BATCH-04,2026-02-22,Analyst_B,ELISA_Reader_01,36,C12,C,12,SMP-0588,Unknown,2,1,,322.8016,1.29677,326.149,326.149,Quantifiable,0.56,,Pass
PLT-017,BATCH-04,2026-02-22,Analyst_B,ELISA_Reader_01,37,D1,D,1,STD_250,Standard,1,1,250.0,250.0,1.09661,247.1699,247.1699,N/A,1.1,99.64,Pass
PLT-017,BATCH-04,2026-02-22,Analyst_B,ELISA_Reader_01,38,D2,D,2,STD_250,Standard,2,1,250.0,250.0,1.10769,251.028,251.028,N/A,1.1,99.64,Pass
PLT-017,BATCH-04,2026-02-22,Analyst_B,ELISA_Reader_01,39,D3,D,3,QC_High,QC,1,1,1200.0,1200.0,2.07174,1248.7142,1248.7142,N/A,3.26,101.72,Pass
PLT-017,BATCH-04,2026-02-22,Analyst_B,ELISA_Reader_01,40,D4,D,4,QC_High,QC,2,1,1200.0,1200.0,2.05431,1192.494,1192.494,N/A,3.26,101.72,Pass
PLT-017,BATCH-04,2026-02-22,Analyst_B,ELISA_Reader_01,41,D5,D,5,SMP-0589,Unknown,1,10,,966.2787,0.54031,99.6904,996.9039,Quantifiable,3.36,,Pass
PLT-017,BATCH-04,2026-02-22,Analyst_B,ELISA_Reader_01,42,D6,D,6,SMP-0589,Unknown,2,10,,966.2787,0.5181,95.0627,950.627,Quantifiable,3.36,,Pass
PLT-017,BATCH-04,2026-02-22,Analyst_B,ELISA_Reader_01,43,D7,D,7,SMP-0590,Unknown,1,10,,318.3079,0.18986,31.2262,312.2617,Quantifiable,1.7,,Pass
PLT-017,BATCH-04,2026-02-22,Analyst_B,ELISA_Reader_01,44,D8,D,8,SMP-0590,Unknown,2,10,,318.3079,0.19381,31.9838,319.8378,Quantifiable,1.7,,Pass
PLT-017,BATCH-04,2026-02-22,Analyst_B,ELISA_Reader_01,45,D9,D,9,SMP-0591,Unknown,1,10,,257.4833,0.15292,24.0699,240.6994,Quantifiable,1.08,,Pass
PLT-017,BATCH-04,2026-02-22,Analyst_B,ELISA_Reader_01,46,D10,D,10,SMP-0591,Unknown,2,10,,257.4833,0.15481,24.4389,244.3893,Quantifiable,1.08,,Pass
PLT-017,BATCH-04,2026-02-22,Analyst_B,ELISA_Reader_01,47,D11,D,11,SMP-0592,Unknown,1,5,,18.1494,0.0582,3.5717,17.8587,<LLOQ,2.09,,Pass
PLT-017,BATCH-04,2026-02-22,Analyst_B,ELISA_Reader_01,48,D12,D,12,SMP-0592,Unknown,2,5,,18.1494,0.05859,3.6788,18.3938,<LLOQ,2.09,,Pass
PLT-017,BATCH-04,2026-02-22,Analyst_B,ELISA_Reader_01,49,E1,E,1,STD_125,Standard,1,1,125.0,125.0,0.65144,123.8549,123.8549,N/A,0.19,99.22,Pass
PLT-017,BATCH-04,2026-02-22,Analyst_B,ELISA_Reader_01,50,E2,E,2,STD_125,Standard,2,1,125.0,125.0,0.65295,124.1963,124.1963,N/A,0.19,99.22,Pass
PLT-017,BATCH-04,2026-02-22,Analyst_B,ELISA_Reader_01,51,E3,E,3,SMP-0593,Unknown,1,2,,36.9007,0.12895,19.3063,38.6127,<LLOQ,3.63,,Pass
PLT-017,BATCH-04,2026-02-22,Analyst_B,ELISA_Reader_01,52,E4,E,4,SMP-0593,Unknown,2,2,,36.9007,0.12418,18.3406,36.6813,<LLOQ,3.63,,Pass
PLT-017,BATCH-04,2026-02-22,Analyst_B,ELISA_Reader_01,53,E5,E,5,SMP-0594,Unknown,1,2,,128.0843,0.35991,63.5802,127.1604,Quantifiable,0.46,,Pass
PLT-017,BATCH-04,2026-02-22,Analyst_B,ELISA_Reader_01,54,E6,E,6,SMP-0594,Unknown,2,2,,128.0843,0.36207,63.9951,127.9902,Quantifiable,0.46,,Pass
PLT-017,BATCH-04,2026-02-22,Analyst_B,ELISA_Reader_01,55,E7,E,7,SMP-0595,Unknown,1,5,,14.9125,0.05046,1.2652,6.3259,<LLOQ,68.82,,Review
PLT-017,BATCH-04,2026-02-22,Analyst_B,ELISA_Reader_01,56,E8,E,8,SMP-0595,Unknown,2,5,,14.9125,0.05854,3.664,18.32,<LLOQ,68.82,,Review
PLT-017,BATCH-04,2026-02-22,Analyst_B,ELISA_Reader_01,57,E9,E,9,SMP-0596,Unknown,1,5,,652.6174,0.68783,132.1874,660.9369,Quantifiable,0.58,,Pass
PLT-017,BATCH-04,2026-02-22,Analyst_B,ELISA_Reader_01,58,E10,E,10,SMP-0596,Unknown,2,5,,652.6174,0.6832,131.1159,655.5795,Quantifiable,0.58,,Pass
PLT-017,BATCH-04,2026-02-22,Analyst_B,ELISA_Reader_01,59,E11,E,11,SMP-0597,Unknown,1,1,,402.9534,1.44751,402.7614,402.7614,Quantifiable,2.43,,Pass
PLT-017,BATCH-04,2026-02-22,Analyst_B,ELISA_Reader_01,60,E12,E,12,SMP-0597,Unknown,2,1,,402.9534,1.47156,416.8462,416.8462,Quantifiable,2.43,,Pass
PLT-017,BATCH-04,2026-02-22,Analyst_B,ELISA_Reader_01,61,F1,F,1,STD_62.5,Standard,1,1,62.5,62.5,0.35487,62.6089,62.6089,N/A,1.87,98.87,Pass
PLT-017,BATCH-04,2026-02-22,Analyst_B,ELISA_Reader_01,62,F2,F,2,STD_62.5,Standard,2,1,62.5,62.5,0.34637,60.9765,60.9765,N/A,1.87,98.87,Pass
PLT-017,BATCH-04,2026-02-22,Analyst_B,ELISA_Reader_01,63,F3,F,3,SMP-0598,Unknown,1,1,,17.6701,0.10349,14.0638,14.0638,<LLOQ,15.37,,Pass
PLT-017,BATCH-04,2026-02-22,Analyst_B,ELISA_Reader_01,64,F4,F,4,SMP-0598,Unknown,2,1,,17.6701,0.12002,17.4943,17.4943,<LLOQ,15.37,,Pass
PLT-017,BATCH-04,2026-02-22,Analyst_B,ELISA_Reader_01,65,F5,F,5,SMP-0599,Unknown,1,2,,9.0236,0.05623,3.0261,6.0522,<LLOQ,31.13,,Review
PLT-017,BATCH-04,2026-02-22,Analyst_B,ELISA_Reader_01,66,F6,F,6,SMP-0599,Unknown,2,2,,9.0236,0.06258,4.734,9.468,<LLOQ,31.13,,Review
PLT-017,BATCH-04,2026-02-22,Analyst_B,ELISA_Reader_01,67,F7,F,7,SMP-0600,Unknown,1,1,,9.3687,0.08224,9.4356,9.4356,<LLOQ,2.6,,Pass
PLT-017,BATCH-04,2026-02-22,Analyst_B,ELISA_Reader_01,68,F8,F,8,SMP-0600,Unknown,2,1,,9.3687,0.08074,9.0945,9.0945,<LLOQ,2.6,,Pass
PLT-017,BATCH-04,2026-02-22,Analyst_B,ELISA_Reader_01,69,F9,F,9,SMP-0601,Unknown,1,5,,1110.594,1.02068,222.0198,1110.0992,Quantifiable,1.23,,Pass
PLT-017,BATCH-04,2026-02-22,Analyst_B,ELISA_Reader_01,70,F10,F,10,SMP-0601,Unknown,2,5,,1110.594,1.0085,218.1837,1090.9184,Quantifiable,1.23,,Pass
PLT-017,BATCH-04,2026-02-22,Analyst_B,ELISA_Reader_01,71,F11,F,11,SMP-0602,Unknown,1,10,,14.6292,0.05544,2.7997,27.997,<LLOQ,121.88,,Review
PLT-017,BATCH-04,2026-02-22,Analyst_B,ELISA_Reader_01,72,F12,F,12,SMP-0602,Unknown,2,10,,14.6292,0.04773,0.2078,2.0776,<LLOQ,121.88,,Review
PLT-017,BATCH-04,2026-02-22,Analyst_B,ELISA_Reader_01,73,G1,G,1,STD_31.25,Standard,1,1,31.25,31.25,0.18572,30.4312,30.4312,N/A,1.48,98.41,Pass
PLT-017,BATCH-04,2026-02-22,Analyst_B,ELISA_Reader_01,74,G2,G,2,STD_31.25,Standard,2,1,31.25,31.25,0.18907,31.0746,31.0746,N/A,1.48,98.41,Pass
PLT-017,BATCH-04,2026-02-22,Analyst_B,ELISA_Reader_01,75,G3,G,3,SMP-0603,Unknown,1,10,,18.9972,0.0454,0.0017,0.0171,<LLOQ,140.93,,Review
PLT-017,BATCH-04,2026-02-22,Analyst_B,ELISA_Reader_01,76,G4,G,4,SMP-0603,Unknown,2,10,,18.9972,0.04963,0.9757,9.7566,<LLOQ,140.93,,Review
PLT-017,BATCH-04,2026-02-22,Analyst_B,ELISA_Reader_01,77,G5,G,5,SMP-0604,Unknown,1,5,,86.3363,0.11987,17.4623,87.3113,<LLOQ,3.04,,Pass
PLT-017,BATCH-04,2026-02-22,Analyst_B,ELISA_Reader_01,78,G6,G,6,SMP-0604,Unknown,2,5,,86.3363,0.12364,18.2302,91.1511,<LLOQ,3.04,,Pass
PLT-017,BATCH-04,2026-02-22,Analyst_B,ELISA_Reader_01,79,G7,G,7,SMP-0605,Unknown,1,2,,1671.207,1.87728,805.1321,1610.2642,Quantifiable,1.04,,Pass
PLT-017,BATCH-04,2026-02-22,Analyst_B,ELISA_Reader_01,80,G8,G,8,SMP-0605,Unknown,2,2,,1671.207,1.86965,793.3898,1586.7796,Quantifiable,1.04,,Pass
PLT-017,BATCH-04,2026-02-22,Analyst_B,ELISA_Reader_01,81,G9,G,9,SMP-0606,Unknown,1,2,,303.9781,0.77959,154.2906,308.5812,Quantifiable,1.21,,Pass
PLT-017,BATCH-04,2026-02-22,Analyst_B,ELISA_Reader_01,82,G10,G,10,SMP-0606,Unknown,2,2,,303.9781,0.76911,151.6813,303.3626,Quantifiable,1.21,,Pass
PLT-017,BATCH-04,2026-02-22,Analyst_B,ELISA_Reader_01,83,G11,G,11,SMP-0607,Unknown,1,10,,20.5639,0.05534,2.772,27.7202,<LLOQ,22.02,,Review
PLT-017,BATCH-04,2026-02-22,Analyst_B,ELISA_Reader_01,84,G12,G,12,SMP-0607,Unknown,2,10,,20.5639,0.05282,2.0251,20.2509,<LLOQ,22.02,,Review
PLT-017,BATCH-04,2026-02-22,Analyst_B,ELISA_Reader_01,85,H1,H,1,STD_15.625,Standard,1,1,15.625,15.625,0.1133,16.1123,16.1123,N/A,5.94,98.96,Pass
PLT-017,BATCH-04,2026-02-22,Analyst_B,ELISA_Reader_01,86,H2,H,2,STD_15.625,Standard,2,1,15.625,15.625,0.10706,14.8133,14.8133,N/A,5.94,98.96,Pass
PLT-017,BATCH-04,2026-02-22,Analyst_B,ELISA_Reader_01,87,H3,H,3,SMP-0608,Unknown,1,2,,8.9299,0.0547,2.5849,5.1698,<LLOQ,57.63,,Review
PLT-017,BATCH-04,2026-02-22,Analyst_B,ELISA_Reader_01,88,H4,H,4,SMP-0608,Unknown,2,2,,8.9299,0.06819,6.1408,12.2817,<LLOQ,57.63,,Review
PLT-017,BATCH-04,2026-02-22,Analyst_B,ELISA_Reader_01,89,H5,H,5,SMP-0609,Unknown,1,2,,122.3384,0.35385,62.4137,124.8273,Quantifiable,0.25,,Pass
PLT-017,BATCH-04,2026-02-22,Analyst_B,ELISA_Reader_01,90,H6,H,6,SMP-0609,Unknown,2,2,,122.3384,0.35269,62.1903,124.3807,Quantifiable,0.25,,Pass
PLT-017,BATCH-04,2026-02-22,Analyst_B,ELISA_Reader_01,91,H7,H,7,SMP-0610,Unknown,1,1,,72.1928,0.40374,72.0846,72.0846,Quantifiable,0.87,,Pass
PLT-017,BATCH-04,2026-02-22,Analyst_B,ELISA_Reader_01,92,H8,H,8,SMP-0610,Unknown,2,1,,72.1928,0.40832,72.9812,72.9812,Quantifiable,0.87,,Pass
PLT-017,BATCH-04,2026-02-22,Analyst_B,ELISA_Reader_01,93,H9,H,9,SMP-0611,Unknown,1,2,,288.9579,0.74358,145.4183,290.8366,Quantifiable,0.09,,Pass
PLT-017,BATCH-04,2026-02-22,Analyst_B,ELISA_Reader_01,94,H10,H,10,SMP-0611,Unknown,2,2,,288.9579,0.74435,145.6065,291.213,Quantifiable,0.09,,Pass
PLT-017,BATCH-04,2026-02-22,Analyst_B,ELISA_Reader_01,95,H11,H,11,SMP-0612,Unknown,1,1,,87.7807,0.46799,84.833,84.833,Quantifiable,3.14,,Pass
PLT-017,BATCH-04,2026-02-22,Analyst_B,ELISA_Reader_01,96,H12,H,12,SMP-0612,Unknown,2,1,,87.7807,0.487,88.6802,88.6802,Quantifiable,3.14,,Pass
PLT-018,BATCH-04,2026-02-25,Analyst_C,ELISA_Reader_02,1,A1,A,1,STD_2000,Standard,1,1,2000.0,2000.0,2.26175,1967.0554,1967.0554,N/A,3.69,95.85,Pass
PLT-018,BATCH-04,2026-02-25,Analyst_C,ELISA_Reader_02,2,A2,A,2,STD_2000,Standard,2,1,2000.0,2000.0,2.24866,1867.0925,1867.0925,N/A,3.69,95.85,Pass
PLT-018,BATCH-04,2026-02-25,Analyst_C,ELISA_Reader_02,3,A3,A,3,BLANK,Blank,1,1,0.0,0.0,0.04168,0.2531,0.2531,N/A,139.64,,Pass
PLT-018,BATCH-04,2026-02-25,Analyst_C,ELISA_Reader_02,4,A4,A,4,BLANK,Blank,2,1,0.0,0.0,0.03495,0.0016,0.0016,N/A,139.64,,Pass
PLT-018,BATCH-04,2026-02-25,Analyst_C,ELISA_Reader_02,5,A5,A,5,SMP-0613,Unknown,1,1,,2135.0148,2.26848,2022.7521,2022.7521,>ULOQ,7.62,,Pass
PLT-018,BATCH-04,2026-02-25,Analyst_C,ELISA_Reader_02,6,A6,A,6,SMP-0613,Unknown,2,1,,2135.0148,2.2928,2253.0678,2253.0678,>ULOQ,7.62,,Pass
PLT-018,BATCH-04,2026-02-25,Analyst_C,ELISA_Reader_02,7,A7,A,7,SMP-0614,Unknown,1,5,,24.6732,0.06363,6.15,30.75,<LLOQ,29.0,,Review
PLT-018,BATCH-04,2026-02-25,Analyst_C,ELISA_Reader_02,8,A8,A,8,SMP-0614,Unknown,2,5,,24.6732,0.0548,4.057,20.2851,<LLOQ,29.0,,Review
PLT-018,BATCH-04,2026-02-25,Analyst_C,ELISA_Reader_02,9,A9,A,9,SMP-0615,Unknown,1,1,,1337.4681,2.13366,1286.0923,1286.0923,Quantifiable,3.16,,Pass
PLT-018,BATCH-04,2026-02-25,Analyst_C,ELISA_Reader_02,10,A10,A,10,SMP-0615,Unknown,2,1,,1337.4681,2.14958,1344.8543,1344.8543,Quantifiable,3.16,,Pass
PLT-018,BATCH-04,2026-02-25,Analyst_C,ELISA_Reader_02,11,A11,A,11,SMP-0616,Unknown,1,2,,1447.298,1.89857,762.6996,1525.3993,Quantifiable,6.66,,Pass
PLT-018,BATCH-04,2026-02-25,Analyst_C,ELISA_Reader_02,12,A12,A,12,SMP-0616,Unknown,2,2,,1447.298,1.84627,694.0889,1388.1779,Quantifiable,6.66,,Pass
PLT-018,BATCH-04,2026-02-25,Analyst_C,ELISA_Reader_02,13,B1,B,1,STD_1000,Standard,1,1,1000.0,1000.0,2.03261,1001.4307,1001.4307,N/A,2.65,102.06,Pass
PLT-018,BATCH-04,2026-02-25,Analyst_C,ELISA_Reader_02,14,B2,B,2,STD_1000,Standard,2,1,1000.0,1000.0,2.04909,1039.7013,1039.7013,N/A,2.65,102.06,Pass
PLT-018,BATCH-04,2026-02-25,Analyst_C,ELISA_Reader_02,15,B3,B,3,QC_Low,QC,1,1,50.0,50.0,0.30116,50.6842,50.6842,N/A,1.56,100.27,Pass
PLT-018,BATCH-04,2026-02-25,Analyst_C,ELISA_Reader_02,16,B4,B,4,QC_Low,QC,2,1,50.0,50.0,0.29503,49.5815,49.5815,N/A,1.56,100.27,Pass
PLT-018,BATCH-04,2026-02-25,Analyst_C,ELISA_Reader_02,17,B5,B,5,SMP-0617,Unknown,1,2,,16.8284,0.0697,7.5121,15.0243,<LLOQ,17.08,,Pass
PLT-018,BATCH-04,2026-02-25,Analyst_C,ELISA_Reader_02,18,B6,B,6,SMP-0617,Unknown,2,2,,16.8284,0.07929,9.5763,19.1525,<LLOQ,17.08,,Pass
PLT-018,BATCH-04,2026-02-25,Analyst_C,ELISA_Reader_02,19,B7,B,7,SMP-0618,Unknown,1,1,,11.439,0.10015,13.8357,13.8357,<LLOQ,1.39,,Pass
PLT-018,BATCH-04,2026-02-25,Analyst_C,ELISA_Reader_02,20,B8,B,8,SMP-0618,Unknown,2,1,,11.439,0.0988,13.5661,13.5661,<LLOQ,1.39,,Pass
PLT-018,BATCH-04,2026-02-25,Analyst_C,ELISA_Reader_02,21,B9,B,9,SMP-0619,Unknown,1,2,,149.6943,0.43233,74.7583,149.5166,Quantifiable,2.31,,Pass
PLT-018,BATCH-04,2026-02-25,Analyst_C,ELISA_Reader_02,22,B10,B,10,SMP-0619,Unknown,2,2,,149.6943,0.41954,72.3599,144.7198,Quantifiable,2.31,,Pass
PLT-018,BATCH-04,2026-02-25,Analyst_C,ELISA_Reader_02,23,B11,B,11,SMP-0620,Unknown,1,1,,164.4508,0.84246,162.5238,162.5238,Quantifiable,3.0,,Pass
PLT-018,BATCH-04,2026-02-25,Analyst_C,ELISA_Reader_02,24,B12,B,12,SMP-0620,Unknown,2,1,,164.4508,0.87041,169.58,169.58,Quantifiable,3.0,,Pass
PLT-018,BATCH-04,2026-02-25,Analyst_C,ELISA_Reader_02,25,C1,C,1,STD_500,Standard,1,1,500.0,500.0,1.61978,483.3933,483.3933,N/A,1.63,97.81,Pass
PLT-018,BATCH-04,2026-02-25,Analyst_C,ELISA_Reader_02,26,C2,C,2,STD_500,Standard,2,1,500.0,500.0,1.63534,494.6959,494.6959,N/A,1.63,97.81,Pass
PLT-018,BATCH-04,2026-02-25,Analyst_C,ELISA_Reader_02,27,C3,C,3,QC_Mid,QC,1,1,300.0,300.0,1.26377,294.359,294.359,N/A,2.33,99.76,Pass
PLT-018,BATCH-04,2026-02-25,Analyst_C,ELISA_Reader_02,28,C4,C,4,QC_Mid,QC,2,1,300.0,300.0,1.28812,304.2195,304.2195,N/A,2.33,99.76,Pass
PLT-018,BATCH-04,2026-02-25,Analyst_C,ELISA_Reader_02,29,C5,C,5,SMP-0621,Unknown,1,2,,9.954,0.05963,5.2213,10.4426,<LLOQ,15.11,,Pass
PLT-018,BATCH-04,2026-02-25,Analyst_C,ELISA_Reader_02,30,C6,C,6,SMP-0621,Unknown,2,2,,9.954,0.06504,6.4709,12.9418,<LLOQ,15.11,,Pass
PLT-018,BATCH-04,2026-02-25,Analyst_C,ELISA_Reader_02,31,C7,C,7,SMP-0622,Unknown,1,1,,1502.0857,2.19223,1530.3614,1530.3614,Quantifiable,2.75,,Pass
PLT-018,BATCH-04,2026-02-25,Analyst_C,ELISA_Reader_02,32,C8,C,8,SMP-0622,Unknown,2,1,,1502.0857,2.17991,1471.9746,1471.9746,Quantifiable,2.75,,Pass
PLT-018,BATCH-04,2026-02-25,Analyst_C,ELISA_Reader_02,33,C9,C,9,SMP-0623,Unknown,1,1,,1201.9548,2.09851,1171.9207,1171.9207,Quantifiable,2.12,,Pass
PLT-018,BATCH-04,2026-02-25,Analyst_C,ELISA_Reader_02,34,C10,C,10,SMP-0623,Unknown,2,1,,1201.9548,2.11013,1207.5387,1207.5387,Quantifiable,2.12,,Pass
PLT-018,BATCH-04,2026-02-25,Analyst_C,ELISA_Reader_02,35,C11,C,11,SMP-0624,Unknown,1,2,,387.9178,0.95973,193.4209,386.8418,Quantifiable,0.75,,Pass
PLT-018,BATCH-04,2026-02-25,Analyst_C,ELISA_Reader_02,36,C12,C,12,SMP-0624,Unknown,2,2,,387.9178,0.96707,195.4748,390.9495,Quantifiable,0.75,,Pass
PLT-018,BATCH-04,2026-02-25,Analyst_C,ELISA_Reader_02,37,D1,D,1,STD_250,Standard,1,1,250.0,250.0,1.14903,251.9362,251.9362,N/A,2.13,102.32,Pass
PLT-018,BATCH-04,2026-02-25,Analyst_C,ELISA_Reader_02,38,D2,D,2,STD_250,Standard,2,1,250.0,250.0,1.17117,259.65,259.65,N/A,2.13,102.32,Pass
PLT-018,BATCH-04,2026-02-25,Analyst_C,ELISA_Reader_02,39,D3,D,3,QC_High,QC,1,1,1200.0,1200.0,2.09321,1156.328,1156.328,N/A,2.17,97.87,Pass
PLT-018,BATCH-04,2026-02-25,Analyst_C,ELISA_Reader_02,40,D4,D,4,QC_High,QC,2,1,1200.0,1200.0,2.10528,1192.4441,1192.4441,N/A,2.17,97.87,Pass
PLT-018,BATCH-04,2026-02-25,Analyst_C,ELISA_Reader_02,41,D5,D,5,SMP-0625,Unknown,1,5,,284.9869,0.32272,54.5791,272.8953,Quantifiable,4.82,,Pass
PLT-018,BATCH-04,2026-02-25,Analyst_C,ELISA_Reader_02,42,D6,D,6,SMP-0625,Unknown,2,5,,284.9869,0.34393,58.4283,292.1416,Quantifiable,4.82,,Pass
PLT-018,BATCH-04,2026-02-25,Analyst_C,ELISA_Reader_02,43,D7,D,7,SMP-0626,Unknown,1,10,,15.5833,0.04438,1.2178,12.1779,<LLOQ,72.2,,Review
PLT-018,BATCH-04,2026-02-25,Analyst_C,ELISA_Reader_02,44,D8,D,8,SMP-0626,Unknown,2,10,,15.5833,0.04201,0.3946,3.9461,<LLOQ,72.2,,Review
PLT-018,BATCH-04,2026-02-25,Analyst_C,ELISA_Reader_02,45,D9,D,9,SMP-0627,Unknown,1,10,,2431.0759,1.12895,245.1162,2451.1619,Quantifiable,1.25,,Pass
PLT-018,BATCH-04,2026-02-25,Analyst_C,ELISA_Reader_02,46,D10,D,10,SMP-0627,Unknown,2,10,,2431.0759,1.11606,240.8218,2408.2182,Quantifiable,1.25,,Pass
PLT-018,BATCH-04,2026-02-25,Analyst_C,ELISA_Reader_02,47,D11,D,11,SMP-0628,Unknown,1,2,,44.4359,0.14227,21.9166,43.8332,Quantifiable,4.89,,Pass
PLT-018,BATCH-04,2026-02-25,Analyst_C,ELISA_Reader_02,48,D12,D,12,SMP-0628,Unknown,2,2,,44.4359,0.1507,23.4871,46.9741,Quantifiable,4.89,,Pass
PLT-018,BATCH-04,2026-02-25,Analyst_C,ELISA_Reader_02,49,E1,E,1,STD_125,Standard,1,1,125.0,125.0,0.67712,124.0468,124.0468,N/A,1.35,100.2,Pass
PLT-018,BATCH-04,2026-02-25,Analyst_C,ELISA_Reader_02,50,E2,E,2,STD_125,Standard,2,1,125.0,125.0,0.68809,126.4455,126.4455,N/A,1.35,100.2,Pass
PLT-018,BATCH-04,2026-02-25,Analyst_C,ELISA_Reader_02,51,E3,E,3,SMP-0629,Unknown,1,1,,18.1905,0.13157,19.9067,19.9067,<LLOQ,6.57,,Pass
PLT-018,BATCH-04,2026-02-25,Analyst_C,ELISA_Reader_02,52,E4,E,4,SMP-0629,Unknown,2,1,,18.1905,0.12227,18.14,18.14,<LLOQ,6.57,,Pass
PLT-018,BATCH-04,2026-02-25,Analyst_C,ELISA_Reader_02,53,E5,E,5,SMP-0630,Unknown,1,2,,572.16,1.24042,285.208,570.416,Quantifiable,0.83,,Pass
PLT-018,BATCH-04,2026-02-25,Analyst_C,ELISA_Reader_02,54,E6,E,6,SMP-0630,Unknown,2,2,,572.16,1.2317,281.8639,563.7278,Quantifiable,0.83,,Pass
PLT-018,BATCH-04,2026-02-25,Analyst_C,ELISA_Reader_02,55,E7,E,7,SMP-0631,Unknown,1,2,,637.7006,1.32934,321.689,643.3779,Quantifiable,2.5,,Pass
PLT-018,BATCH-04,2026-02-25,Analyst_C,ELISA_Reader_02,56,E8,E,8,SMP-0631,Unknown,2,2,,637.7006,1.30326,310.514,621.028,Quantifiable,2.5,,Pass
PLT-018,BATCH-04,2026-02-25,Analyst_C,ELISA_Reader_02,57,E9,E,9,SMP-0632,Unknown,1,1,,29.9278,0.18889,30.4825,30.4825,Quantifiable,1.46,,Pass
PLT-018,BATCH-04,2026-02-25,Analyst_C,ELISA_Reader_02,58,E10,E,10,SMP-0632,Unknown,2,1,,29.9278,0.18546,29.8607,29.8607,Quantifiable,1.46,,Pass
PLT-018,BATCH-04,2026-02-25,Analyst_C,ELISA_Reader_02,59,E11,E,11,SMP-0633,Unknown,1,10,,37.4254,0.05798,4.8312,48.3119,<LLOQ,38.81,,Review
PLT-018,BATCH-04,2026-02-25,Analyst_C,ELISA_Reader_02,60,E12,E,12,SMP-0633,Unknown,2,10,,37.4254,0.04972,2.7504,27.5037,<LLOQ,38.81,,Review
PLT-018,BATCH-04,2026-02-25,Analyst_C,ELISA_Reader_02,61,F1,F,1,STD_62.5,Standard,1,1,62.5,62.5,0.37057,63.2937,63.2937,N/A,1.89,99.94,Pass
PLT-018,BATCH-04,2026-02-25,Analyst_C,ELISA_Reader_02,62,F2,F,2,STD_62.5,Standard,2,1,62.5,62.5,0.36146,61.6253,61.6253,N/A,1.89,99.94,Pass
PLT-018,BATCH-04,2026-02-25,Analyst_C,ELISA_Reader_02,63,F3,F,3,SMP-0634,Unknown,1,1,,72.5279,0.43533,75.3228,75.3228,Quantifiable,3.35,,Pass
PLT-018,BATCH-04,2026-02-25,Analyst_C,ELISA_Reader_02,64,F4,F,4,SMP-0634,Unknown,2,1,,72.5279,0.41674,71.8369,71.8369,Quantifiable,3.35,,Pass
PLT-018,BATCH-04,2026-02-25,Analyst_C,ELISA_Reader_02,65,F5,F,5,SMP-0635,Unknown,1,1,,31.2277,0.19698,31.9493,31.9493,Quantifiable,0.35,,Pass
PLT-018,BATCH-04,2026-02-25,Analyst_C,ELISA_Reader_02,66,F6,F,6,SMP-0635,Unknown,2,1,,31.2277,0.19786,32.1083,32.1083,Quantifiable,0.35,,Pass
PLT-018,BATCH-04,2026-02-25,Analyst_C,ELISA_Reader_02,67,F7,F,7,SMP-0636,Unknown,1,1,,2439.2053,2.28555,2179.0727,2179.0727,>ULOQ,7.33,,Pass
PLT-018,BATCH-04,2026-02-25,Analyst_C,ELISA_Reader_02,68,F8,F,8,SMP-0636,Unknown,2,1,,2439.2053,2.30728,2417.2654,2417.2654,>ULOQ,7.33,,Pass
PLT-018,BATCH-04,2026-02-25,Analyst_C,ELISA_Reader_02,69,F9,F,9,SMP-0637,Unknown,1,2,,43.7538,0.14108,21.694,43.388,Quantifiable,1.12,,Pass
PLT-018,BATCH-04,2026-02-25,Analyst_C,ELISA_Reader_02,70,F10,F,10,SMP-0637,Unknown,2,2,,43.7538,0.14292,22.0391,44.0782,Quantifiable,1.12,,Pass
PLT-018,BATCH-04,2026-02-25,Analyst_C,ELISA_Reader_02,71,F11,F,11,SMP-0638,Unknown,1,1,,160.3609,0.82917,159.2283,159.2283,Quantifiable,0.8,,Pass
PLT-018,BATCH-04,2026-02-25,Analyst_C,ELISA_Reader_02,72,F12,F,12,SMP-0638,Unknown,2,1,,160.3609,0.82184,157.4282,157.4282,Quantifiable,0.8,,Pass
PLT-018,BATCH-04,2026-02-25,Analyst_C,ELISA_Reader_02,73,G1,G,1,STD_31.25,Standard,1,1,31.25,31.25,0.18672,30.0899,30.0899,N/A,3.44,98.68,Pass
PLT-018,BATCH-04,2026-02-25,Analyst_C,ELISA_Reader_02,74,G2,G,2,STD_31.25,Standard,2,1,31.25,31.25,0.19499,31.5882,31.5882,N/A,3.44,98.68,Pass
PLT-018,BATCH-04,2026-02-25,Analyst_C,ELISA_Reader_02,75,G3,G,3,SMP-0639,Unknown,1,1,,23.1516,0.1514,23.6152,23.6152,Quantifiable,2.2,,Pass
PLT-018,BATCH-04,2026-02-25,Analyst_C,ELISA_Reader_02,76,G4,G,4,SMP-0639,Unknown,2,1,,23.1516,0.1475,22.8911,22.8911,Quantifiable,2.2,,Pass
PLT-018,BATCH-04,2026-02-25,Analyst_C,ELISA_Reader_02,77,G5,G,5,SMP-0640,Unknown,1,1,,34.4955,0.21443,35.0995,35.0995,Quantifiable,0.53,,Pass
PLT-018,BATCH-04,2026-02-25,Analyst_C,ELISA_Reader_02,78,G6,G,6,SMP-0640,Unknown,2,1,,34.4955,0.21298,34.8377,34.8377,Quantifiable,0.53,,Pass
PLT-018,BATCH-04,2026-02-25,Analyst_C,ELISA_Reader_02,79,G7,G,7,SMP-0641,Unknown,1,1,,9.395,0.07612,8.9023,8.9023,<LLOQ,2.0,,Pass
PLT-018,BATCH-04,2026-02-25,Analyst_C,ELISA_Reader_02,80,G8,G,8,SMP-0641,Unknown,2,1,,9.395,0.07731,9.1578,9.1578,<LLOQ,2.0,,Pass
PLT-018,BATCH-04,2026-02-25,Analyst_C,ELISA_Reader_02,81,G9,G,9,SMP-0642,Unknown,1,5,,85.0154,0.11332,16.418,82.0901,<LLOQ,6.9,,Pass
PLT-018,BATCH-04,2026-02-25,Analyst_C,ELISA_Reader_02,82,G10,G,10,SMP-0642,Unknown,2,5,,85.0154,0.12207,18.1021,90.5106,<LLOQ,6.9,,Pass
PLT-018,BATCH-04,2026-02-25,Analyst_C,ELISA_Reader_02,83,G11,G,11,SMP-0643,Unknown,1,1,,123.5287,0.66076,120.5048,120.5048,Quantifiable,2.36,,Pass
PLT-018,BATCH-04,2026-02-25,Analyst_C,ELISA_Reader_02,84,G12,G,12,SMP-0643,Unknown,2,1,,123.5287,0.67964,124.5958,124.5958,Quantifiable,2.36,,Pass
PLT-018,BATCH-04,2026-02-25,Analyst_C,ELISA_Reader_02,85,H1,H,1,STD_15.625,Standard,1,1,15.625,15.625,0.109,15.5781,15.5781,N/A,1.27,98.81,Pass
PLT-018,BATCH-04,2026-02-25,Analyst_C,ELISA_Reader_02,86,H2,H,2,STD_15.625,Standard,2,1,15.625,15.625,0.10758,15.3002,15.3002,N/A,1.27,98.81,Pass
PLT-018,BATCH-04,2026-02-25,Analyst_C,ELISA_Reader_02,87,H3,H,3,SMP-0644,Unknown,1,1,,13.5604,0.09338,12.4793,12.4793,<LLOQ,12.23,,Pass
PLT-018,BATCH-04,2026-02-25,Analyst_C,ELISA_Reader_02,88,H4,H,4,SMP-0644,Unknown,2,1,,13.5604,0.10525,14.8421,14.8421,<LLOQ,12.23,,Pass
PLT-018,BATCH-04,2026-02-25,Analyst_C,ELISA_Reader_02,89,H5,H,5,SMP-0645,Unknown,1,2,,77.3128,0.23667,39.0984,78.1968,Quantifiable,1.18,,Pass
PLT-018,BATCH-04,2026-02-25,Analyst_C,ELISA_Reader_02,90,H6,H,6,SMP-0645,Unknown,2,2,,77.3128,0.24032,39.754,79.508,Quantifiable,1.18,,Pass
PLT-018,BATCH-04,2026-02-25,Analyst_C,ELISA_Reader_02,91,H7,H,7,SMP-0646,Unknown,1,2,,15.4435,0.07562,8.7971,17.5943,<LLOQ,5.22,,Pass
PLT-018,BATCH-04,2026-02-25,Analyst_C,ELISA_Reader_02,92,H8,H,8,SMP-0646,Unknown,2,2,,15.4435,0.07272,8.1714,16.3427,<LLOQ,5.22,,Pass
PLT-018,BATCH-04,2026-02-25,Analyst_C,ELISA_Reader_02,93,H9,H,9,SMP-0647,Unknown,1,1,,1597.3391,2.20548,1598.3504,1598.3504,Quantifiable,4.18,,Pass
PLT-018,BATCH-04,2026-02-25,Analyst_C,ELISA_Reader_02,94,H10,H,10,SMP-0647,Unknown,2,1,,1597.3391,2.18734,1506.6427,1506.6427,Quantifiable,4.18,,Pass
PLT-018,BATCH-04,2026-02-25,Analyst_C,ELISA_Reader_02,95,H11,H,11,SMP-0648,Unknown,1,5,,1067.1201,1.05042,219.9292,1099.6462,Quantifiable,3.52,,Pass
PLT-018,BATCH-04,2026-02-25,Analyst_C,ELISA_Reader_02,96,H12,H,12,SMP-0648,Unknown,2,5,,1067.1201,1.01492,209.2486,1046.243,Quantifiable,3.52,,Pass
PLT-019,BATCH-04,2026-02-28,Analyst_A,ELISA_Reader_02,1,A1,A,1,STD_2000,Standard,1,1,2000.0,2000.0,2.27196,1895.962,1895.962,N/A,2.53,96.52,Pass
PLT-019,BATCH-04,2026-02-28,Analyst_A,ELISA_Reader_02,2,A2,A,2,STD_2000,Standard,2,1,2000.0,2000.0,2.28101,1965.0215,1965.0215,N/A,2.53,96.52,Pass
PLT-019,BATCH-04,2026-02-28,Analyst_A,ELISA_Reader_02,3,A3,A,3,BLANK,Blank,1,1,0.0,0.0,0.05227,1.4946,1.4946,N/A,5.57,,Pass
PLT-019,BATCH-04,2026-02-28,Analyst_A,ELISA_Reader_02,4,A4,A,4,BLANK,Blank,2,1,0.0,0.0,0.05266,1.6172,1.6172,N/A,5.57,,Pass
PLT-019,BATCH-04,2026-02-28,Analyst_A,ELISA_Reader_02,5,A5,A,5,SMP-0649,Unknown,1,1,,17.8825,0.1226,17.3354,17.3354,<LLOQ,1.38,,Pass
PLT-019,BATCH-04,2026-02-28,Analyst_A,ELISA_Reader_02,6,A6,A,6,SMP-0649,Unknown,2,1,,17.8825,0.12432,17.6762,17.6762,<LLOQ,1.38,,Pass
PLT-019,BATCH-04,2026-02-28,Analyst_A,ELISA_Reader_02,7,A7,A,7,SMP-0650,Unknown,1,1,,359.389,1.39932,351.5903,351.5903,Quantifiable,2.21,,Pass
PLT-019,BATCH-04,2026-02-28,Analyst_A,ELISA_Reader_02,8,A8,A,8,SMP-0650,Unknown,2,1,,359.389,1.42245,362.7537,362.7537,Quantifiable,2.21,,Pass
PLT-019,BATCH-04,2026-02-28,Analyst_A,ELISA_Reader_02,9,A9,A,9,SMP-0651,Unknown,1,2,,10.7041,0.06253,4.352,8.7039,<LLOQ,13.72,,Pass
PLT-019,BATCH-04,2026-02-28,Analyst_A,ELISA_Reader_02,10,A10,A,10,SMP-0651,Unknown,2,2,,10.7041,0.05956,3.5821,7.1643,<LLOQ,13.72,,Pass
PLT-019,BATCH-04,2026-02-28,Analyst_A,ELISA_Reader_02,11,A11,A,11,SMP-0652,Unknown,1,2,,52.7271,0.15971,24.4923,48.9846,Quantifiable,7.77,,Pass
PLT-019,BATCH-04,2026-02-28,Analyst_A,ELISA_Reader_02,12,A12,A,12,SMP-0652,Unknown,2,2,,52.7271,0.17487,27.3416,54.6831,Quantifiable,7.77,,Pass
PLT-019,BATCH-04,2026-02-28,Analyst_A,ELISA_Reader_02,13,B1,B,1,STD_1000,Standard,1,1,1000.0,1000.0,2.05431,1014.8208,1014.8208,N/A,7.49,96.38,Pass
PLT-019,BATCH-04,2026-02-28,Analyst_A,ELISA_Reader_02,14,B2,B,2,STD_1000,Standard,2,1,1000.0,1000.0,2.00479,912.7943,912.7943,N/A,7.49,96.38,Pass
PLT-019,BATCH-04,2026-02-28,Analyst_A,ELISA_Reader_02,15,B3,B,3,QC_Low,QC,1,1,50.0,50.0,0.30478,51.1686,51.1686,N/A,0.15,102.44,Pass
PLT-019,BATCH-04,2026-02-28,Analyst_A,ELISA_Reader_02,16,B4,B,4,QC_Low,QC,2,1,50.0,50.0,0.30536,51.2761,51.2761,N/A,0.15,102.44,Pass
PLT-019,BATCH-04,2026-02-28,Analyst_A,ELISA_Reader_02,17,B5,B,5,SMP-0653,Unknown,1,1,,1184.2906,2.10315,1137.0812,1137.0812,Quantifiable,4.95,,Pass
PLT-019,BATCH-04,2026-02-28,Analyst_A,ELISA_Reader_02,18,B6,B,6,SMP-0653,Unknown,2,1,,1184.2906,2.13107,1219.629,1219.629,Quantifiable,4.95,,Pass
PLT-019,BATCH-04,2026-02-28,Analyst_A,ELISA_Reader_02,19,B7,B,7,SMP-0654,Unknown,1,5,,112.0744,0.14291,21.2907,106.4537,Quantifiable,4.01,,Pass
PLT-019,BATCH-04,2026-02-28,Analyst_A,ELISA_Reader_02,20,B8,B,8,SMP-0654,Unknown,2,5,,112.0744,0.1494,22.5347,112.6733,Quantifiable,4.01,,Pass
PLT-019,BATCH-04,2026-02-28,Analyst_A,ELISA_Reader_02,21,B9,B,9,SMP-0655,Unknown,1,10,,226.3419,0.14234,21.182,211.82,Quantifiable,3.72,,Pass
PLT-019,BATCH-04,2026-02-28,Analyst_A,ELISA_Reader_02,22,B10,B,10,SMP-0655,Unknown,2,10,,226.3419,0.14832,22.3273,223.2727,Quantifiable,3.72,,Pass
PLT-019,BATCH-04,2026-02-28,Analyst_A,ELISA_Reader_02,23,B11,B,11,SMP-0656,Unknown,1,1,,267.3384,1.20531,271.1724,271.1724,Quantifiable,0.02,,Pass
PLT-019,BATCH-04,2026-02-28,Analyst_A,ELISA_Reader_02,24,B12,B,12,SMP-0656,Unknown,2,1,,267.3384,1.20508,271.0868,271.0868,Quantifiable,0.02,,Pass
PLT-019,BATCH-04,2026-02-28,Analyst_A,ELISA_Reader_02,25,C1,C,1,STD_500,Standard,1,1,500.0,500.0,1.66003,506.5858,506.5858,N/A,0.91,100.67,Pass
PLT-019,BATCH-04,2026-02-28,Analyst_A,ELISA_Reader_02,26,C2,C,2,STD_500,Standard,2,1,500.0,500.0,1.6513,500.0976,500.0976,N/A,0.91,100.67,Pass
PLT-019,BATCH-04,2026-02-28,Analyst_A,ELISA_Reader_02,27,C3,C,3,QC_Mid,QC,1,1,300.0,300.0,1.26204,292.543,292.543,N/A,3.53,100.01,Pass
PLT-019,BATCH-04,2026-02-28,Analyst_A,ELISA_Reader_02,28,C4,C,4,QC_Mid,QC,2,1,300.0,300.0,1.29939,307.5051,307.5051,N/A,3.53,100.01,Pass
PLT-019,BATCH-04,2026-02-28,Analyst_A,ELISA_Reader_02,29,C5,C,5,SMP-0657,Unknown,1,2,,66.1107,0.20657,33.2199,66.4398,Quantifiable,4.33,,Pass
PLT-019,BATCH-04,2026-02-28,Analyst_A,ELISA_Reader_02,30,C6,C,6,SMP-0657,Unknown,2,2,,66.1107,0.19587,31.2459,62.4918,Quantifiable,4.33,,Pass
PLT-019,BATCH-04,2026-02-28,Analyst_A,ELISA_Reader_02,31,C7,C,7,SMP-0658,Unknown,1,1,,81.316,0.45486,79.1277,79.1277,Quantifiable,1.49,,Pass
PLT-019,BATCH-04,2026-02-28,Analyst_A,ELISA_Reader_02,32,C8,C,8,SMP-0658,Unknown,2,1,,81.316,0.46366,80.8132,80.8132,Quantifiable,1.49,,Pass
PLT-019,BATCH-04,2026-02-28,Analyst_A,ELISA_Reader_02,33,C9,C,9,SMP-0659,Unknown,1,1,,92.2926,0.53269,94.301,94.301,Quantifiable,2.22,,Pass
PLT-019,BATCH-04,2026-02-28,Analyst_A,ELISA_Reader_02,34,C10,C,10,SMP-0659,Unknown,2,1,,92.2926,0.518,91.3902,91.3902,Quantifiable,2.22,,Pass
PLT-019,BATCH-04,2026-02-28,Analyst_A,ELISA_Reader_02,35,C11,C,11,SMP-0660,Unknown,1,5,,73.5873,0.12091,17.0019,85.0097,<LLOQ,12.72,,Pass
PLT-019,BATCH-04,2026-02-28,Analyst_A,ELISA_Reader_02,36,C12,C,12,SMP-0660,Unknown,2,5,,73.5873,0.10695,14.1965,70.9825,<LLOQ,12.72,,Pass
PLT-019,BATCH-04,2026-02-28,Analyst_A,ELISA_Reader_02,37,D1,D,1,STD_250,Standard,1,1,250.0,250.0,1.13904,248.0402,248.0402,N/A,1.27,100.11,Pass
PLT-019,BATCH-04,2026-02-28,Analyst_A,ELISA_Reader_02,38,D2,D,2,STD_250,Standard,2,1,250.0,250.0,1.15234,252.5341,252.5341,N/A,1.27,100.11,Pass
PLT-019,BATCH-04,2026-02-28,Analyst_A,ELISA_Reader_02,39,D3,D,3,QC_High,QC,1,1,1200.0,1200.0,2.17014,1355.6015,1355.6015,N/A,8.04,106.89,Pass
PLT-019,BATCH-04,2026-02-28,Analyst_A,ELISA_Reader_02,40,D4,D,4,QC_High,QC,2,1,1200.0,1200.0,2.1279,1209.7113,1209.7113,N/A,8.04,106.89,Pass
PLT-019,BATCH-04,2026-02-28,Analyst_A,ELISA_Reader_02,41,D5,D,5,SMP-0661,Unknown,1,1,,1049.5444,2.05933,1026.2847,1026.2847,Quantifiable,6.65,,Pass
PLT-019,BATCH-04,2026-02-28,Analyst_A,ELISA_Reader_02,42,D6,D,6,SMP-0661,Unknown,2,1,,1049.5444,2.09969,1127.5638,1127.5638,Quantifiable,6.65,,Pass
PLT-019,BATCH-04,2026-02-28,Analyst_A,ELISA_Reader_02,43,D7,D,7,SMP-0662,Unknown,1,1,,589.9364,1.77536,604.6792,604.6792,Quantifiable,1.4,,Pass
PLT-019,BATCH-04,2026-02-28,Analyst_A,ELISA_Reader_02,44,D8,D,8,SMP-0662,Unknown,2,1,,589.9364,1.76292,592.8263,592.8263,Quantifiable,1.4,,Pass
PLT-019,BATCH-04,2026-02-28,Analyst_A,ELISA_Reader_02,45,D9,D,9,SMP-0663,Unknown,1,5,,367.9655,0.42444,73.3454,366.7269,Quantifiable,1.42,,Pass
PLT-019,BATCH-04,2026-02-28,Analyst_A,ELISA_Reader_02,46,D10,D,10,SMP-0663,Unknown,2,5,,367.9655,0.43231,74.833,374.1649,Quantifiable,1.42,,Pass
PLT-019,BATCH-04,2026-02-28,Analyst_A,ELISA_Reader_02,47,D11,D,11,SMP-0664,Unknown,1,1,,43.9462,0.26043,43.0763,43.0763,Quantifiable,0.31,,Pass
PLT-019,BATCH-04,2026-02-28,Analyst_A,ELISA_Reader_02,48,D12,D,12,SMP-0664,Unknown,2,1,,43.9462,0.26146,43.2641,43.2641,Quantifiable,0.31,,Pass
PLT-019,BATCH-04,2026-02-28,Analyst_A,ELISA_Reader_02,49,E1,E,1,STD_125,Standard,1,1,125.0,125.0,0.68927,126.988,126.988,N/A,0.32,101.36,Pass
PLT-019,BATCH-04,2026-02-28,Analyst_A,ELISA_Reader_02,50,E2,E,2,STD_125,Standard,2,1,125.0,125.0,0.68663,126.4099,126.4099,N/A,0.32,101.36,Pass
PLT-019,BATCH-04,2026-02-28,Analyst_A,ELISA_Reader_02,51,E3,E,3,SMP-0665,Unknown,1,1,,14.3577,0.10849,14.51,14.51,<LLOQ,8.33,,Pass
PLT-019,BATCH-04,2026-02-28,Analyst_A,ELISA_Reader_02,52,E4,E,4,SMP-0665,Unknown,2,1,,14.3577,0.11752,16.3273,16.3273,<LLOQ,8.33,,Pass
PLT-019,BATCH-04,2026-02-28,Analyst_A,ELISA_Reader_02,53,E5,E,5,SMP-0666,Unknown,1,1,,212.1488,1.01568,209.4002,209.4002,Quantifiable,0.77,,Pass
PLT-019,BATCH-04,2026-02-28,Analyst_A,ELISA_Reader_02,54,E6,E,6,SMP-0666,Unknown,2,1,,212.1488,1.02349,211.6957,211.6957,Quantifiable,0.77,,Pass
PLT-019,BATCH-04,2026-02-28,Analyst_A,ELISA_Reader_02,55,E7,E,7,SMP-0667,Unknown,1,10,,90.713,0.08512,9.6083,96.0827,<LLOQ,1.7,,Pass
PLT-019,BATCH-04,2026-02-28,Analyst_A,ELISA_Reader_02,56,E8,E,8,SMP-0667,Unknown,2,10,,90.713,0.08407,9.3799,93.7989,<LLOQ,1.7,,Pass
PLT-019,BATCH-04,2026-02-28,Analyst_A,ELISA_Reader_02,57,E9,E,9,SMP-0668,Unknown,1,1,,85.6166,0.48893,85.6977,85.6977,Quantifiable,2.17,,Pass
PLT-019,BATCH-04,2026-02-28,Analyst_A,ELISA_Reader_02,58,E10,E,10,SMP-0668,Unknown,2,1,,85.6166,0.47554,83.1029,83.1029,Quantifiable,2.17,,Pass
PLT-019,BATCH-04,2026-02-28,Analyst_A,ELISA_Reader_02,59,E11,E,11,SMP-0669,Unknown,1,10,,63.9984,0.06681,5.4166,54.1663,<LLOQ,6.46,,Pass
PLT-019,BATCH-04,2026-02-28,Analyst_A,ELISA_Reader_02,60,E12,E,12,SMP-0669,Unknown,2,10,,63.9984,0.06895,5.9348,59.3475,<LLOQ,6.46,,Pass
PLT-019,BATCH-04,2026-02-28,Analyst_A,ELISA_Reader_02,61,F1,F,1,STD_62.5,Standard,1,1,62.5,62.5,0.36713,62.6309,62.6309,N/A,1.71,101.43,Pass
PLT-019,BATCH-04,2026-02-28,Analyst_A,ELISA_Reader_02,62,F2,F,2,STD_62.5,Standard,2,1,62.5,62.5,0.37538,64.1609,64.1609,N/A,1.71,101.43,Pass
PLT-019,BATCH-04,2026-02-28,Analyst_A,ELISA_Reader_02,63,F3,F,3,SMP-0670,Unknown,1,1,,214.6686,1.05075,219.8604,219.8604,Quantifiable,2.55,,Pass
PLT-019,BATCH-04,2026-02-28,Analyst_A,ELISA_Reader_02,64,F4,F,4,SMP-0670,Unknown,2,1,,214.6686,1.02479,212.079,212.079,Quantifiable,2.55,,Pass
PLT-019,BATCH-04,2026-02-28,Analyst_A,ELISA_Reader_02,65,F5,F,5,SMP-0671,Unknown,1,5,,65.4894,0.09371,11.4523,57.2615,<LLOQ,6.85,,Pass
PLT-019,BATCH-04,2026-02-28,Analyst_A,ELISA_Reader_02,66,F6,F,6,SMP-0671,Unknown,2,5,,65.4894,0.09928,12.6181,63.0903,<LLOQ,6.85,,Pass
PLT-019,BATCH-04,2026-02-28,Analyst_A,ELISA_Reader_02,67,F7,F,7,SMP-0672,Unknown,1,10,,437.5752,0.26955,44.7394,447.3944,Quantifiable,0.77,,Pass
PLT-019,BATCH-04,2026-02-28,Analyst_A,ELISA_Reader_02,68,F8,F,8,SMP-0672,Unknown,2,10,,437.5752,0.26688,44.2529,442.5292,Quantifiable,0.77,,Pass
PLT-019,BATCH-04,2026-02-28,Analyst_A,ELISA_Reader_02,69,F9,F,9,SMP-0673,Unknown,1,1,,57.7282,0.33571,56.8354,56.8354,Quantifiable,0.24,,Pass
PLT-019,BATCH-04,2026-02-28,Analyst_A,ELISA_Reader_02,70,F10,F,10,SMP-0673,Unknown,2,1,,57.7282,0.33676,57.0287,57.0287,Quantifiable,0.24,,Pass
PLT-019,BATCH-04,2026-02-28,Analyst_A,ELISA_Reader_02,71,F11,F,11,SMP-0674,Unknown,1,1,,60.3834,0.35364,60.1373,60.1373,Quantifiable,1.57,,Pass
PLT-019,BATCH-04,2026-02-28,Analyst_A,ELISA_Reader_02,72,F12,F,12,SMP-0674,Unknown,2,1,,60.3834,0.36093,61.4841,61.4841,Quantifiable,1.57,,Pass
PLT-019,BATCH-04,2026-02-28,Analyst_A,ELISA_Reader_02,73,G1,G,1,STD_31.25,Standard,1,1,31.25,31.25,0.1982,31.6756,31.6756,N/A,0.6,101.79,Pass
PLT-019,BATCH-04,2026-02-28,Analyst_A,ELISA_Reader_02,74,G2,G,2,STD_31.25,Standard,2,1,31.25,31.25,0.19966,31.9451,31.9451,N/A,0.6,101.79,Pass
PLT-019,BATCH-04,2026-02-28,Analyst_A,ELISA_Reader_02,75,G3,G,3,SMP-0675,Unknown,1,2,,43.9514,0.14359,21.4215,42.8429,Quantifiable,2.64,,Pass
PLT-019,BATCH-04,2026-02-28,Analyst_A,ELISA_Reader_02,76,G4,G,4,SMP-0675,Unknown,2,2,,43.9514,0.13952,20.6378,41.2755,Quantifiable,2.64,,Pass
PLT-019,BATCH-04,2026-02-28,Analyst_A,ELISA_Reader_02,77,G5,G,5,SMP-0676,Unknown,1,1,,17.5841,0.12401,17.6135,17.6135,<LLOQ,1.53,,Pass
PLT-019,BATCH-04,2026-02-28,Analyst_A,ELISA_Reader_02,78,G6,G,6,SMP-0676,Unknown,2,1,,17.5841,0.12596,17.9986,17.9986,<LLOQ,1.53,,Pass
PLT-019,BATCH-04,2026-02-28,Analyst_A,ELISA_Reader_02,79,G7,G,7,SMP-0677,Unknown,1,1,,80.2947,0.45645,79.4307,79.4307,Quantifiable,0.69,,Pass
PLT-019,BATCH-04,2026-02-28,Analyst_A,ELISA_Reader_02,80,G8,G,8,SMP-0677,Unknown,2,1,,80.2947,0.45241,78.6579,78.6579,Quantifiable,0.69,,Pass
PLT-019,BATCH-04,2026-02-28,Analyst_A,ELISA_Reader_02,81,G9,G,9,SMP-0678,Unknown,1,1,,449.0472,1.55419,434.9433,434.9433,Quantifiable,0.83,,Pass
PLT-019,BATCH-04,2026-02-28,Analyst_A,ELISA_Reader_02,82,G10,G,10,SMP-0678,Unknown,2,1,,449.0472,1.5625,440.0668,440.0668,Quantifiable,0.83,,Pass
PLT-019,BATCH-04,2026-02-28,Analyst_A,ELISA_Reader_02,83,G11,G,11,SMP-0679,Unknown,1,1,,503.2461,1.64985,499.0356,499.0356,Quantifiable,2.04,,Pass
PLT-019,BATCH-04,2026-02-28,Analyst_A,ELISA_Reader_02,84,G12,G,12,SMP-0679,Unknown,2,1,,503.2461,1.66939,513.6696,513.6696,Quantifiable,2.04,,Pass
PLT-019,BATCH-04,2026-02-28,Analyst_A,ELISA_Reader_02,85,H1,H,1,STD_15.625,Standard,1,1,15.625,15.625,0.1177,16.3638,16.3638,N/A,1.39,103.71,Pass
PLT-019,BATCH-04,2026-02-28,Analyst_A,ELISA_Reader_02,86,H2,H,2,STD_15.625,Standard,2,1,15.625,15.625,0.11611,16.0454,16.0454,N/A,1.39,103.71,Pass
PLT-019,BATCH-04,2026-02-28,Analyst_A,ELISA_Reader_02,87,H3,H,3,SMP-0680,Unknown,1,10,,1694.1849,0.87475,170.8785,1708.7848,Quantifiable,2.23,,Pass
PLT-019,BATCH-04,2026-02-28,Analyst_A,ELISA_Reader_02,88,H4,H,4,SMP-0680,Unknown,2,10,,1694.1849,0.85376,165.5633,1655.6333,Quantifiable,2.23,,Pass
PLT-019,BATCH-04,2026-02-28,Analyst_A,ELISA_Reader_02,89,H5,H,5,SMP-0681,Unknown,1,2,,499.1509,1.14384,249.6537,499.3074,Quantifiable,0.81,,Pass
PLT-019,BATCH-04,2026-02-28,Analyst_A,ELISA_Reader_02,90,H6,H,6,SMP-0681,Unknown,2,2,,499.1509,1.13538,246.8136,493.6272,Quantifiable,0.81,,Pass
PLT-019,BATCH-04,2026-02-28,Analyst_A,ELISA_Reader_02,91,H7,H,7,SMP-0682,Unknown,1,5,,22.1277,0.06384,4.6849,23.4247,<LLOQ,60.4,,Review
PLT-019,BATCH-04,2026-02-28,Analyst_A,ELISA_Reader_02,92,H8,H,8,SMP-0682,Unknown,2,5,,22.1277,0.05352,1.8809,9.4043,<LLOQ,60.4,,Review
PLT-019,BATCH-04,2026-02-28,Analyst_A,ELISA_Reader_02,93,H9,H,9,SMP-0683,Unknown,1,1,,216.6079,1.02805,213.0454,213.0454,Quantifiable,0.03,,Pass
PLT-019,BATCH-04,2026-02-28,Analyst_A,ELISA_Reader_02,94,H10,H,10,SMP-0683,Unknown,2,1,,216.6079,1.02771,212.9448,212.9448,Quantifiable,0.03,,Pass
PLT-019,BATCH-04,2026-02-28,Analyst_A,ELISA_Reader_02,95,H11,H,11,SMP-0684,Unknown,1,2,,1321.9231,1.82489,655.5861,1311.1722,Quantifiable,0.54,,Pass
PLT-019,BATCH-04,2026-02-28,Analyst_A,ELISA_Reader_02,96,H12,H,12,SMP-0684,Unknown,2,2,,1321.9231,1.82029,650.5799,1301.1597,Quantifiable,0.54,,Pass
PLT-020,BATCH-04,2026-03-03,Analyst_B,ELISA_Reader_01,1,A1,A,1,STD_2000,Standard,1,1,2000.0,2000.0,2.24345,2156.7273,2156.7273,N/A,1.75,109.18,Pass
PLT-020,BATCH-04,2026-03-03,Analyst_B,ELISA_Reader_01,2,A2,A,2,STD_2000,Standard,2,1,2000.0,2000.0,2.24868,2210.6228,2210.6228,N/A,1.75,109.18,Pass
PLT-020,BATCH-04,2026-03-03,Analyst_B,ELISA_Reader_01,3,A3,A,3,BLANK,Blank,1,1,0.0,0.0,0.05348,1.2953,1.2953,N/A,141.07,,Pass
PLT-020,BATCH-04,2026-03-03,Analyst_B,ELISA_Reader_01,4,A4,A,4,BLANK,Blank,2,1,0.0,0.0,0.04138,0.0016,0.0016,N/A,141.07,,Pass
PLT-020,BATCH-04,2026-03-03,Analyst_B,ELISA_Reader_01,5,A5,A,5,SMP-0685,Unknown,1,2,,1552.2447,1.92354,844.9182,1689.8364,Quantifiable,1.55,,Pass
PLT-020,BATCH-04,2026-03-03,Analyst_B,ELISA_Reader_01,6,A6,A,6,SMP-0685,Unknown,2,2,,1552.2447,1.91281,826.6552,1653.3105,Quantifiable,1.55,,Pass
PLT-020,BATCH-04,2026-03-03,Analyst_B,ELISA_Reader_01,7,A7,A,7,SMP-0686,Unknown,1,1,,699.4326,1.83445,711.0812,711.0812,Quantifiable,4.35,,Pass
PLT-020,BATCH-04,2026-03-03,Analyst_B,ELISA_Reader_01,8,A8,A,8,SMP-0686,Unknown,2,1,,699.4326,1.80031,668.6739,668.6739,Quantifiable,4.35,,Pass
PLT-020,BATCH-04,2026-03-03,Analyst_B,ELISA_Reader_01,9,A9,A,9,SMP-0687,Unknown,1,2,,8.2182,0.05304,1.1523,2.3046,<LLOQ,93.69,,Review
PLT-020,BATCH-04,2026-03-03,Analyst_B,ELISA_Reader_01,10,A10,A,10,SMP-0687,Unknown,2,2,,8.2182,0.07026,5.6761,11.3522,<LLOQ,93.69,,Review
PLT-020,BATCH-04,2026-03-03,Analyst_B,ELISA_Reader_01,11,A11,A,11,SMP-0688,Unknown,1,2,,9.1598,0.05929,2.9561,5.9122,<LLOQ,45.37,,Review
PLT-020,BATCH-04,2026-03-03,Analyst_B,ELISA_Reader_01,12,A12,A,12,SMP-0688,Unknown,2,2,,9.1598,0.07057,5.7483,11.4966,<LLOQ,45.37,,Review
PLT-020,BATCH-04,2026-03-03,Analyst_B,ELISA_Reader_01,13,B1,B,1,STD_1000,Standard,1,1,1000.0,1000.0,1.98723,969.02,969.02,N/A,0.27,97.09,Pass
PLT-020,BATCH-04,2026-03-03,Analyst_B,ELISA_Reader_01,14,B2,B,2,STD_1000,Standard,2,1,1000.0,1000.0,1.98893,972.7753,972.7753,N/A,0.27,97.09,Pass
PLT-020,BATCH-04,2026-03-03,Analyst_B,ELISA_Reader_01,15,B3,B,3,QC_Low,QC,1,1,50.0,50.0,0.29568,48.5317,48.5317,N/A,3.89,99.81,Pass
PLT-020,BATCH-04,2026-03-03,Analyst_B,ELISA_Reader_01,16,B4,B,4,QC_Low,QC,2,1,50.0,50.0,0.31074,51.2735,51.2735,N/A,3.89,99.81,Pass
PLT-020,BATCH-04,2026-03-03,Analyst_B,ELISA_Reader_01,17,B5,B,5,SMP-0689,Unknown,1,5,,372.2834,0.44364,75.9924,379.9621,Quantifiable,3.88,,Pass
PLT-020,BATCH-04,2026-03-03,Analyst_B,ELISA_Reader_01,18,B6,B,6,SMP-0689,Unknown,2,5,,372.2834,0.4223,71.9377,359.6885,Quantifiable,3.88,,Pass
PLT-020,BATCH-04,2026-03-03,Analyst_B,ELISA_Reader_01,19,B7,B,7,SMP-0690,Unknown,1,5,,165.5289,0.21831,34.4843,172.4215,Quantifiable,4.19,,Pass
PLT-020,BATCH-04,2026-03-03,Analyst_B,ELISA_Reader_01,20,B8,B,8,SMP-0690,Unknown,2,5,,165.5289,0.20742,32.4999,162.4994,Quantifiable,4.19,,Pass
PLT-020,BATCH-04,2026-03-03,Analyst_B,ELISA_Reader_01,21,B9,B,9,SMP-0691,Unknown,1,5,,279.9633,0.33861,56.3701,281.8503,Quantifiable,1.48,,Pass
PLT-020,BATCH-04,2026-03-03,Analyst_B,ELISA_Reader_01,22,B10,B,10,SMP-0691,Unknown,2,5,,279.9633,0.33224,55.2029,276.0145,Quantifiable,1.48,,Pass
PLT-020,BATCH-04,2026-03-03,Analyst_B,ELISA_Reader_01,23,B11,B,11,SMP-0692,Unknown,1,2,,117.2401,0.34886,58.2529,116.5058,Quantifiable,0.05,,Pass
PLT-020,BATCH-04,2026-03-03,Analyst_B,ELISA_Reader_01,24,B12,B,12,SMP-0692,Unknown,2,2,,117.2401,0.34864,58.2132,116.4263,Quantifiable,0.05,,Pass
PLT-020,BATCH-04,2026-03-03,Analyst_B,ELISA_Reader_01,25,C1,C,1,STD_500,Standard,1,1,500.0,500.0,1.61177,491.2262,491.2262,N/A,1.51,97.21,Pass
PLT-020,BATCH-04,2026-03-03,Analyst_B,ELISA_Reader_01,26,C2,C,2,STD_500,Standard,2,1,500.0,500.0,1.59778,480.8645,480.8645,N/A,1.51,97.21,Pass
PLT-020,BATCH-04,2026-03-03,Analyst_B,ELISA_Reader_01,27,C3,C,3,QC_Mid,QC,1,1,300.0,300.0,1.26605,299.2497,299.2497,N/A,1.62,98.62,Pass
PLT-020,BATCH-04,2026-03-03,Analyst_B,ELISA_Reader_01,28,C4,C,4,QC_Mid,QC,2,1,300.0,300.0,1.24954,292.4914,292.4914,N/A,1.62,98.62,Pass
PLT-020,BATCH-04,2026-03-03,Analyst_B,ELISA_Reader_01,29,C5,C,5,SMP-0693,Unknown,1,1,,1402.3745,2.09715,1278.6287,1278.6287,Quantifiable,5.36,,Pass
PLT-020,BATCH-04,2026-03-03,Analyst_B,ELISA_Reader_01,30,C6,C,6,SMP-0693,Unknown,2,1,,1402.3745,2.123,1379.3121,1379.3121,Quantifiable,5.36,,Pass
PLT-020,BATCH-04,2026-03-03,Analyst_B,ELISA_Reader_01,31,C7,C,7,SMP-0694,Unknown,1,5,,338.75,0.39471,66.7532,333.7659,Quantifiable,2.33,,Pass
PLT-020,BATCH-04,2026-03-03,Analyst_B,ELISA_Reader_01,32,C8,C,8,SMP-0694,Unknown,2,5,,338.75,0.40667,68.9928,344.9641,Quantifiable,2.33,,Pass
PLT-020,BATCH-04,2026-03-03,Analyst_B,ELISA_Reader_01,33,C9,C,9,SMP-0695,Unknown,1,1,,626.0974,1.75218,615.274,615.274,Quantifiable,0.43,,Pass
PLT-020,BATCH-04,2026-03-03,Analyst_B,ELISA_Reader_01,34,C10,C,10,SMP-0695,Unknown,2,1,,626.0974,1.75576,619.0149,619.0149,Quantifiable,0.43,,Pass
PLT-020,BATCH-04,2026-03-03,Analyst_B,ELISA_Reader_01,35,C11,C,11,SMP-0696,Unknown,1,2,,171.0158,0.49365,85.6581,171.3163,Quantifiable,0.74,,Pass
PLT-020,BATCH-04,2026-03-03,Analyst_B,ELISA_Reader_01,36,C12,C,12,SMP-0696,Unknown,2,2,,171.0158,0.49825,86.5604,173.1208,Quantifiable,0.74,,Pass
PLT-020,BATCH-04,2026-03-03,Analyst_B,ELISA_Reader_01,37,D1,D,1,STD_250,Standard,1,1,250.0,250.0,1.13104,248.1387,248.1387,N/A,0.18,99.39,Pass
PLT-020,BATCH-04,2026-03-03,Analyst_B,ELISA_Reader_01,38,D2,D,2,STD_250,Standard,2,1,250.0,250.0,1.1329,248.7866,248.7866,N/A,0.18,99.39,Pass
PLT-020,BATCH-04,2026-03-03,Analyst_B,ELISA_Reader_01,39,D3,D,3,QC_High,QC,1,1,1200.0,1200.0,2.08326,1230.0457,1230.0457,N/A,0.31,102.28,Pass
PLT-020,BATCH-04,2026-03-03,Analyst_B,ELISA_Reader_01,40,D4,D,4,QC_High,QC,2,1,1200.0,1200.0,2.08164,1224.6142,1224.6142,N/A,0.31,102.28,Pass
PLT-020,BATCH-04,2026-03-03,Analyst_B,ELISA_Reader_01,41,D5,D,5,SMP-0697,Unknown,1,2,,95.3923,0.28026,45.7297,91.4594,Quantifiable,2.35,,Pass
PLT-020,BATCH-04,2026-03-03,Analyst_B,ELISA_Reader_01,42,D6,D,6,SMP-0697,Unknown,2,2,,95.3923,0.28875,47.2721,94.5442,Quantifiable,2.35,,Pass
PLT-020,BATCH-04,2026-03-03,Analyst_B,ELISA_Reader_01,43,D7,D,7,SMP-0698,Unknown,1,1,,13.3051,0.11384,14.9016,14.9016,<LLOQ,6.38,,Pass
PLT-020,BATCH-04,2026-03-03,Analyst_B,ELISA_Reader_01,44,D8,D,8,SMP-0698,Unknown,2,1,,13.3051,0.10739,13.6151,13.6151,<LLOQ,6.38,,Pass
PLT-020,BATCH-04,2026-03-03,Analyst_B,ELISA_Reader_01,45,D9,D,9,SMP-0699,Unknown,1,5,,8.6982,0.06057,3.2933,16.4664,<LLOQ,88.56,,Review
PLT-020,BATCH-04,2026-03-03,Analyst_B,ELISA_Reader_01,46,D10,D,10,SMP-0699,Unknown,2,5,,8.6982,0.05186,0.7569,3.7847,<LLOQ,88.56,,Review
PLT-020,BATCH-04,2026-03-03,Analyst_B,ELISA_Reader_01,47,D11,D,11,SMP-0700,Unknown,1,5,,9.2127,0.05591,2.023,10.1149,<LLOQ,4.55,,Pass
PLT-020,BATCH-04,2026-03-03,Analyst_B,ELISA_Reader_01,48,D12,D,12,SMP-0700,Unknown,2,5,,9.2127,0.05638,2.1574,10.7868,<LLOQ,4.55,,Pass
PLT-020,BATCH-04,2026-03-03,Analyst_B,ELISA_Reader_01,49,E1,E,1,STD_125,Standard,1,1,125.0,125.0,0.67007,122.1677,122.1677,N/A,0.08,97.68,Pass
PLT-020,BATCH-04,2026-03-03,Analyst_B,ELISA_Reader_01,50,E2,E,2,STD_125,Standard,2,1,125.0,125.0,0.66947,122.0375,122.0375,N/A,0.08,97.68,Pass
PLT-020,BATCH-04,2026-03-03,Analyst_B,ELISA_Reader_01,51,E3,E,3,SMP-0701,Unknown,1,1,,359.2421,1.41161,366.5998,366.5998,Quantifiable,1.16,,Pass
PLT-020,BATCH-04,2026-03-03,Analyst_B,ELISA_Reader_01,52,E4,E,4,SMP-0701,Unknown,2,1,,359.2421,1.39997,360.6322,360.6322,Quantifiable,1.16,,Pass
PLT-020,BATCH-04,2026-03-03,Analyst_B,ELISA_Reader_01,53,E5,E,5,SMP-0702,Unknown,1,1,,77.6336,0.44868,76.9545,76.9545,Quantifiable,0.45,,Pass
PLT-020,BATCH-04,2026-03-03,Analyst_B,ELISA_Reader_01,54,E6,E,6,SMP-0702,Unknown,2,1,,77.6336,0.45122,77.442,77.442,Quantifiable,0.45,,Pass
PLT-020,BATCH-04,2026-03-03,Analyst_B,ELISA_Reader_01,55,E7,E,7,SMP-0703,Unknown,1,1,,297.5073,1.25511,294.7535,294.7535,Quantifiable,2.75,,Pass
PLT-020,BATCH-04,2026-03-03,Analyst_B,ELISA_Reader_01,56,E8,E,8,SMP-0703,Unknown,2,1,,297.5073,1.28323,306.4572,306.4572,Quantifiable,2.75,,Pass
PLT-020,BATCH-04,2026-03-03,Analyst_B,ELISA_Reader_01,57,E9,E,9,SMP-0704,Unknown,1,10,,180.1136,0.12889,17.8475,178.4751,<LLOQ,2.43,,Pass
PLT-020,BATCH-04,2026-03-03,Analyst_B,ELISA_Reader_01,58,E10,E,10,SMP-0704,Unknown,2,10,,180.1136,0.13213,18.4723,184.7233,<LLOQ,2.43,,Pass
PLT-020,BATCH-04,2026-03-03,Analyst_B,ELISA_Reader_01,59,E11,E,11,SMP-0705,Unknown,1,1,,2008.4449,2.23621,2086.4696,2086.4696,>ULOQ,13.33,,Pass
PLT-020,BATCH-04,2026-03-03,Analyst_B,ELISA_Reader_01,60,E12,E,12,SMP-0705,Unknown,2,1,,2008.4449,2.19,1727.0379,1727.0379,Quantifiable,13.33,,Pass
PLT-020,BATCH-04,2026-03-03,Analyst_B,ELISA_Reader_01,61,F1,F,1,STD_62.5,Standard,1,1,62.5,62.5,0.35944,60.2038,60.2038,N/A,3.74,98.94,Pass
PLT-020,BATCH-04,2026-03-03,Analyst_B,ELISA_Reader_01,62,F2,F,2,STD_62.5,Standard,2,1,62.5,62.5,0.37711,63.4749,63.4749,N/A,3.74,98.94,Pass
PLT-020,BATCH-04,2026-03-03,Analyst_B,ELISA_Reader_01,63,F3,F,3,SMP-0706,Unknown,1,1,,28.0755,0.17641,26.8045,26.8045,Quantifiable,5.33,,Pass
PLT-020,BATCH-04,2026-03-03,Analyst_B,ELISA_Reader_01,64,F4,F,4,SMP-0706,Unknown,2,1,,28.0755,0.18778,28.9022,28.9022,Quantifiable,5.33,,Pass
PLT-020,BATCH-04,2026-03-03,Analyst_B,ELISA_Reader_01,65,F5,F,5,SMP-0707,Unknown,1,1,,74.6105,0.43048,73.4885,73.4885,Quantifiable,0.08,,Pass
PLT-020,BATCH-04,2026-03-03,Analyst_B,ELISA_Reader_01,66,F6,F,6,SMP-0707,Unknown,2,1,,74.6105,0.43003,73.4018,73.4018,Quantifiable,0.08,,Pass
PLT-020,BATCH-04,2026-03-03,Analyst_B,ELISA_Reader_01,67,F7,F,7,SMP-0708,Unknown,1,1,,117.3243,0.64138,115.9294,115.9294,Quantifiable,0.84,,Pass
PLT-020,BATCH-04,2026-03-03,Analyst_B,ELISA_Reader_01,68,F8,F,8,SMP-0708,Unknown,2,1,,117.3243,0.64779,117.3126,117.3126,Quantifiable,0.84,,Pass
PLT-020,BATCH-04,2026-03-03,Analyst_B,ELISA_Reader_01,69,F9,F,9,SMP-0709,Unknown,1,1,,2047.8524,2.19672,1771.4829,1771.4829,Quantifiable,29.38,,Review
PLT-020,BATCH-04,2026-03-03,Analyst_B,ELISA_Reader_01,70,F10,F,10,SMP-0709,Unknown,2,1,,2047.8524,2.28657,2700.5461,2700.5461,>ULOQ,29.38,,Review
PLT-020,BATCH-04,2026-03-03,Analyst_B,ELISA_Reader_01,71,F11,F,11,SMP-0710,Unknown,1,1,,35.3226,0.20764,32.5407,32.5407,Quantifiable,8.05,,Pass
PLT-020,BATCH-04,2026-03-03,Analyst_B,ELISA_Reader_01,72,F12,F,12,SMP-0710,Unknown,2,1,,35.3226,0.22922,36.4689,36.4689,Quantifiable,8.05,,Pass
PLT-020,BATCH-04,2026-03-03,Analyst_B,ELISA_Reader_01,73,G1,G,1,STD_31.25,Standard,1,1,31.25,31.25,0.20271,31.6396,31.6396,N/A,0.69,101.74,Pass
PLT-020,BATCH-04,2026-03-03,Analyst_B,ELISA_Reader_01,74,G2,G,2,STD_31.25,Standard,2,1,31.25,31.25,0.20441,31.9498,31.9498,N/A,0.69,101.74,Pass
PLT-020,BATCH-04,2026-03-03,Analyst_B,ELISA_Reader_01,75,G3,G,3,SMP-0711,Unknown,1,5,,426.9149,0.48586,84.1362,420.6808,Quantifiable,2.44,,Pass
PLT-020,BATCH-04,2026-03-03,Analyst_B,ELISA_Reader_01,76,G4,G,4,SMP-0711,Unknown,2,5,,426.9149,0.50097,87.0956,435.478,Quantifiable,2.44,,Pass
PLT-020,BATCH-04,2026-03-03,Analyst_B,ELISA_Reader_01,77,G5,G,5,SMP-0712,Unknown,1,2,,512.2535,1.17016,262.0308,524.0616,Quantifiable,0.21,,Pass
PLT-020,BATCH-04,2026-03-03,Analyst_B,ELISA_Reader_01,78,G6,G,6,SMP-0712,Unknown,2,2,,512.2535,1.17231,262.8157,525.6315,Quantifiable,0.21,,Pass
PLT-020,BATCH-04,2026-03-03,Analyst_B,ELISA_Reader_01,79,G7,G,7,SMP-0713,Unknown,1,2,,21.9361,0.10028,12.1723,24.3447,<LLOQ,3.65,,Pass
PLT-020,BATCH-04,2026-03-03,Analyst_B,ELISA_Reader_01,80,G8,G,8,SMP-0713,Unknown,2,2,,21.9361,0.09729,11.56,23.12,<LLOQ,3.65,,Pass
PLT-020,BATCH-04,2026-03-03,Analyst_B,ELISA_Reader_01,81,G9,G,9,SMP-0714,Unknown,1,2,,593.7427,1.26368,298.2699,596.5398,Quantifiable,1.41,,Pass
PLT-020,BATCH-04,2026-03-03,Analyst_B,ELISA_Reader_01,82,G10,G,10,SMP-0714,Unknown,2,2,,593.7427,1.27805,304.2651,608.5302,Quantifiable,1.41,,Pass
PLT-020,BATCH-04,2026-03-03,Analyst_B,ELISA_Reader_01,83,G11,G,11,SMP-0715,Unknown,1,2,,368.6426,0.92959,185.9072,371.8145,Quantifiable,2.88,,Pass
PLT-020,BATCH-04,2026-03-03,Analyst_B,ELISA_Reader_01,84,G12,G,12,SMP-0715,Unknown,2,2,,368.6426,0.90238,178.4894,356.9788,Quantifiable,2.88,,Pass
PLT-020,BATCH-04,2026-03-03,Analyst_B,ELISA_Reader_01,85,H1,H,1,STD_15.625,Standard,1,1,15.625,15.625,0.11872,15.8655,15.8655,N/A,4.58,104.94,Pass
PLT-020,BATCH-04,2026-03-03,Analyst_B,ELISA_Reader_01,86,H2,H,2,STD_15.625,Standard,2,1,15.625,15.625,0.12415,16.9279,16.9279,N/A,4.58,104.94,Pass
PLT-020,BATCH-04,2026-03-03,Analyst_B,ELISA_Reader_01,87,H3,H,3,SMP-0716,Unknown,1,2,,1703.3948,1.92576,848.7737,1697.5475,Quantifiable,0.94,,Pass
PLT-020,BATCH-04,2026-03-03,Analyst_B,ELISA_Reader_01,88,H4,H,4,SMP-0716,Unknown,2,2,,1703.3948,1.93221,860.1602,1720.3204,Quantifiable,0.94,,Pass
PLT-020,BATCH-04,2026-03-03,Analyst_B,ELISA_Reader_01,89,H5,H,5,SMP-0717,Unknown,1,1,,142.8659,0.76949,144.8948,144.8948,Quantifiable,2.83,,Pass
PLT-020,BATCH-04,2026-03-03,Analyst_B,ELISA_Reader_01,90,H6,H,6,SMP-0717,Unknown,2,1,,142.8659,0.74533,139.2033,139.2033,Quantifiable,2.83,,Pass
PLT-020,BATCH-04,2026-03-03,Analyst_B,ELISA_Reader_01,91,H7,H,7,SMP-0718,Unknown,1,5,,431.7834,0.49434,85.7937,428.9685,Quantifiable,0.9,,Pass
PLT-020,BATCH-04,2026-03-03,Analyst_B,ELISA_Reader_01,92,H8,H,8,SMP-0718,Unknown,2,5,,431.7834,0.49996,86.8962,434.4811,Quantifiable,0.9,,Pass
PLT-020,BATCH-04,2026-03-03,Analyst_B,ELISA_Reader_01,93,H9,H,9,SMP-0719,Unknown,1,2,,37.543,0.12757,17.5917,35.1833,<LLOQ,11.58,,Pass
PLT-020,BATCH-04,2026-03-03,Analyst_B,ELISA_Reader_01,94,H10,H,10,SMP-0719,Unknown,2,2,,37.543,0.14394,20.7294,41.4587,Quantifiable,11.58,,Pass
PLT-020,BATCH-04,2026-03-03,Analyst_B,ELISA_Reader_01,95,H11,H,11,SMP-0720,Unknown,1,2,,1719.0085,1.92175,841.8258,1683.6516,Quantifiable,4.04,,Pass
PLT-020,BATCH-04,2026-03-03,Analyst_B,ELISA_Reader_01,96,H12,H,12,SMP-0720,Unknown,2,2,,1719.0085,1.94913,891.3117,1782.6234,Quantifiable,4.04,,Pass
PLT-021,BATCH-05,2026-03-06,Analyst_C,ELISA_Reader_01,1,A1,A,1,STD_2000,Standard,1,1,2000.0,2000.0,2.29317,1917.9198,1917.9198,N/A,3.27,93.73,Pass
PLT-021,BATCH-05,2026-03-06,Analyst_C,ELISA_Reader_01,2,A2,A,2,STD_2000,Standard,2,1,2000.0,2000.0,2.28107,1831.1075,1831.1075,N/A,3.27,93.73,Pass
PLT-021,BATCH-05,2026-03-06,Analyst_C,ELISA_Reader_01,3,A3,A,3,BLANK,Blank,1,1,0.0,0.0,0.0506,0.6387,0.6387,N/A,86.15,,Pass
PLT-021,BATCH-05,2026-03-06,Analyst_C,ELISA_Reader_01,4,A4,A,4,BLANK,Blank,2,1,0.0,0.0,0.05756,2.6295,2.6295,N/A,86.15,,Pass
PLT-021,BATCH-05,2026-03-06,Analyst_C,ELISA_Reader_01,5,A5,A,5,SMP-0721,Unknown,1,2,,16.6415,0.08228,8.2272,16.4544,<LLOQ,1.32,,Pass
PLT-021,BATCH-05,2026-03-06,Analyst_C,ELISA_Reader_01,6,A6,A,6,SMP-0721,Unknown,2,2,,16.6415,0.08303,8.3827,16.7655,<LLOQ,1.32,,Pass
PLT-021,BATCH-05,2026-03-06,Analyst_C,ELISA_Reader_01,7,A7,A,7,SMP-0722,Unknown,1,5,,95.5655,0.13452,18.3715,91.8577,<LLOQ,3.8,,Pass
PLT-021,BATCH-05,2026-03-06,Analyst_C,ELISA_Reader_01,8,A8,A,8,SMP-0722,Unknown,2,5,,95.5655,0.14002,19.3864,96.9318,<LLOQ,3.8,,Pass
PLT-021,BATCH-05,2026-03-06,Analyst_C,ELISA_Reader_01,9,A9,A,9,SMP-0723,Unknown,1,5,,621.8784,0.70263,124.897,624.4848,Quantifiable,1.17,,Pass
PLT-021,BATCH-05,2026-03-06,Analyst_C,ELISA_Reader_01,10,A10,A,10,SMP-0723,Unknown,2,5,,621.8784,0.69313,122.8548,614.2742,Quantifiable,1.17,,Pass
PLT-021,BATCH-05,2026-03-06,Analyst_C,ELISA_Reader_01,11,A11,A,11,SMP-0724,Unknown,1,5,,125.5266,0.1766,26.0084,130.0419,Quantifiable,1.93,,Pass
PLT-021,BATCH-05,2026-03-06,Analyst_C,ELISA_Reader_01,12,A12,A,12,SMP-0724,Unknown,2,5,,125.5266,0.17269,25.3094,126.5469,Quantifiable,1.93,,Pass
PLT-021,BATCH-05,2026-03-06,Analyst_C,ELISA_Reader_01,13,B1,B,1,STD_1000,Standard,1,1,1000.0,1000.0,2.06865,1005.2477,1005.2477,N/A,5.39,96.83,Pass
PLT-021,BATCH-05,2026-03-06,Analyst_C,ELISA_Reader_01,14,B2,B,2,STD_1000,Standard,2,1,1000.0,1000.0,2.03333,931.4198,931.4198,N/A,5.39,96.83,Pass
PLT-021,BATCH-05,2026-03-06,Analyst_C,ELISA_Reader_01,15,B3,B,3,QC_Low,QC,1,1,50.0,50.0,0.3052,48.6619,48.6619,N/A,0.18,97.45,Pass
PLT-021,BATCH-05,2026-03-06,Analyst_C,ELISA_Reader_01,16,B4,B,4,QC_Low,QC,2,1,50.0,50.0,0.30591,48.7869,48.7869,N/A,0.18,97.45,Pass
PLT-021,BATCH-05,2026-03-06,Analyst_C,ELISA_Reader_01,17,B5,B,5,SMP-0725,Unknown,1,5,,151.2893,0.19687,29.6144,148.0722,Quantifiable,2.13,,Pass
PLT-021,BATCH-05,2026-03-06,Analyst_C,ELISA_Reader_01,18,B6,B,6,SMP-0725,Unknown,2,5,,151.2893,0.19191,28.7346,143.6732,Quantifiable,2.13,,Pass
PLT-021,BATCH-05,2026-03-06,Analyst_C,ELISA_Reader_01,19,B7,B,7,SMP-0726,Unknown,1,5,,91.1546,0.13132,17.7795,88.8976,<LLOQ,4.77,,Pass
PLT-021,BATCH-05,2026-03-06,Analyst_C,ELISA_Reader_01,20,B8,B,8,SMP-0726,Unknown,2,5,,91.1546,0.12511,16.6202,83.1008,<LLOQ,4.77,,Pass
PLT-021,BATCH-05,2026-03-06,Analyst_C,ELISA_Reader_01,21,B9,B,9,SMP-0727,Unknown,1,1,,15.9201,0.11619,14.9363,14.9363,<LLOQ,6.37,,Pass
PLT-021,BATCH-05,2026-03-06,Analyst_C,ELISA_Reader_01,22,B10,B,10,SMP-0727,Unknown,2,1,,15.9201,0.12364,16.3445,16.3445,<LLOQ,6.37,,Pass
PLT-021,BATCH-05,2026-03-06,Analyst_C,ELISA_Reader_01,23,B11,B,11,SMP-0728,Unknown,1,1,,1666.8884,2.26064,1700.8099,1700.8099,Quantifiable,1.09,,Pass
PLT-021,BATCH-05,2026-03-06,Analyst_C,ELISA_Reader_01,24,B12,B,12,SMP-0728,Unknown,2,1,,1666.8884,2.25617,1674.677,1674.677,Quantifiable,1.09,,Pass
PLT-021,BATCH-05,2026-03-06,Analyst_C,ELISA_Reader_01,25,C1,C,1,STD_500,Standard,1,1,500.0,500.0,1.70112,521.659,521.659,N/A,5.19,100.64,Pass
PLT-021,BATCH-05,2026-03-06,Analyst_C,ELISA_Reader_01,26,C2,C,2,STD_500,Standard,2,1,500.0,500.0,1.65175,484.7165,484.7165,N/A,5.19,100.64,Pass
PLT-021,BATCH-05,2026-03-06,Analyst_C,ELISA_Reader_01,27,C3,C,3,QC_Mid,QC,1,1,300.0,300.0,1.30053,298.144,298.144,N/A,1.16,100.2,Pass
PLT-021,BATCH-05,2026-03-06,Analyst_C,ELISA_Reader_01,28,C4,C,4,QC_Mid,QC,2,1,300.0,300.0,1.31277,303.0817,303.0817,N/A,1.16,100.2,Pass
PLT-021,BATCH-05,2026-03-06,Analyst_C,ELISA_Reader_01,29,C5,C,5,SMP-0729,Unknown,1,2,,80.5126,0.2677,42.072,84.1441,Quantifiable,3.31,,Pass
PLT-021,BATCH-05,2026-03-06,Analyst_C,ELISA_Reader_01,30,C6,C,6,SMP-0729,Unknown,2,2,,80.5126,0.25674,40.1488,80.2976,Quantifiable,3.31,,Pass
PLT-021,BATCH-05,2026-03-06,Analyst_C,ELISA_Reader_01,31,C7,C,7,SMP-0730,Unknown,1,1,,2043.2694,2.30021,1972.2143,1972.2143,>ULOQ,8.11,,Pass
PLT-021,BATCH-05,2026-03-06,Analyst_C,ELISA_Reader_01,32,C8,C,8,SMP-0730,Unknown,2,1,,2043.2694,2.32719,2212.2948,2212.2948,>ULOQ,8.11,,Pass
PLT-021,BATCH-05,2026-03-06,Analyst_C,ELISA_Reader_01,33,C9,C,9,SMP-0731,Unknown,1,1,,288.2495,1.26187,283.0716,283.0716,Quantifiable,4.16,,Pass
PLT-021,BATCH-05,2026-03-06,Analyst_C,ELISA_Reader_01,34,C10,C,10,SMP-0731,Unknown,2,1,,288.2495,1.30577,300.2496,300.2496,Quantifiable,4.16,,Pass
PLT-021,BATCH-05,2026-03-06,Analyst_C,ELISA_Reader_01,35,C11,C,11,SMP-0732,Unknown,1,10,,23.1618,0.05733,2.569,25.6903,<LLOQ,7.04,,Pass
PLT-021,BATCH-05,2026-03-06,Analyst_C,ELISA_Reader_01,36,C12,C,12,SMP-0732,Unknown,2,10,,23.1618,0.05838,2.8384,28.384,<LLOQ,7.04,,Pass
PLT-021,BATCH-05,2026-03-06,Analyst_C,ELISA_Reader_01,37,D1,D,1,STD_250,Standard,1,1,250.0,250.0,1.1716,250.6662,250.6662,N/A,0.68,100.75,Pass
PLT-021,BATCH-05,2026-03-06,Analyst_C,ELISA_Reader_01,38,D2,D,2,STD_250,Standard,2,1,250.0,250.0,1.17873,253.0971,253.0971,N/A,0.68,100.75,Pass
PLT-021,BATCH-05,2026-03-06,Analyst_C,ELISA_Reader_01,39,D3,D,3,QC_High,QC,1,1,1200.0,1200.0,1.96267,808.7427,808.7427,N/A,1.67,68.2,Fail
PLT-021,BATCH-05,2026-03-06,Analyst_C,ELISA_Reader_01,40,D4,D,4,QC_High,QC,2,1,1200.0,1200.0,1.97497,828.0875,828.0875,N/A,1.67,68.2,Fail
PLT-021,BATCH-05,2026-03-06,Analyst_C,ELISA_Reader_01,41,D5,D,5,SMP-0733,Unknown,1,1,,398.7212,1.51547,399.1928,399.1928,Quantifiable,2.68,,Pass
PLT-021,BATCH-05,2026-03-06,Analyst_C,ELISA_Reader_01,42,D6,D,6,SMP-0733,Unknown,2,1,,398.7212,1.54261,414.5899,414.5899,Quantifiable,2.68,,Pass
PLT-021,BATCH-05,2026-03-06,Analyst_C,ELISA_Reader_01,43,D7,D,7,SMP-0734,Unknown,1,1,,223.8425,1.08681,223.274,223.274,Quantifiable,0.37,,Pass
PLT-021,BATCH-05,2026-03-06,Analyst_C,ELISA_Reader_01,44,D8,D,8,SMP-0734,Unknown,2,1,,223.8425,1.0906,224.445,224.445,Quantifiable,0.37,,Pass
PLT-021,BATCH-05,2026-03-06,Analyst_C,ELISA_Reader_01,45,D9,D,9,SMP-0735,Unknown,1,1,,996.4121,2.04785,960.5904,960.5904,Quantifiable,1.23,,Pass
PLT-021,BATCH-05,2026-03-06,Analyst_C,ELISA_Reader_01,46,D10,D,10,SMP-0735,Unknown,2,1,,996.4121,2.05592,977.498,977.498,Quantifiable,1.23,,Pass
PLT-021,BATCH-05,2026-03-06,Analyst_C,ELISA_Reader_01,47,D11,D,11,SMP-0736,Unknown,1,5,,238.0368,0.30583,48.7734,243.8672,Quantifiable,2.35,,Pass
PLT-021,BATCH-05,2026-03-06,Analyst_C,ELISA_Reader_01,48,D12,D,12,SMP-0736,Unknown,2,5,,238.0368,0.29677,47.1786,235.893,Quantifiable,2.35,,Pass
PLT-021,BATCH-05,2026-03-06,Analyst_C,ELISA_Reader_01,49,E1,E,1,STD_125,Standard,1,1,125.0,125.0,0.70273,124.9177,124.9177,N/A,1.89,101.29,Pass
PLT-021,BATCH-05,2026-03-06,Analyst_C,ELISA_Reader_01,50,E2,E,2,STD_125,Standard,2,1,125.0,125.0,0.7183,128.2979,128.2979,N/A,1.89,101.29,Pass
PLT-021,BATCH-05,2026-03-06,Analyst_C,ELISA_Reader_01,51,E3,E,3,SMP-0737,Unknown,1,1,,43.8102,0.28138,44.4738,44.4738,Quantifiable,1.76,,Pass
PLT-021,BATCH-05,2026-03-06,Analyst_C,ELISA_Reader_01,52,E4,E,4,SMP-0737,Unknown,2,1,,43.8102,0.28775,45.5933,45.5933,Quantifiable,1.76,,Pass
PLT-021,BATCH-05,2026-03-06,Analyst_C,ELISA_Reader_01,53,E5,E,5,SMP-0738,Unknown,1,2,,9.1219,0.05964,3.1552,6.3105,<LLOQ,18.7,,Pass
PLT-021,BATCH-05,2026-03-06,Analyst_C,ELISA_Reader_01,54,E6,E,6,SMP-0738,Unknown,2,2,,9.1219,0.06361,4.1168,8.2337,<LLOQ,18.7,,Pass
PLT-021,BATCH-05,2026-03-06,Analyst_C,ELISA_Reader_01,55,E7,E,7,SMP-0739,Unknown,1,5,,17.4905,0.05774,2.6761,13.3806,<LLOQ,21.94,,Review
PLT-021,BATCH-05,2026-03-06,Analyst_C,ELISA_Reader_01,56,E8,E,8,SMP-0739,Unknown,2,5,,17.4905,0.06169,3.6591,18.2954,<LLOQ,21.94,,Review
PLT-021,BATCH-05,2026-03-06,Analyst_C,ELISA_Reader_01,57,E9,E,9,SMP-0740,Unknown,1,2,,150.8262,0.45917,76.3967,152.7933,Quantifiable,3.15,,Pass
PLT-021,BATCH-05,2026-03-06,Analyst_C,ELISA_Reader_01,58,E10,E,10,SMP-0740,Unknown,2,2,,150.8262,0.44115,73.0663,146.1326,Quantifiable,3.15,,Pass
PLT-021,BATCH-05,2026-03-06,Analyst_C,ELISA_Reader_01,59,E11,E,11,SMP-0741,Unknown,1,5,,51.6413,0.08578,8.9534,44.7671,<LLOQ,19.45,,Pass
PLT-021,BATCH-05,2026-03-06,Analyst_C,ELISA_Reader_01,60,E12,E,12,SMP-0741,Unknown,2,5,,51.6413,0.1,11.8088,59.044,<LLOQ,19.45,,Pass
PLT-021,BATCH-05,2026-03-06,Analyst_C,ELISA_Reader_01,61,F1,F,1,STD_62.5,Standard,1,1,62.5,62.5,0.3749,61.0382,61.0382,N/A,3.63,100.23,Pass
PLT-021,BATCH-05,2026-03-06,Analyst_C,ELISA_Reader_01,62,F2,F,2,STD_62.5,Standard,2,1,62.5,62.5,0.39277,64.2529,64.2529,N/A,3.63,100.23,Pass
PLT-021,BATCH-05,2026-03-06,Analyst_C,ELISA_Reader_01,63,F3,F,3,SMP-0742,Unknown,1,10,,1014.3447,0.59063,101.6654,1016.654,Quantifiable,1.46,,Pass
PLT-021,BATCH-05,2026-03-06,Analyst_C,ELISA_Reader_01,64,F4,F,4,SMP-0742,Unknown,2,10,,1014.3447,0.60123,103.7905,1037.9047,Quantifiable,1.46,,Pass
PLT-021,BATCH-05,2026-03-06,Analyst_C,ELISA_Reader_01,65,F5,F,5,SMP-0743,Unknown,1,1,,137.9517,0.76097,137.769,137.769,Quantifiable,0.23,,Pass
PLT-021,BATCH-05,2026-03-06,Analyst_C,ELISA_Reader_01,66,F6,F,6,SMP-0743,Unknown,2,1,,137.9517,0.75894,137.3124,137.3124,Quantifiable,0.23,,Pass
PLT-021,BATCH-05,2026-03-06,Analyst_C,ELISA_Reader_01,67,F7,F,7,SMP-0744,Unknown,1,2,,41.602,0.14337,20.0015,40.003,Quantifiable,8.57,,Pass
PLT-021,BATCH-05,2026-03-06,Analyst_C,ELISA_Reader_01,68,F8,F,8,SMP-0744,Unknown,2,2,,41.602,0.15754,22.5826,45.1652,Quantifiable,8.57,,Pass
PLT-021,BATCH-05,2026-03-06,Analyst_C,ELISA_Reader_01,69,F9,F,9,SMP-0745,Unknown,1,2,,37.5688,0.13269,18.0339,36.0678,<LLOQ,12.1,,Pass
PLT-021,BATCH-05,2026-03-06,Analyst_C,ELISA_Reader_01,70,F10,F,10,SMP-0745,Unknown,2,2,,37.5688,0.15108,21.4098,42.8196,Quantifiable,12.1,,Pass
PLT-021,BATCH-05,2026-03-06,Analyst_C,ELISA_Reader_01,71,F11,F,11,SMP-0746,Unknown,1,1,,730.9352,1.91329,738.1145,738.1145,Quantifiable,2.46,,Pass
PLT-021,BATCH-05,2026-03-06,Analyst_C,ELISA_Reader_01,72,F12,F,12,SMP-0746,Unknown,2,1,,730.9352,1.89372,712.8394,712.8394,Quantifiable,2.46,,Pass
PLT-021,BATCH-05,2026-03-06,Analyst_C,ELISA_Reader_01,73,G1,G,1,STD_31.25,Standard,1,1,31.25,31.25,0.20888,31.738,31.738,N/A,0.33,101.32,Pass
PLT-021,BATCH-05,2026-03-06,Analyst_C,ELISA_Reader_01,74,G2,G,2,STD_31.25,Standard,2,1,31.25,31.25,0.20803,31.5882,31.5882,N/A,0.33,101.32,Pass
PLT-021,BATCH-05,2026-03-06,Analyst_C,ELISA_Reader_01,75,G3,G,3,SMP-0747,Unknown,1,2,,2431.0237,2.13227,1167.7171,2335.4342,Quantifiable,12.77,,Pass
PLT-021,BATCH-05,2026-03-06,Analyst_C,ELISA_Reader_01,76,G4,G,4,SMP-0747,Unknown,2,2,,2431.0237,2.19943,1399.605,2799.2101,Quantifiable,12.77,,Pass
PLT-021,BATCH-05,2026-03-06,Analyst_C,ELISA_Reader_01,77,G5,G,5,SMP-0748,Unknown,1,2,,148.9437,0.45615,75.8363,151.6726,Quantifiable,0.48,,Pass
PLT-021,BATCH-05,2026-03-06,Analyst_C,ELISA_Reader_01,78,G6,G,6,SMP-0748,Unknown,2,2,,148.9437,0.45339,75.3243,150.6485,Quantifiable,0.48,,Pass
PLT-021,BATCH-05,2026-03-06,Analyst_C,ELISA_Reader_01,79,G7,G,7,SMP-0749,Unknown,1,2,,1598.5728,1.97094,821.6642,1643.3285,Quantifiable,4.86,,Pass
PLT-021,BATCH-05,2026-03-06,Analyst_C,ELISA_Reader_01,80,G8,G,8,SMP-0749,Unknown,2,2,,1598.5728,1.93446,767.115,1534.2301,Quantifiable,4.86,,Pass
PLT-021,BATCH-05,2026-03-06,Analyst_C,ELISA_Reader_01,81,G9,G,9,SMP-0750,Unknown,1,5,,1120.6113,1.09619,226.1774,1130.887,Quantifiable,0.3,,Pass
PLT-021,BATCH-05,2026-03-06,Analyst_C,ELISA_Reader_01,82,G10,G,10,SMP-0750,Unknown,2,5,,1120.6113,1.09307,225.2078,1126.0392,Quantifiable,0.3,,Pass
PLT-021,BATCH-05,2026-03-06,Analyst_C,ELISA_Reader_01,83,G11,G,11,SMP-0751,Unknown,1,1,,27.3209,0.17898,26.4345,26.4345,Quantifiable,3.67,,Pass
PLT-021,BATCH-05,2026-03-06,Analyst_C,ELISA_Reader_01,84,G12,G,12,SMP-0751,Unknown,2,1,,27.3209,0.17151,25.0977,25.0977,Quantifiable,3.67,,Pass
PLT-021,BATCH-05,2026-03-06,Analyst_C,ELISA_Reader_01,85,H1,H,1,STD_15.625,Standard,1,1,15.625,15.625,0.12132,15.9076,15.9076,N/A,4.98,98.34,Pass
PLT-021,BATCH-05,2026-03-06,Analyst_C,ELISA_Reader_01,86,H2,H,2,STD_15.625,Standard,2,1,15.625,15.625,0.1156,14.8246,14.8246,N/A,4.98,98.34,Pass
PLT-021,BATCH-05,2026-03-06,Analyst_C,ELISA_Reader_01,87,H3,H,3,SMP-0752,Unknown,1,10,,105.0182,0.09434,10.6863,106.8629,<LLOQ,11.0,,Pass
PLT-021,BATCH-05,2026-03-06,Analyst_C,ELISA_Reader_01,88,H4,H,4,SMP-0752,Unknown,2,10,,105.0182,0.08671,9.1433,91.4326,<LLOQ,11.0,,Pass
PLT-021,BATCH-05,2026-03-06,Analyst_C,ELISA_Reader_01,89,H5,H,5,SMP-0753,Unknown,1,1,,13.0855,0.11192,14.1224,14.1224,<LLOQ,1.57,,Pass
PLT-021,BATCH-05,2026-03-06,Analyst_C,ELISA_Reader_01,90,H6,H,6,SMP-0753,Unknown,2,1,,13.0855,0.11031,13.8118,13.8118,<LLOQ,1.57,,Pass
PLT-021,BATCH-05,2026-03-06,Analyst_C,ELISA_Reader_01,91,H7,H,7,SMP-0754,Unknown,1,2,,49.7708,0.16548,24.015,48.03,Quantifiable,6.46,,Pass
PLT-021,BATCH-05,2026-03-06,Analyst_C,ELISA_Reader_01,92,H8,H,8,SMP-0754,Unknown,2,2,,49.7708,0.1783,26.3128,52.6255,Quantifiable,6.46,,Pass
PLT-021,BATCH-05,2026-03-06,Analyst_C,ELISA_Reader_01,93,H9,H,9,SMP-0755,Unknown,1,1,,33.0663,0.21387,32.6183,32.6183,Quantifiable,0.23,,Pass
PLT-021,BATCH-05,2026-03-06,Analyst_C,ELISA_Reader_01,94,H10,H,10,SMP-0755,Unknown,2,1,,33.0663,0.21447,32.7227,32.7227,Quantifiable,0.23,,Pass
PLT-021,BATCH-05,2026-03-06,Analyst_C,ELISA_Reader_01,95,H11,H,11,SMP-0756,Unknown,1,1,,1651.681,2.22287,1502.0003,1502.0003,Quantifiable,0.63,,Pass
PLT-021,BATCH-05,2026-03-06,Analyst_C,ELISA_Reader_01,96,H12,H,12,SMP-0756,Unknown,2,1,,1651.681,2.22001,1488.7514,1488.7514,Quantifiable,0.63,,Pass
PLT-022,BATCH-05,2026-03-09,Analyst_A,ELISA_Reader_02,1,A1,A,1,STD_2000,Standard,1,1,2000.0,2000.0,2.1855,1991.9043,1991.9043,N/A,8.9,106.28,Pass
PLT-022,BATCH-05,2026-03-09,Analyst_A,ELISA_Reader_02,2,A2,A,2,STD_2000,Standard,2,1,2000.0,2000.0,2.21473,2259.3618,2259.3618,N/A,8.9,106.28,Pass
PLT-022,BATCH-05,2026-03-09,Analyst_A,ELISA_Reader_02,3,A3,A,3,BLANK,Blank,1,1,0.0,0.0,0.04403,0.0011,0.0011,N/A,141.05,,Pass
PLT-022,BATCH-05,2026-03-09,Analyst_A,ELISA_Reader_02,4,A4,A,4,BLANK,Blank,2,1,0.0,0.0,0.05164,0.8316,0.8316,N/A,141.05,,Pass
PLT-022,BATCH-05,2026-03-09,Analyst_A,ELISA_Reader_02,5,A5,A,5,SMP-0757,Unknown,1,1,,154.1861,0.79845,156.2996,156.2996,Quantifiable,0.62,,Pass
PLT-022,BATCH-05,2026-03-09,Analyst_A,ELISA_Reader_02,6,A6,A,6,SMP-0757,Unknown,2,1,,154.1861,0.79316,154.9303,154.9303,Quantifiable,0.62,,Pass
PLT-022,BATCH-05,2026-03-09,Analyst_A,ELISA_Reader_02,7,A7,A,7,SMP-0758,Unknown,1,1,,112.9962,0.61479,112.2629,112.2629,Quantifiable,4.83,,Pass
PLT-022,BATCH-05,2026-03-09,Analyst_A,ELISA_Reader_02,8,A8,A,8,SMP-0758,Unknown,2,1,,112.9962,0.65008,120.2075,120.2075,Quantifiable,4.83,,Pass
PLT-022,BATCH-05,2026-03-09,Analyst_A,ELISA_Reader_02,9,A9,A,9,SMP-0759,Unknown,1,5,,851.0242,0.84623,169.0046,845.0229,Quantifiable,1.22,,Pass
PLT-022,BATCH-05,2026-03-09,Analyst_A,ELISA_Reader_02,10,A10,A,10,SMP-0759,Unknown,2,5,,851.0242,0.83559,166.1232,830.6162,Quantifiable,1.22,,Pass
PLT-022,BATCH-05,2026-03-09,Analyst_A,ELISA_Reader_02,11,A11,A,11,SMP-0760,Unknown,1,10,,51.8779,0.0635,3.8834,38.8341,<LLOQ,21.18,,Review
PLT-022,BATCH-05,2026-03-09,Analyst_A,ELISA_Reader_02,12,A12,A,12,SMP-0760,Unknown,2,10,,51.8779,0.06949,5.2516,52.516,<LLOQ,21.18,,Review
PLT-022,BATCH-05,2026-03-09,Analyst_A,ELISA_Reader_02,13,B1,B,1,STD_1000,Standard,1,1,1000.0,1000.0,1.95078,995.6344,995.6344,N/A,2.96,101.69,Pass
PLT-022,BATCH-05,2026-03-09,Analyst_A,ELISA_Reader_02,14,B2,B,2,STD_1000,Standard,2,1,1000.0,1000.0,1.96894,1038.1916,1038.1916,N/A,2.96,101.69,Pass
PLT-022,BATCH-05,2026-03-09,Analyst_A,ELISA_Reader_02,15,B3,B,3,QC_Low,QC,1,1,50.0,50.0,0.30711,50.2949,50.2949,N/A,0.95,101.27,Pass
PLT-022,BATCH-05,2026-03-09,Analyst_A,ELISA_Reader_02,16,B4,B,4,QC_Low,QC,2,1,50.0,50.0,0.31075,50.9751,50.9751,N/A,0.95,101.27,Pass
PLT-022,BATCH-05,2026-03-09,Analyst_A,ELISA_Reader_02,17,B5,B,5,SMP-0761,Unknown,1,10,,997.3765,0.56029,100.4038,1004.0381,Quantifiable,0.44,,Pass
PLT-022,BATCH-05,2026-03-09,Analyst_A,ELISA_Reader_02,18,B6,B,6,SMP-0761,Unknown,2,10,,997.3765,0.55736,99.7804,997.8044,Quantifiable,0.44,,Pass
PLT-022,BATCH-05,2026-03-09,Analyst_A,ELISA_Reader_02,19,B7,B,7,SMP-0762,Unknown,1,5,,1910.2809,1.38155,373.1588,1865.794,Quantifiable,1.58,,Pass
PLT-022,BATCH-05,2026-03-09,Analyst_A,ELISA_Reader_02,20,B8,B,8,SMP-0762,Unknown,2,5,,1910.2809,1.39684,381.6049,1908.0244,Quantifiable,1.58,,Pass
PLT-022,BATCH-05,2026-03-09,Analyst_A,ELISA_Reader_02,21,B9,B,9,SMP-0763,Unknown,1,1,,186.2374,0.90983,186.8805,186.8805,Quantifiable,0.76,,Pass
PLT-022,BATCH-05,2026-03-09,Analyst_A,ELISA_Reader_02,22,B10,B,10,SMP-0763,Unknown,2,1,,186.2374,0.90291,184.8775,184.8775,Quantifiable,0.76,,Pass
PLT-022,BATCH-05,2026-03-09,Analyst_A,ELISA_Reader_02,23,B11,B,11,SMP-0764,Unknown,1,1,,17.4716,0.13482,18.3857,18.3857,<LLOQ,2.0,,Pass
PLT-022,BATCH-05,2026-03-09,Analyst_A,ELISA_Reader_02,24,B12,B,12,SMP-0764,Unknown,2,1,,17.4716,0.13213,17.8733,17.8733,<LLOQ,2.0,,Pass
PLT-022,BATCH-05,2026-03-09,Analyst_A,ELISA_Reader_02,25,C1,C,1,STD_500,Standard,1,1,500.0,500.0,1.56517,491.7619,491.7619,N/A,3.39,100.77,Pass
PLT-022,BATCH-05,2026-03-09,Analyst_A,ELISA_Reader_02,26,C2,C,2,STD_500,Standard,2,1,500.0,500.0,1.59568,515.9346,515.9346,N/A,3.39,100.77,Pass
PLT-022,BATCH-05,2026-03-09,Analyst_A,ELISA_Reader_02,27,C3,C,3,QC_Mid,QC,1,1,300.0,300.0,1.22327,296.8731,296.8731,N/A,0.68,99.43,Pass
PLT-022,BATCH-05,2026-03-09,Analyst_A,ELISA_Reader_02,28,C4,C,4,QC_Mid,QC,2,1,300.0,300.0,1.22991,299.7221,299.7221,N/A,0.68,99.43,Pass
PLT-022,BATCH-05,2026-03-09,Analyst_A,ELISA_Reader_02,29,C5,C,5,SMP-0765,Unknown,1,1,,642.2627,1.74197,658.3602,658.3602,Quantifiable,0.47,,Pass
PLT-022,BATCH-05,2026-03-09,Analyst_A,ELISA_Reader_02,30,C6,C,6,SMP-0765,Unknown,2,1,,642.2627,1.73818,653.9765,653.9765,Quantifiable,0.47,,Pass
PLT-022,BATCH-05,2026-03-09,Analyst_A,ELISA_Reader_02,31,C7,C,7,SMP-0766,Unknown,1,5,,1141.9317,1.04483,229.1538,1145.769,Quantifiable,0.36,,Pass
PLT-022,BATCH-05,2026-03-09,Analyst_A,ELISA_Reader_02,32,C8,C,8,SMP-0766,Unknown,2,5,,1141.9317,1.04134,227.9782,1139.8912,Quantifiable,0.36,,Pass
PLT-022,BATCH-05,2026-03-09,Analyst_A,ELISA_Reader_02,33,C9,C,9,SMP-0767,Unknown,1,5,,11.6556,0.05877,2.7449,13.7245,<LLOQ,49.79,,Review
PLT-022,BATCH-05,2026-03-09,Analyst_A,ELISA_Reader_02,34,C10,C,10,SMP-0767,Unknown,2,5,,11.6556,0.0533,1.3153,6.5766,<LLOQ,49.79,,Review
PLT-022,BATCH-05,2026-03-09,Analyst_A,ELISA_Reader_02,35,C11,C,11,SMP-0768,Unknown,1,2,,18.9086,0.08116,7.7767,15.5535,<LLOQ,16.83,,Pass
PLT-022,BATCH-05,2026-03-09,Analyst_A,ELISA_Reader_02,36,C12,C,12,SMP-0768,Unknown,2,2,,18.9086,0.09131,9.8774,19.7547,<LLOQ,16.83,,Pass
PLT-022,BATCH-05,2026-03-09,Analyst_A,ELISA_Reader_02,37,D1,D,1,STD_250,Standard,1,1,250.0,250.0,1.09815,247.781,247.781,N/A,1.06,99.86,Pass
PLT-022,BATCH-05,2026-03-09,Analyst_A,ELISA_Reader_02,38,D2,D,2,STD_250,Standard,2,1,250.0,250.0,1.10843,251.5174,251.5174,N/A,1.06,99.86,Pass
PLT-022,BATCH-05,2026-03-09,Analyst_A,ELISA_Reader_02,39,D3,D,3,QC_High,QC,1,1,1200.0,1200.0,2.0455,1258.5536,1258.5536,N/A,6.79,100.07,Pass
PLT-022,BATCH-05,2026-03-09,Analyst_A,ELISA_Reader_02,40,D4,D,4,QC_High,QC,2,1,1200.0,1200.0,2.00869,1143.2296,1143.2296,N/A,6.79,100.07,Pass
PLT-022,BATCH-05,2026-03-09,Analyst_A,ELISA_Reader_02,41,D5,D,5,SMP-0769,Unknown,1,5,,22.9979,0.07094,5.574,27.8698,<LLOQ,17.34,,Pass
PLT-022,BATCH-05,2026-03-09,Analyst_A,ELISA_Reader_02,42,D6,D,6,SMP-0769,Unknown,2,5,,22.9979,0.06554,4.3564,21.782,<LLOQ,17.34,,Pass
PLT-022,BATCH-05,2026-03-09,Analyst_A,ELISA_Reader_02,43,D7,D,7,SMP-0770,Unknown,1,5,,209.3841,0.26222,41.9765,209.8823,Quantifiable,0.12,,Pass
PLT-022,BATCH-05,2026-03-09,Analyst_A,ELISA_Reader_02,44,D8,D,8,SMP-0770,Unknown,2,5,,209.3841,0.26184,41.9073,209.5367,Quantifiable,0.12,,Pass
PLT-022,BATCH-05,2026-03-09,Analyst_A,ELISA_Reader_02,45,D9,D,9,SMP-0771,Unknown,1,1,,208.1071,0.9558,200.5652,200.5652,Quantifiable,3.47,,Pass
PLT-022,BATCH-05,2026-03-09,Analyst_A,ELISA_Reader_02,46,D10,D,10,SMP-0771,Unknown,2,1,,208.1071,0.98829,210.6608,210.6608,Quantifiable,3.47,,Pass
PLT-022,BATCH-05,2026-03-09,Analyst_A,ELISA_Reader_02,47,D11,D,11,SMP-0772,Unknown,1,5,,513.5965,0.57995,104.6276,523.1379,Quantifiable,0.72,,Pass
PLT-022,BATCH-05,2026-03-09,Analyst_A,ELISA_Reader_02,48,D12,D,12,SMP-0772,Unknown,2,5,,513.5965,0.57507,103.5748,517.8742,Quantifiable,0.72,,Pass
PLT-022,BATCH-05,2026-03-09,Analyst_A,ELISA_Reader_02,49,E1,E,1,STD_125,Standard,1,1,125.0,125.0,0.67714,126.4535,126.4535,N/A,0.14,101.07,Pass
PLT-022,BATCH-05,2026-03-09,Analyst_A,ELISA_Reader_02,50,E2,E,2,STD_125,Standard,2,1,125.0,125.0,0.67611,126.2118,126.2118,N/A,0.14,101.07,Pass
PLT-022,BATCH-05,2026-03-09,Analyst_A,ELISA_Reader_02,51,E3,E,3,SMP-0773,Unknown,1,2,,1478.9609,1.80375,736.4748,1472.9495,Quantifiable,4.12,,Pass
PLT-022,BATCH-05,2026-03-09,Analyst_A,ELISA_Reader_02,52,E4,E,4,SMP-0773,Unknown,2,2,,1478.9609,1.77209,694.7617,1389.5233,Quantifiable,4.12,,Pass
PLT-022,BATCH-05,2026-03-09,Analyst_A,ELISA_Reader_02,53,E5,E,5,SMP-0774,Unknown,1,5,,1834.8799,1.38529,375.2068,1876.0338,Quantifiable,1.58,,Pass
PLT-022,BATCH-05,2026-03-09,Analyst_A,ELISA_Reader_02,54,E6,E,6,SMP-0774,Unknown,2,5,,1834.8799,1.40053,383.6706,1918.353,Quantifiable,1.58,,Pass
PLT-022,BATCH-05,2026-03-09,Analyst_A,ELISA_Reader_02,55,E7,E,7,SMP-0775,Unknown,1,1,,19.7229,0.15227,21.6756,21.6756,Quantifiable,3.96,,Pass
PLT-022,BATCH-05,2026-03-09,Analyst_A,ELISA_Reader_02,56,E8,E,8,SMP-0775,Unknown,2,1,,19.7229,0.14598,20.4954,20.4954,Quantifiable,3.96,,Pass
PLT-022,BATCH-05,2026-03-09,Analyst_A,ELISA_Reader_02,57,E9,E,9,SMP-0776,Unknown,1,1,,21.8786,0.15184,21.5946,21.5946,Quantifiable,1.79,,Pass
PLT-022,BATCH-05,2026-03-09,Analyst_A,ELISA_Reader_02,58,E10,E,10,SMP-0776,Unknown,2,1,,21.8786,0.14896,21.0552,21.0552,Quantifiable,1.79,,Pass
PLT-022,BATCH-05,2026-03-09,Analyst_A,ELISA_Reader_02,59,E11,E,11,SMP-0777,Unknown,1,5,,147.8057,0.19293,29.2238,146.119,Quantifiable,2.29,,Pass
PLT-022,BATCH-05,2026-03-09,Analyst_A,ELISA_Reader_02,60,E12,E,12,SMP-0777,Unknown,2,5,,147.8057,0.19815,30.1869,150.9346,Quantifiable,2.29,,Pass
PLT-022,BATCH-05,2026-03-09,Analyst_A,ELISA_Reader_02,61,F1,F,1,STD_62.5,Standard,1,1,62.5,62.5,0.37437,62.9827,62.9827,N/A,0.46,100.45,Pass
PLT-022,BATCH-05,2026-03-09,Analyst_A,ELISA_Reader_02,62,F2,F,2,STD_62.5,Standard,2,1,62.5,62.5,0.37225,62.5787,62.5787,N/A,0.46,100.45,Pass
PLT-022,BATCH-05,2026-03-09,Analyst_A,ELISA_Reader_02,63,F3,F,3,SMP-0778,Unknown,1,2,,13.8917,0.07317,6.0648,12.1296,<LLOQ,1.42,,Pass
PLT-022,BATCH-05,2026-03-09,Analyst_A,ELISA_Reader_02,64,F4,F,4,SMP-0778,Unknown,2,2,,13.8917,0.07374,6.1876,12.3752,<LLOQ,1.42,,Pass
PLT-022,BATCH-05,2026-03-09,Analyst_A,ELISA_Reader_02,65,F5,F,5,SMP-0779,Unknown,1,2,,507.6294,1.13039,259.6614,519.3229,Quantifiable,1.01,,Pass
PLT-022,BATCH-05,2026-03-09,Analyst_A,ELISA_Reader_02,66,F6,F,6,SMP-0779,Unknown,2,2,,507.6294,1.14021,263.3809,526.7617,Quantifiable,1.01,,Pass
PLT-022,BATCH-05,2026-03-09,Analyst_A,ELISA_Reader_02,67,F7,F,7,SMP-0780,Unknown,1,1,,28.9719,0.18279,27.3521,27.3521,Quantifiable,3.47,,Pass
PLT-022,BATCH-05,2026-03-09,Analyst_A,ELISA_Reader_02,68,F8,F,8,SMP-0780,Unknown,2,1,,28.9719,0.19023,28.7262,28.7262,Quantifiable,3.47,,Pass
PLT-022,BATCH-05,2026-03-09,Analyst_A,ELISA_Reader_02,69,F9,F,9,SMP-0781,Unknown,1,2,,229.5859,0.62282,114.0509,228.1017,Quantifiable,0.23,,Pass
PLT-022,BATCH-05,2026-03-09,Analyst_A,ELISA_Reader_02,70,F10,F,10,SMP-0781,Unknown,2,2,,229.5859,0.62118,113.685,227.37,Quantifiable,0.23,,Pass
PLT-022,BATCH-05,2026-03-09,Analyst_A,ELISA_Reader_02,71,F11,F,11,SMP-0782,Unknown,1,1,,23.457,0.16255,23.5956,23.5956,Quantifiable,4.26,,Pass
PLT-022,BATCH-05,2026-03-09,Analyst_A,ELISA_Reader_02,72,F12,F,12,SMP-0782,Unknown,2,1,,23.457,0.17042,25.0607,25.0607,Quantifiable,4.26,,Pass
PLT-022,BATCH-05,2026-03-09,Analyst_A,ELISA_Reader_02,73,G1,G,1,STD_31.25,Standard,1,1,31.25,31.25,0.21304,32.9259,32.9259,N/A,6.66,100.62,Pass
PLT-022,BATCH-05,2026-03-09,Analyst_A,ELISA_Reader_02,74,G2,G,2,STD_31.25,Standard,2,1,31.25,31.25,0.19694,29.9631,29.9631,N/A,6.66,100.62,Pass
PLT-022,BATCH-05,2026-03-09,Analyst_A,ELISA_Reader_02,75,G3,G,3,SMP-0783,Unknown,1,2,,1194.9737,1.69197,603.9303,1207.8607,Quantifiable,0.99,,Pass
PLT-022,BATCH-05,2026-03-09,Analyst_A,ELISA_Reader_02,76,G4,G,4,SMP-0783,Unknown,2,2,,1194.9737,1.68363,595.4949,1190.9898,Quantifiable,0.99,,Pass
PLT-022,BATCH-05,2026-03-09,Analyst_A,ELISA_Reader_02,77,G5,G,5,SMP-0784,Unknown,1,10,,86.7318,0.08538,8.6592,86.5915,<LLOQ,4.47,,Pass
PLT-022,BATCH-05,2026-03-09,Analyst_A,ELISA_Reader_02,78,G6,G,6,SMP-0784,Unknown,2,10,,86.7318,0.08284,8.1288,81.2883,<LLOQ,4.47,,Pass
PLT-022,BATCH-05,2026-03-09,Analyst_A,ELISA_Reader_02,79,G7,G,7,SMP-0785,Unknown,1,2,,52.4525,0.18775,28.2686,56.5373,Quantifiable,7.59,,Pass
PLT-022,BATCH-05,2026-03-09,Analyst_A,ELISA_Reader_02,80,G8,G,8,SMP-0785,Unknown,2,2,,52.4525,0.1722,25.3899,50.7798,Quantifiable,7.59,,Pass
PLT-022,BATCH-05,2026-03-09,Analyst_A,ELISA_Reader_02,81,G9,G,9,SMP-0786,Unknown,1,10,,99.4144,0.0994,11.5093,115.093,<LLOQ,16.65,,Pass
PLT-022,BATCH-05,2026-03-09,Analyst_A,ELISA_Reader_02,82,G10,G,10,SMP-0786,Unknown,2,10,,99.4144,0.08744,9.0853,90.8527,<LLOQ,16.65,,Pass
PLT-022,BATCH-05,2026-03-09,Analyst_A,ELISA_Reader_02,83,G11,G,11,SMP-0787,Unknown,1,2,,123.3241,0.3692,61.9954,123.9909,Quantifiable,0.44,,Pass
PLT-022,BATCH-05,2026-03-09,Analyst_A,ELISA_Reader_02,84,G12,G,12,SMP-0787,Unknown,2,2,,123.3241,0.36716,61.6074,123.2148,Quantifiable,0.44,,Pass
PLT-022,BATCH-05,2026-03-09,Analyst_A,ELISA_Reader_02,85,H1,H,1,STD_15.625,Standard,1,1,15.625,15.625,0.12036,15.6191,15.6191,N/A,4.02,102.89,Pass
PLT-022,BATCH-05,2026-03-09,Analyst_A,ELISA_Reader_02,86,H2,H,2,STD_15.625,Standard,2,1,15.625,15.625,0.12511,16.5325,16.5325,N/A,4.02,102.89,Pass
PLT-022,BATCH-05,2026-03-09,Analyst_A,ELISA_Reader_02,87,H3,H,3,SMP-0788,Unknown,1,2,,1849.8464,1.91677,923.5054,1847.0107,Quantifiable,2.36,,Pass
PLT-022,BATCH-05,2026-03-09,Analyst_A,ELISA_Reader_02,88,H4,H,4,SMP-0788,Unknown,2,2,,1849.8464,1.93206,954.8115,1909.623,Quantifiable,2.36,,Pass
PLT-022,BATCH-05,2026-03-09,Analyst_A,ELISA_Reader_02,89,H5,H,5,SMP-0789,Unknown,1,2,,2058.8006,1.95435,1003.7632,2007.5264,Quantifiable,1.74,,Pass
PLT-022,BATCH-05,2026-03-09,Analyst_A,ELISA_Reader_02,90,H6,H,6,SMP-0789,Unknown,2,2,,2058.8006,1.96502,1028.7533,2057.5067,Quantifiable,1.74,,Pass
PLT-022,BATCH-05,2026-03-09,Analyst_A,ELISA_Reader_02,91,H7,H,7,SMP-0790,Unknown,1,2,,86.2029,0.26821,43.0828,86.1655,Quantifiable,1.18,,Pass
PLT-022,BATCH-05,2026-03-09,Analyst_A,ELISA_Reader_02,92,H8,H,8,SMP-0790,Unknown,2,2,,86.2029,0.27213,43.8057,87.6113,Quantifiable,1.18,,Pass
PLT-022,BATCH-05,2026-03-09,Analyst_A,ELISA_Reader_02,93,H9,H,9,SMP-0791,Unknown,1,10,,308.7672,0.20909,32.2011,322.011,Quantifiable,4.22,,Pass
PLT-022,BATCH-05,2026-03-09,Analyst_A,ELISA_Reader_02,94,H10,H,10,SMP-0791,Unknown,2,10,,308.7672,0.19897,30.3369,303.3695,Quantifiable,4.22,,Pass
PLT-022,BATCH-05,2026-03-09,Analyst_A,ELISA_Reader_02,95,H11,H,11,SMP-0792,Unknown,1,2,,1103.5588,1.62502,540.7329,1081.4658,Quantifiable,2.92,,Pass
PLT-022,BATCH-05,2026-03-09,Analyst_A,ELISA_Reader_02,96,H12,H,12,SMP-0792,Unknown,2,2,,1103.5588,1.65039,563.5226,1127.0452,Quantifiable,2.92,,Pass
PLT-023,BATCH-05,2026-03-12,Analyst_B,ELISA_Reader_02,1,A1,A,1,STD_2000,Standard,1,1,2000.0,2000.0,2.2732,1806.7274,1806.7274,N/A,15.32,101.31,Pass
PLT-023,BATCH-05,2026-03-12,Analyst_B,ELISA_Reader_02,2,A2,A,2,STD_2000,Standard,2,1,2000.0,2000.0,2.32459,2245.6425,2245.6425,N/A,15.32,101.31,Pass
PLT-023,BATCH-05,2026-03-12,Analyst_B,ELISA_Reader_02,3,A3,A,3,BLANK,Blank,1,1,0.0,0.0,0.04427,0.0024,0.0024,N/A,141.09,,Pass
PLT-023,BATCH-05,2026-03-12,Analyst_B,ELISA_Reader_02,4,A4,A,4,BLANK,Blank,2,1,0.0,0.0,0.05194,2.0316,2.0316,N/A,141.09,,Pass
PLT-023,BATCH-05,2026-03-12,Analyst_B,ELISA_Reader_02,5,A5,A,5,SMP-0793,Unknown,1,5,,14.2354,0.05775,3.8751,19.3757,<LLOQ,3.63,,Pass
PLT-023,BATCH-05,2026-03-12,Analyst_B,ELISA_Reader_02,6,A6,A,6,SMP-0793,Unknown,2,5,,14.2354,0.05844,4.0794,20.3972,<LLOQ,3.63,,Pass
PLT-023,BATCH-05,2026-03-12,Analyst_B,ELISA_Reader_02,7,A7,A,7,SMP-0794,Unknown,1,1,,2241.6028,2.33499,2362.7356,2362.7356,>ULOQ,0.98,,Pass
PLT-023,BATCH-05,2026-03-12,Analyst_B,ELISA_Reader_02,8,A8,A,8,SMP-0794,Unknown,2,1,,2241.6028,2.33773,2395.7988,2395.7988,>ULOQ,0.98,,Pass
PLT-023,BATCH-05,2026-03-12,Analyst_B,ELISA_Reader_02,9,A9,A,9,SMP-0795,Unknown,1,1,,94.5272,0.53126,97.4281,97.4281,Quantifiable,0.03,,Pass
PLT-023,BATCH-05,2026-03-12,Analyst_B,ELISA_Reader_02,10,A10,A,10,SMP-0795,Unknown,2,1,,94.5272,0.5315,97.4755,97.4755,Quantifiable,0.03,,Pass
PLT-023,BATCH-05,2026-03-12,Analyst_B,ELISA_Reader_02,11,A11,A,11,SMP-0796,Unknown,1,1,,579.4861,1.78138,598.5222,598.5222,Quantifiable,3.21,,Pass
PLT-023,BATCH-05,2026-03-12,Analyst_B,ELISA_Reader_02,12,A12,A,12,SMP-0796,Unknown,2,1,,579.4861,1.75191,571.9381,571.9381,Quantifiable,3.21,,Pass
PLT-023,BATCH-05,2026-03-12,Analyst_B,ELISA_Reader_02,13,B1,B,1,STD_1000,Standard,1,1,1000.0,1000.0,2.04584,962.5457,962.5457,N/A,1.76,95.07,Pass
PLT-023,BATCH-05,2026-03-12,Analyst_B,ELISA_Reader_02,14,B2,B,2,STD_1000,Standard,2,1,1000.0,1000.0,2.03404,938.8743,938.8743,N/A,1.76,95.07,Pass
PLT-023,BATCH-05,2026-03-12,Analyst_B,ELISA_Reader_02,15,B3,B,3,QC_Low,QC,1,1,50.0,50.0,0.29344,51.9403,51.9403,N/A,3.12,106.23,Pass
PLT-023,BATCH-05,2026-03-12,Analyst_B,ELISA_Reader_02,16,B4,B,4,QC_Low,QC,2,1,50.0,50.0,0.30601,54.2868,54.2868,N/A,3.12,106.23,Pass
PLT-023,BATCH-05,2026-03-12,Analyst_B,ELISA_Reader_02,17,B5,B,5,SMP-0797,Unknown,1,1,,92.0729,0.52059,95.3038,95.3038,Quantifiable,2.56,,Pass
PLT-023,BATCH-05,2026-03-12,Analyst_B,ELISA_Reader_02,18,B6,B,6,SMP-0797,Unknown,2,1,,92.0729,0.50348,91.9186,91.9186,Quantifiable,2.56,,Pass
PLT-023,BATCH-05,2026-03-12,Analyst_B,ELISA_Reader_02,19,B7,B,7,SMP-0798,Unknown,1,2,,516.1225,1.18549,265.294,530.588,Quantifiable,0.8,,Pass
PLT-023,BATCH-05,2026-03-12,Analyst_B,ELISA_Reader_02,20,B8,B,8,SMP-0798,Unknown,2,2,,516.1225,1.17684,262.3199,524.6397,Quantifiable,0.8,,Pass
PLT-023,BATCH-05,2026-03-12,Analyst_B,ELISA_Reader_02,21,B9,B,9,SMP-0799,Unknown,1,1,,642.0095,1.80636,622.5457,622.5457,Quantifiable,5.03,,Pass
PLT-023,BATCH-05,2026-03-12,Analyst_B,ELISA_Reader_02,22,B10,B,10,SMP-0799,Unknown,2,1,,642.0095,1.85018,668.4667,668.4667,Quantifiable,5.03,,Pass
PLT-023,BATCH-05,2026-03-12,Analyst_B,ELISA_Reader_02,23,B11,B,11,SMP-0800,Unknown,1,2,,680.1173,1.37567,339.6188,679.2376,Quantifiable,1.92,,Pass
PLT-023,BATCH-05,2026-03-12,Analyst_B,ELISA_Reader_02,24,B12,B,12,SMP-0800,Unknown,2,2,,680.1173,1.39642,348.9494,697.8989,Quantifiable,1.92,,Pass
PLT-023,BATCH-05,2026-03-12,Analyst_B,ELISA_Reader_02,25,C1,C,1,STD_500,Standard,1,1,500.0,500.0,1.70947,536.6284,536.6284,N/A,2.27,105.63,Pass
PLT-023,BATCH-05,2026-03-12,Analyst_B,ELISA_Reader_02,26,C2,C,2,STD_500,Standard,2,1,500.0,500.0,1.68757,519.6376,519.6376,N/A,2.27,105.63,Pass
PLT-023,BATCH-05,2026-03-12,Analyst_B,ELISA_Reader_02,27,C3,C,3,QC_Mid,QC,1,1,300.0,300.0,1.28191,300.6727,300.6727,N/A,1.38,101.21,Pass
PLT-023,BATCH-05,2026-03-12,Analyst_B,ELISA_Reader_02,28,C4,C,4,QC_Mid,QC,2,1,300.0,300.0,1.29693,306.5846,306.5846,N/A,1.38,101.21,Pass
PLT-023,BATCH-05,2026-03-12,Analyst_B,ELISA_Reader_02,29,C5,C,5,SMP-0801,Unknown,1,1,,667.2764,1.88188,705.1194,705.1194,Quantifiable,1.56,,Pass
PLT-023,BATCH-05,2026-03-12,Analyst_B,ELISA_Reader_02,30,C6,C,6,SMP-0801,Unknown,2,1,,667.2764,1.86887,689.7011,689.7011,Quantifiable,1.56,,Pass
PLT-023,BATCH-05,2026-03-12,Analyst_B,ELISA_Reader_02,31,C7,C,7,SMP-0802,Unknown,1,1,,183.1294,0.93712,190.0819,190.0819,Quantifiable,0.16,,Pass
PLT-023,BATCH-05,2026-03-12,Analyst_B,ELISA_Reader_02,32,C8,C,8,SMP-0802,Unknown,2,1,,183.1294,0.93554,189.6592,189.6592,Quantifiable,0.16,,Pass
PLT-023,BATCH-05,2026-03-12,Analyst_B,ELISA_Reader_02,33,C9,C,9,SMP-0803,Unknown,1,1,,82.0862,0.46749,84.8818,84.8818,Quantifiable,2.54,,Pass
PLT-023,BATCH-05,2026-03-12,Analyst_B,ELISA_Reader_02,34,C10,C,10,SMP-0803,Unknown,2,1,,82.0862,0.48344,87.9872,87.9872,Quantifiable,2.54,,Pass
PLT-023,BATCH-05,2026-03-12,Analyst_B,ELISA_Reader_02,35,C11,C,11,SMP-0804,Unknown,1,10,,561.2426,0.34471,61.5254,615.254,Quantifiable,4.06,,Pass
PLT-023,BATCH-05,2026-03-12,Analyst_B,ELISA_Reader_02,36,C12,C,12,SMP-0804,Unknown,2,10,,561.2426,0.32636,58.0909,580.9088,Quantifiable,4.06,,Pass
PLT-023,BATCH-05,2026-03-12,Analyst_B,ELISA_Reader_02,37,D1,D,1,STD_250,Standard,1,1,250.0,250.0,1.16402,257.9631,257.9631,N/A,0.24,103.36,Pass
PLT-023,BATCH-05,2026-03-12,Analyst_B,ELISA_Reader_02,38,D2,D,2,STD_250,Standard,2,1,250.0,250.0,1.1666,258.8345,258.8345,N/A,0.24,103.36,Pass
PLT-023,BATCH-05,2026-03-12,Analyst_B,ELISA_Reader_02,39,D3,D,3,QC_High,QC,1,1,1200.0,1200.0,2.18486,1353.0791,1353.0791,N/A,2.17,111.06,Pass
PLT-023,BATCH-05,2026-03-12,Analyst_B,ELISA_Reader_02,40,D4,D,4,QC_High,QC,2,1,1200.0,1200.0,2.17399,1312.2662,1312.2662,N/A,2.17,111.06,Pass
PLT-023,BATCH-05,2026-03-12,Analyst_B,ELISA_Reader_02,41,D5,D,5,SMP-0805,Unknown,1,2,,59.9627,0.21084,36.427,72.854,Quantifiable,2.31,,Pass
PLT-023,BATCH-05,2026-03-12,Analyst_B,ELISA_Reader_02,42,D6,D,6,SMP-0805,Unknown,2,2,,59.9627,0.21721,37.6355,75.271,Quantifiable,2.31,,Pass
PLT-023,BATCH-05,2026-03-12,Analyst_B,ELISA_Reader_02,43,D7,D,7,SMP-0806,Unknown,1,1,,430.493,1.60069,459.1449,459.1449,Quantifiable,1.51,,Pass
PLT-023,BATCH-05,2026-03-12,Analyst_B,ELISA_Reader_02,44,D8,D,8,SMP-0806,Unknown,2,1,,430.493,1.58527,449.4204,449.4204,Quantifiable,1.51,,Pass
PLT-023,BATCH-05,2026-03-12,Analyst_B,ELISA_Reader_02,45,D9,D,9,SMP-0807,Unknown,1,1,,28.6909,0.19728,33.8422,33.8422,Quantifiable,3.18,,Pass
PLT-023,BATCH-05,2026-03-12,Analyst_B,ELISA_Reader_02,46,D10,D,10,SMP-0807,Unknown,2,1,,28.6909,0.20545,35.4014,35.4014,Quantifiable,3.18,,Pass
PLT-023,BATCH-05,2026-03-12,Analyst_B,ELISA_Reader_02,47,D11,D,11,SMP-0808,Unknown,1,5,,45.0534,0.10716,15.7964,78.9822,<LLOQ,4.73,,Pass
PLT-023,BATCH-05,2026-03-12,Analyst_B,ELISA_Reader_02,48,D12,D,12,SMP-0808,Unknown,2,5,,45.0534,0.11227,16.89,84.4498,<LLOQ,4.73,,Pass
PLT-023,BATCH-05,2026-03-12,Analyst_B,ELISA_Reader_02,49,E1,E,1,STD_125,Standard,1,1,125.0,125.0,0.69476,131.6001,131.6001,N/A,1.06,104.5,Pass
PLT-023,BATCH-05,2026-03-12,Analyst_B,ELISA_Reader_02,50,E2,E,2,STD_125,Standard,2,1,125.0,125.0,0.6858,129.6378,129.6378,N/A,1.06,104.5,Pass
PLT-023,BATCH-05,2026-03-12,Analyst_B,ELISA_Reader_02,51,E3,E,3,SMP-0809,Unknown,1,10,,24.2856,0.08649,11.1983,111.9834,<LLOQ,7.27,,Pass
PLT-023,BATCH-05,2026-03-12,Analyst_B,ELISA_Reader_02,52,E4,E,4,SMP-0809,Unknown,2,10,,24.2856,0.0918,12.4128,124.1278,<LLOQ,7.27,,Pass
PLT-023,BATCH-05,2026-03-12,Analyst_B,ELISA_Reader_02,53,E5,E,5,SMP-0810,Unknown,1,2,,2536.2778,2.2461,1638.5067,3277.0134,Quantifiable,5.99,,Pass
PLT-023,BATCH-05,2026-03-12,Analyst_B,ELISA_Reader_02,54,E6,E,6,SMP-0810,Unknown,2,2,,2536.2778,2.22036,1505.3197,3010.6394,Quantifiable,5.99,,Pass
PLT-023,BATCH-05,2026-03-12,Analyst_B,ELISA_Reader_02,55,E7,E,7,SMP-0811,Unknown,1,2,,2299.0257,2.1367,1188.5469,2377.0937,Quantifiable,4.98,,Pass
PLT-023,BATCH-05,2026-03-12,Analyst_B,ELISA_Reader_02,56,E8,E,8,SMP-0811,Unknown,2,2,,2299.0257,2.10815,1107.7653,2215.5306,Quantifiable,4.98,,Pass
PLT-023,BATCH-05,2026-03-12,Analyst_B,ELISA_Reader_02,57,E9,E,9,SMP-0812,Unknown,1,5,,193.6464,0.26948,47.4631,237.3154,Quantifiable,0.0,,Pass
PLT-023,BATCH-05,2026-03-12,Analyst_B,ELISA_Reader_02,58,E10,E,10,SMP-0812,Unknown,2,5,,193.6464,0.26947,47.4611,237.3057,Quantifiable,0.0,,Pass
PLT-023,BATCH-05,2026-03-12,Analyst_B,ELISA_Reader_02,59,E11,E,11,SMP-0813,Unknown,1,1,,409.9068,1.56204,435.277,435.277,Quantifiable,1.7,,Pass
PLT-023,BATCH-05,2026-03-12,Analyst_B,ELISA_Reader_02,60,E12,E,12,SMP-0813,Unknown,2,1,,409.9068,1.5444,424.9181,424.9181,Quantifiable,1.7,,Pass
PLT-023,BATCH-05,2026-03-12,Analyst_B,ELISA_Reader_02,61,F1,F,1,STD_62.5,Standard,1,1,62.5,62.5,0.38893,69.8461,69.8461,N/A,2.09,113.43,Pass
PLT-023,BATCH-05,2026-03-12,Analyst_B,ELISA_Reader_02,62,F2,F,2,STD_62.5,Standard,2,1,62.5,62.5,0.40001,71.9459,71.9459,N/A,2.09,113.43,Pass
PLT-023,BATCH-05,2026-03-12,Analyst_B,ELISA_Reader_02,63,F3,F,3,SMP-0814,Unknown,1,2,,26.8786,0.14089,22.8042,45.6085,Quantifiable,3.66,,Pass
PLT-023,BATCH-05,2026-03-12,Analyst_B,ELISA_Reader_02,64,F4,F,4,SMP-0814,Unknown,2,2,,26.8786,0.14692,24.015,48.0299,Quantifiable,3.66,,Pass
PLT-023,BATCH-05,2026-03-12,Analyst_B,ELISA_Reader_02,65,F5,F,5,SMP-0815,Unknown,1,5,,18.6589,0.10384,15.0789,75.3944,<LLOQ,0.97,,Pass
PLT-023,BATCH-05,2026-03-12,Analyst_B,ELISA_Reader_02,66,F6,F,6,SMP-0815,Unknown,2,5,,18.6589,0.1048,15.2869,76.4346,<LLOQ,0.97,,Pass
PLT-023,BATCH-05,2026-03-12,Analyst_B,ELISA_Reader_02,67,F7,F,7,SMP-0816,Unknown,1,1,,9.0991,0.12484,19.5254,19.5254,<LLOQ,0.38,,Pass
PLT-023,BATCH-05,2026-03-12,Analyst_B,ELISA_Reader_02,68,F8,F,8,SMP-0816,Unknown,2,1,,9.0991,0.12433,19.4212,19.4212,<LLOQ,0.38,,Pass
PLT-023,BATCH-05,2026-03-12,Analyst_B,ELISA_Reader_02,69,F9,F,9,SMP-0817,Unknown,1,5,,202.4049,0.28647,50.639,253.1951,Quantifiable,0.29,,Pass
PLT-023,BATCH-05,2026-03-12,Analyst_B,ELISA_Reader_02,70,F10,F,10,SMP-0817,Unknown,2,5,,202.4049,0.28759,50.8469,254.2343,Quantifiable,0.29,,Pass
PLT-023,BATCH-05,2026-03-12,Analyst_B,ELISA_Reader_02,71,F11,F,11,SMP-0818,Unknown,1,5,,482.0005,0.58891,109.1099,545.5496,Quantifiable,1.52,,Pass
PLT-023,BATCH-05,2026-03-12,Analyst_B,ELISA_Reader_02,72,F12,F,12,SMP-0818,Unknown,2,5,,482.0005,0.57761,106.7909,533.9547,Quantifiable,1.52,,Pass
PLT-023,BATCH-05,2026-03-12,Analyst_B,ELISA_Reader_02,73,G1,G,1,STD_31.25,Standard,1,1,31.25,31.25,0.23367,40.7456,40.7456,N/A,3.04,133.25,Review
PLT-023,BATCH-05,2026-03-12,Analyst_B,ELISA_Reader_02,74,G2,G,2,STD_31.25,Standard,2,1,31.25,31.25,0.2432,42.5383,42.5383,N/A,3.04,133.25,Review
PLT-023,BATCH-05,2026-03-12,Analyst_B,ELISA_Reader_02,75,G3,G,3,SMP-0819,Unknown,1,10,,19.1164,0.11179,16.7877,167.8768,<LLOQ,6.92,,Pass
PLT-023,BATCH-05,2026-03-12,Analyst_B,ELISA_Reader_02,76,G4,G,4,SMP-0819,Unknown,2,10,,19.1164,0.1045,15.2224,152.2243,<LLOQ,6.92,,Pass
PLT-023,BATCH-05,2026-03-12,Analyst_B,ELISA_Reader_02,77,G5,G,5,SMP-0820,Unknown,1,5,,1146.0264,1.1312,247.1041,1235.5207,Quantifiable,0.92,,Pass
PLT-023,BATCH-05,2026-03-12,Analyst_B,ELISA_Reader_02,78,G6,G,6,SMP-0820,Unknown,2,5,,1146.0264,1.14106,250.3232,1251.6158,Quantifiable,0.92,,Pass
PLT-023,BATCH-05,2026-03-12,Analyst_B,ELISA_Reader_02,79,G7,G,7,SMP-0821,Unknown,1,2,,30.2025,0.16548,27.6893,55.3785,Quantifiable,1.31,,Pass
PLT-023,BATCH-05,2026-03-12,Analyst_B,ELISA_Reader_02,80,G8,G,8,SMP-0821,Unknown,2,2,,30.2025,0.16289,27.1808,54.3617,Quantifiable,1.31,,Pass
PLT-023,BATCH-05,2026-03-12,Analyst_B,ELISA_Reader_02,81,G9,G,9,SMP-0822,Unknown,1,1,,61.8347,0.39989,71.9234,71.9234,Quantifiable,1.8,,Pass
PLT-023,BATCH-05,2026-03-12,Analyst_B,ELISA_Reader_02,82,G10,G,10,SMP-0822,Unknown,2,1,,61.8347,0.39037,70.1195,70.1195,Quantifiable,1.8,,Pass
PLT-023,BATCH-05,2026-03-12,Analyst_B,ELISA_Reader_02,83,G11,G,11,SMP-0823,Unknown,1,2,,440.4239,1.11599,242.2062,484.4124,Quantifiable,3.2,,Pass
PLT-023,BATCH-05,2026-03-12,Analyst_B,ELISA_Reader_02,84,G12,G,12,SMP-0823,Unknown,2,2,,440.4239,1.08179,231.4865,462.973,Quantifiable,3.2,,Pass
PLT-023,BATCH-05,2026-03-12,Analyst_B,ELISA_Reader_02,85,H1,H,1,STD_15.625,Standard,1,1,15.625,15.625,0.17542,29.6275,29.6275,N/A,0.28,190.0,Review
PLT-023,BATCH-05,2026-03-12,Analyst_B,ELISA_Reader_02,86,H2,H,2,STD_15.625,Standard,2,1,15.625,15.625,0.17603,29.7463,29.7463,N/A,0.28,190.0,Review
PLT-023,BATCH-05,2026-03-12,Analyst_B,ELISA_Reader_02,87,H3,H,3,SMP-0824,Unknown,1,10,,38.8127,0.11702,17.8952,178.9516,<LLOQ,3.2,,Pass
PLT-023,BATCH-05,2026-03-12,Analyst_B,ELISA_Reader_02,88,H4,H,4,SMP-0824,Unknown,2,10,,38.8127,0.12098,18.7239,187.2391,<LLOQ,3.2,,Pass
PLT-023,BATCH-05,2026-03-12,Analyst_B,ELISA_Reader_02,89,H5,H,5,SMP-0825,Unknown,1,1,,136.2705,0.77102,148.8164,148.8164,Quantifiable,0.21,,Pass
PLT-023,BATCH-05,2026-03-12,Analyst_B,ELISA_Reader_02,90,H6,H,6,SMP-0825,Unknown,2,1,,136.2705,0.76909,148.3691,148.3691,Quantifiable,0.21,,Pass
PLT-023,BATCH-05,2026-03-12,Analyst_B,ELISA_Reader_02,91,H7,H,7,SMP-0826,Unknown,1,2,,1991.3306,2.13933,1196.5386,2393.0773,Quantifiable,1.37,,Pass
PLT-023,BATCH-05,2026-03-12,Analyst_B,ELISA_Reader_02,92,H8,H,8,SMP-0826,Unknown,2,2,,1991.3306,2.14682,1219.8728,2439.7456,Quantifiable,1.37,,Pass
PLT-023,BATCH-05,2026-03-12,Analyst_B,ELISA_Reader_02,93,H9,H,9,SMP-0827,Unknown,1,1,,256.8722,1.26499,294.1504,294.1504,Quantifiable,5.96,,Pass
PLT-023,BATCH-05,2026-03-12,Analyst_B,ELISA_Reader_02,94,H10,H,10,SMP-0827,Unknown,2,1,,256.8722,1.20001,270.3564,270.3564,Quantifiable,5.96,,Pass
PLT-023,BATCH-05,2026-03-12,Analyst_B,ELISA_Reader_02,95,H11,H,11,SMP-0828,Unknown,1,1,,215.0923,1.09767,236.4134,236.4134,Quantifiable,1.01,,Pass
PLT-023,BATCH-05,2026-03-12,Analyst_B,ELISA_Reader_02,96,H12,H,12,SMP-0828,Unknown,2,1,,215.0923,1.08695,233.0769,233.0769,Quantifiable,1.01,,Pass
PLT-024,BATCH-05,2026-03-15,Analyst_C,ELISA_Reader_01,1,A1,A,1,STD_2000,Standard,1,1,2000.0,2000.0,2.21792,2022.8845,2022.8845,N/A,2.94,103.29,Pass
PLT-024,BATCH-05,2026-03-15,Analyst_C,ELISA_Reader_01,2,A2,A,2,STD_2000,Standard,2,1,2000.0,2000.0,2.22798,2108.6931,2108.6931,N/A,2.94,103.29,Pass
PLT-024,BATCH-05,2026-03-15,Analyst_C,ELISA_Reader_01,3,A3,A,3,BLANK,Blank,1,1,0.0,0.0,0.05879,3.0056,3.0056,N/A,141.25,,Pass
PLT-024,BATCH-05,2026-03-15,Analyst_C,ELISA_Reader_01,4,A4,A,4,BLANK,Blank,2,1,0.0,0.0,0.04271,0.0018,0.0018,N/A,141.25,,Pass
PLT-024,BATCH-05,2026-03-15,Analyst_C,ELISA_Reader_01,5,A5,A,5,SMP-0829,Unknown,1,1,,492.7046,1.58553,506.497,506.497,Quantifiable,2.44,,Pass
PLT-024,BATCH-05,2026-03-15,Analyst_C,ELISA_Reader_01,6,A6,A,6,SMP-0829,Unknown,2,1,,492.7046,1.56228,489.3068,489.3068,Quantifiable,2.44,,Pass
PLT-024,BATCH-05,2026-03-15,Analyst_C,ELISA_Reader_01,7,A7,A,7,SMP-0830,Unknown,1,1,,33.2942,0.2011,34.1839,34.1839,Quantifiable,1.1,,Pass
PLT-024,BATCH-05,2026-03-15,Analyst_C,ELISA_Reader_01,8,A8,A,8,SMP-0830,Unknown,2,1,,33.2942,0.19845,33.6583,33.6583,Quantifiable,1.1,,Pass
PLT-024,BATCH-05,2026-03-15,Analyst_C,ELISA_Reader_01,9,A9,A,9,SMP-0831,Unknown,1,2,,157.0457,0.423,78.325,156.65,Quantifiable,0.87,,Pass
PLT-024,BATCH-05,2026-03-15,Analyst_C,ELISA_Reader_01,10,A10,A,10,SMP-0831,Unknown,2,2,,157.0457,0.41832,77.3677,154.7355,Quantifiable,0.87,,Pass
PLT-024,BATCH-05,2026-03-15,Analyst_C,ELISA_Reader_01,11,A11,A,11,SMP-0832,Unknown,1,1,,2450.3289,2.27632,2650.1307,2650.1307,>ULOQ,3.52,,Pass
PLT-024,BATCH-05,2026-03-15,Analyst_C,ELISA_Reader_01,12,A12,A,12,SMP-0832,Unknown,2,1,,2450.3289,2.26673,2521.3181,2521.3181,>ULOQ,3.52,,Pass
PLT-024,BATCH-05,2026-03-15,Analyst_C,ELISA_Reader_01,13,B1,B,1,STD_1000,Standard,1,1,1000.0,1000.0,1.95676,964.8745,964.8745,N/A,0.62,96.91,Pass
PLT-024,BATCH-05,2026-03-15,Analyst_C,ELISA_Reader_01,14,B2,B,2,STD_1000,Standard,2,1,1000.0,1000.0,1.96088,973.3769,973.3769,N/A,0.62,96.91,Pass
PLT-024,BATCH-05,2026-03-15,Analyst_C,ELISA_Reader_01,15,B3,B,3,QC_Low,QC,1,1,50.0,50.0,0.2872,51.1696,51.1696,N/A,1.82,101.04,Pass
PLT-024,BATCH-05,2026-03-15,Analyst_C,ELISA_Reader_01,16,B4,B,4,QC_Low,QC,2,1,50.0,50.0,0.2806,49.87,49.87,N/A,1.82,101.04,Pass
PLT-024,BATCH-05,2026-03-15,Analyst_C,ELISA_Reader_01,17,B5,B,5,SMP-0833,Unknown,1,10,,12.9062,0.05988,3.3279,33.2787,<LLOQ,131.82,,Review
PLT-024,BATCH-05,2026-03-15,Analyst_C,ELISA_Reader_01,18,B6,B,6,SMP-0833,Unknown,2,10,,12.9062,0.05066,0.1169,1.1692,<LLOQ,131.82,,Review
PLT-024,BATCH-05,2026-03-15,Analyst_C,ELISA_Reader_01,19,B7,B,7,SMP-0834,Unknown,1,1,,967.4059,1.94547,942.2068,942.2068,Quantifiable,6.33,,Pass
PLT-024,BATCH-05,2026-03-15,Analyst_C,ELISA_Reader_01,20,B8,B,8,SMP-0834,Unknown,2,1,,967.4059,1.98703,1030.5449,1030.5449,Quantifiable,6.33,,Pass
PLT-024,BATCH-05,2026-03-15,Analyst_C,ELISA_Reader_01,21,B9,B,9,SMP-0835,Unknown,1,2,,366.7238,0.86657,182.7976,365.5951,Quantifiable,0.59,,Pass
PLT-024,BATCH-05,2026-03-15,Analyst_C,ELISA_Reader_01,22,B10,B,10,SMP-0835,Unknown,2,2,,366.7238,0.87207,184.3371,368.6742,Quantifiable,0.59,,Pass
PLT-024,BATCH-05,2026-03-15,Analyst_C,ELISA_Reader_01,23,B11,B,11,SMP-0836,Unknown,1,2,,296.7129,0.75603,153.4233,306.8465,Quantifiable,3.78,,Pass
PLT-024,BATCH-05,2026-03-15,Analyst_C,ELISA_Reader_01,24,B12,B,12,SMP-0836,Unknown,2,2,,296.7129,0.72408,145.4369,290.8738,Quantifiable,3.78,,Pass
PLT-024,BATCH-05,2026-03-15,Analyst_C,ELISA_Reader_01,25,C1,C,1,STD_500,Standard,1,1,500.0,500.0,1.58836,508.6464,508.6464,N/A,0.92,101.07,Pass
PLT-024,BATCH-05,2026-03-15,Analyst_C,ELISA_Reader_01,26,C2,C,2,STD_500,Standard,2,1,500.0,500.0,1.57963,502.0595,502.0595,N/A,0.92,101.07,Pass
PLT-024,BATCH-05,2026-03-15,Analyst_C,ELISA_Reader_01,27,C3,C,3,QC_Mid,QC,1,1,300.0,300.0,1.22765,305.7873,305.7873,N/A,0.64,101.47,Pass
PLT-024,BATCH-05,2026-03-15,Analyst_C,ELISA_Reader_01,28,C4,C,4,QC_Mid,QC,2,1,300.0,300.0,1.22104,303.0208,303.0208,N/A,0.64,101.47,Pass
PLT-024,BATCH-05,2026-03-15,Analyst_C,ELISA_Reader_01,29,C5,C,5,SMP-0837,Unknown,1,2,,2573.4812,2.08729,1317.8954,2635.7909,Quantifiable,7.69,,Pass
PLT-024,BATCH-05,2026-03-15,Analyst_C,ELISA_Reader_01,30,C6,C,6,SMP-0837,Unknown,2,2,,2573.4812,2.04534,1181.8925,2363.7851,Quantifiable,7.69,,Pass
PLT-024,BATCH-05,2026-03-15,Analyst_C,ELISA_Reader_01,31,C7,C,7,SMP-0838,Unknown,1,1,,25.2566,0.14798,23.463,23.463,Quantifiable,4.27,,Pass
PLT-024,BATCH-05,2026-03-15,Analyst_C,ELISA_Reader_01,32,C8,C,8,SMP-0838,Unknown,2,1,,25.2566,0.15509,24.9237,24.9237,Quantifiable,4.27,,Pass
PLT-024,BATCH-05,2026-03-15,Analyst_C,ELISA_Reader_01,33,C9,C,9,SMP-0839,Unknown,1,1,,178.8305,0.8507,178.4008,178.4008,Quantifiable,0.11,,Pass
PLT-024,BATCH-05,2026-03-15,Analyst_C,ELISA_Reader_01,34,C10,C,10,SMP-0839,Unknown,2,1,,178.8305,0.84966,178.1139,178.1139,Quantifiable,0.11,,Pass
PLT-024,BATCH-05,2026-03-15,Analyst_C,ELISA_Reader_01,35,C11,C,11,SMP-0840,Unknown,1,1,,1806.5075,2.22067,2045.6928,2045.6928,>ULOQ,4.81,,Pass
PLT-024,BATCH-05,2026-03-15,Analyst_C,ELISA_Reader_01,36,C12,C,12,SMP-0840,Unknown,2,1,,1806.5075,2.23675,2189.7762,2189.7762,>ULOQ,4.81,,Pass
PLT-024,BATCH-05,2026-03-15,Analyst_C,ELISA_Reader_01,37,D1,D,1,STD_250,Standard,1,1,250.0,250.0,1.07963,249.165,249.165,N/A,0.83,99.09,Pass
PLT-024,BATCH-05,2026-03-15,Analyst_C,ELISA_Reader_01,38,D2,D,2,STD_250,Standard,2,1,250.0,250.0,1.07129,246.2714,246.2714,N/A,0.83,99.09,Pass
PLT-024,BATCH-05,2026-03-15,Analyst_C,ELISA_Reader_01,39,D3,D,3,QC_High,QC,1,1,1200.0,1200.0,2.0351,1152.5059,1152.5059,N/A,9.06,102.62,Pass
PLT-024,BATCH-05,2026-03-15,Analyst_C,ELISA_Reader_01,40,D4,D,4,QC_High,QC,2,1,1200.0,1200.0,2.08517,1310.3488,1310.3488,N/A,9.06,102.62,Pass
PLT-024,BATCH-05,2026-03-15,Analyst_C,ELISA_Reader_01,41,D5,D,5,SMP-0841,Unknown,1,1,,17.3945,0.11046,15.5372,15.5372,<LLOQ,0.57,,Pass
PLT-024,BATCH-05,2026-03-15,Analyst_C,ELISA_Reader_01,42,D6,D,6,SMP-0841,Unknown,2,1,,17.3945,0.11104,15.6622,15.6622,<LLOQ,0.57,,Pass
PLT-024,BATCH-05,2026-03-15,Analyst_C,ELISA_Reader_01,43,D7,D,7,SMP-0842,Unknown,1,2,,155.6986,0.42517,78.768,157.536,Quantifiable,0.46,,Pass
PLT-024,BATCH-05,2026-03-15,Analyst_C,ELISA_Reader_01,44,D8,D,8,SMP-0842,Unknown,2,2,,155.6986,0.42767,79.2789,158.5579,Quantifiable,0.46,,Pass
PLT-024,BATCH-05,2026-03-15,Analyst_C,ELISA_Reader_01,45,D9,D,9,SMP-0843,Unknown,1,1,,10.0279,0.08673,10.1888,10.1888,<LLOQ,16.84,,Pass
PLT-024,BATCH-05,2026-03-15,Analyst_C,ELISA_Reader_01,46,D10,D,10,SMP-0843,Unknown,2,1,,10.0279,0.09875,12.944,12.944,<LLOQ,16.84,,Pass
PLT-024,BATCH-05,2026-03-15,Analyst_C,ELISA_Reader_01,47,D11,D,11,SMP-0844,Unknown,1,5,,2012.6816,1.40416,390.1595,1950.7976,Quantifiable,0.86,,Pass
PLT-024,BATCH-05,2026-03-15,Analyst_C,ELISA_Reader_01,48,D12,D,12,SMP-0844,Unknown,2,5,,2012.6816,1.41281,394.9117,1974.5583,Quantifiable,0.86,,Pass
PLT-024,BATCH-05,2026-03-15,Analyst_C,ELISA_Reader_01,49,E1,E,1,STD_125,Standard,1,1,125.0,125.0,0.63353,123.8477,123.8477,N/A,1.87,100.4,Pass
PLT-024,BATCH-05,2026-03-15,Analyst_C,ELISA_Reader_01,50,E2,E,2,STD_125,Standard,2,1,125.0,125.0,0.64784,127.1645,127.1645,N/A,1.87,100.4,Pass
PLT-024,BATCH-05,2026-03-15,Analyst_C,ELISA_Reader_01,51,E3,E,3,SMP-0845,Unknown,1,1,,787.6415,1.87086,812.6078,812.6078,Quantifiable,3.31,,Pass
PLT-024,BATCH-05,2026-03-15,Analyst_C,ELISA_Reader_01,52,E4,E,4,SMP-0845,Unknown,2,1,,787.6415,1.84569,775.4201,775.4201,Quantifiable,3.31,,Pass
PLT-024,BATCH-05,2026-03-15,Analyst_C,ELISA_Reader_01,53,E5,E,5,SMP-0846,Unknown,1,2,,83.8875,0.23639,41.1683,82.3366,Quantifiable,2.53,,Pass
PLT-024,BATCH-05,2026-03-15,Analyst_C,ELISA_Reader_01,54,E6,E,6,SMP-0846,Unknown,2,2,,83.8875,0.244,42.6663,85.3325,Quantifiable,2.53,,Pass
PLT-024,BATCH-05,2026-03-15,Analyst_C,ELISA_Reader_01,55,E7,E,7,SMP-0847,Unknown,1,2,,17.782,0.0813,8.8999,17.7997,<LLOQ,5.91,,Pass
PLT-024,BATCH-05,2026-03-15,Analyst_C,ELISA_Reader_01,56,E8,E,8,SMP-0847,Unknown,2,2,,17.782,0.07835,8.1862,16.3725,<LLOQ,5.91,,Pass
PLT-024,BATCH-05,2026-03-15,Analyst_C,ELISA_Reader_01,57,E9,E,9,SMP-0848,Unknown,1,1,,201.5659,0.95027,207.1329,207.1329,Quantifiable,2.75,,Pass
PLT-024,BATCH-05,2026-03-15,Analyst_C,ELISA_Reader_01,58,E10,E,10,SMP-0848,Unknown,2,1,,201.5659,0.92389,199.2444,199.2444,Quantifiable,2.75,,Pass
PLT-024,BATCH-05,2026-03-15,Analyst_C,ELISA_Reader_01,59,E11,E,11,SMP-0849,Unknown,1,1,,9.8753,0.09089,11.1551,11.1551,<LLOQ,4.76,,Pass
PLT-024,BATCH-05,2026-03-15,Analyst_C,ELISA_Reader_01,60,E12,E,12,SMP-0849,Unknown,2,1,,9.8753,0.09428,11.932,11.932,<LLOQ,4.76,,Pass
PLT-024,BATCH-05,2026-03-15,Analyst_C,ELISA_Reader_01,61,F1,F,1,STD_62.5,Standard,1,1,62.5,62.5,0.35609,64.8151,64.8151,N/A,2.08,102.2,Pass
PLT-024,BATCH-05,2026-03-15,Analyst_C,ELISA_Reader_01,62,F2,F,2,STD_62.5,Standard,2,1,62.5,62.5,0.34667,62.9376,62.9376,N/A,2.08,102.2,Pass
PLT-024,BATCH-05,2026-03-15,Analyst_C,ELISA_Reader_01,63,F3,F,3,SMP-0850,Unknown,1,1,,16.1831,0.11609,16.7571,16.7571,<LLOQ,4.99,,Pass
PLT-024,BATCH-05,2026-03-15,Analyst_C,ELISA_Reader_01,64,F4,F,4,SMP-0850,Unknown,2,1,,16.1831,0.11082,15.6156,15.6156,<LLOQ,4.99,,Pass
PLT-024,BATCH-05,2026-03-15,Analyst_C,ELISA_Reader_01,65,F5,F,5,SMP-0851,Unknown,1,5,,139.0139,0.17723,29.4125,147.0627,Quantifiable,4.45,,Pass
PLT-024,BATCH-05,2026-03-15,Analyst_C,ELISA_Reader_01,66,F6,F,6,SMP-0851,Unknown,2,5,,139.0139,0.16835,27.6197,138.0985,Quantifiable,4.45,,Pass
PLT-024,BATCH-05,2026-03-15,Analyst_C,ELISA_Reader_01,67,F7,F,7,SMP-0852,Unknown,1,1,,932.5086,1.95289,957.0005,957.0005,Quantifiable,1.93,,Pass
PLT-024,BATCH-05,2026-03-15,Analyst_C,ELISA_Reader_01,68,F8,F,8,SMP-0852,Unknown,2,1,,932.5086,1.96568,983.4454,983.4454,Quantifiable,1.93,,Pass
PLT-024,BATCH-05,2026-03-15,Analyst_C,ELISA_Reader_01,69,F9,F,9,SMP-0853,Unknown,1,5,,418.1766,0.45292,84.481,422.4048,Quantifiable,0.63,,Pass
PLT-024,BATCH-05,2026-03-15,Analyst_C,ELISA_Reader_01,70,F10,F,10,SMP-0853,Unknown,2,5,,418.1766,0.45653,85.2311,426.1553,Quantifiable,0.63,,Pass
PLT-024,BATCH-05,2026-03-15,Analyst_C,ELISA_Reader_01,71,F11,F,11,SMP-0854,Unknown,1,2,,23.3756,0.08918,10.7593,21.5186,<LLOQ,7.56,,Pass
PLT-024,BATCH-05,2026-03-15,Analyst_C,ELISA_Reader_01,72,F12,F,12,SMP-0854,Unknown,2,2,,23.3756,0.09446,11.9741,23.9483,<LLOQ,7.56,,Pass
PLT-024,BATCH-05,2026-03-15,Analyst_C,ELISA_Reader_01,73,G1,G,1,STD_31.25,Standard,1,1,31.25,31.25,0.18008,29.9846,29.9846,N/A,2.5,97.68,Pass
PLT-024,BATCH-05,2026-03-15,Analyst_C,ELISA_Reader_01,74,G2,G,2,STD_31.25,Standard,2,1,31.25,31.25,0.18547,31.0655,31.0655,N/A,2.5,97.68,Pass
PLT-024,BATCH-05,2026-03-15,Analyst_C,ELISA_Reader_01,75,G3,G,3,SMP-0855,Unknown,1,1,,9.7091,0.07961,8.4932,8.4932,<LLOQ,3.07,,Pass
PLT-024,BATCH-05,2026-03-15,Analyst_C,ELISA_Reader_01,76,G4,G,4,SMP-0855,Unknown,2,1,,9.7091,0.08117,8.8695,8.8695,<LLOQ,3.07,,Pass
PLT-024,BATCH-05,2026-03-15,Analyst_C,ELISA_Reader_01,77,G5,G,5,SMP-0856,Unknown,1,2,,841.257,1.46378,424.3349,848.6698,Quantifiable,2.16,,Pass
PLT-024,BATCH-05,2026-03-15,Analyst_C,ELISA_Reader_01,78,G6,G,6,SMP-0856,Unknown,2,2,,841.257,1.44219,411.5651,823.1303,Quantifiable,2.16,,Pass
PLT-024,BATCH-05,2026-03-15,Analyst_C,ELISA_Reader_01,79,G7,G,7,SMP-0857,Unknown,1,1,,1905.4937,2.2008,1891.7088,1891.7088,>ULOQ,2.09,,Pass
PLT-024,BATCH-05,2026-03-15,Analyst_C,ELISA_Reader_01,80,G8,G,8,SMP-0857,Unknown,2,1,,1905.4937,2.19287,1836.5106,1836.5106,>ULOQ,2.09,,Pass
PLT-024,BATCH-05,2026-03-15,Analyst_C,ELISA_Reader_01,81,G9,G,9,SMP-0858,Unknown,1,2,,339.4366,0.82112,170.3706,340.7413,Quantifiable,1.43,,Pass
PLT-024,BATCH-05,2026-03-15,Analyst_C,ELISA_Reader_01,82,G10,G,10,SMP-0858,Unknown,2,2,,339.4366,0.83408,173.8618,347.7236,Quantifiable,1.43,,Pass
PLT-024,BATCH-05,2026-03-15,Analyst_C,ELISA_Reader_01,83,G11,G,11,SMP-0859,Unknown,1,2,,96.5555,0.27854,49.4649,98.9298,Quantifiable,0.6,,Pass
PLT-024,BATCH-05,2026-03-15,Analyst_C,ELISA_Reader_01,84,G12,G,12,SMP-0859,Unknown,2,2,,96.5555,0.28069,49.8886,99.7773,Quantifiable,0.6,,Pass
PLT-024,BATCH-05,2026-03-15,Analyst_C,ELISA_Reader_01,85,H1,H,1,STD_15.625,Standard,1,1,15.625,15.625,0.11002,15.4398,15.4398,N/A,2.5,97.1,Pass
PLT-024,BATCH-05,2026-03-15,Analyst_C,ELISA_Reader_01,86,H2,H,2,STD_15.625,Standard,2,1,15.625,15.625,0.10757,14.9035,14.9035,N/A,2.5,97.1,Pass
PLT-024,BATCH-05,2026-03-15,Analyst_C,ELISA_Reader_01,87,H3,H,3,SMP-0860,Unknown,1,10,,8.9303,0.06096,3.6409,36.409,<LLOQ,57.86,,Review
PLT-024,BATCH-05,2026-03-15,Analyst_C,ELISA_Reader_01,88,H4,H,4,SMP-0860,Unknown,2,10,,8.9303,0.05414,1.5266,15.2656,<LLOQ,57.86,,Review
PLT-024,BATCH-05,2026-03-15,Analyst_C,ELISA_Reader_01,89,H5,H,5,SMP-0861,Unknown,1,1,,12.7772,0.09293,11.6239,11.6239,<LLOQ,3.18,,Pass
PLT-024,BATCH-05,2026-03-15,Analyst_C,ELISA_Reader_01,90,H6,H,6,SMP-0861,Unknown,2,1,,12.7772,0.09528,12.1594,12.1594,<LLOQ,3.18,,Pass
PLT-024,BATCH-05,2026-03-15,Analyst_C,ELISA_Reader_01,91,H7,H,7,SMP-0862,Unknown,1,1,,13.9232,0.1011,13.4704,13.4704,<LLOQ,4.48,,Pass
PLT-024,BATCH-05,2026-03-15,Analyst_C,ELISA_Reader_01,92,H8,H,8,SMP-0862,Unknown,2,1,,13.9232,0.09741,12.6433,12.6433,<LLOQ,4.48,,Pass
PLT-024,BATCH-05,2026-03-15,Analyst_C,ELISA_Reader_01,93,H9,H,9,SMP-0863,Unknown,1,2,,31.3625,0.11644,16.8324,33.6648,<LLOQ,0.75,,Pass
PLT-024,BATCH-05,2026-03-15,Analyst_C,ELISA_Reader_01,94,H10,H,10,SMP-0863,Unknown,2,2,,31.3625,0.11561,16.654,33.308,<LLOQ,0.75,,Pass
PLT-024,BATCH-05,2026-03-15,Analyst_C,ELISA_Reader_01,95,H11,H,11,SMP-0864,Unknown,1,1,,54.2586,0.30343,54.3689,54.3689,Quantifiable,0.69,,Pass
PLT-024,BATCH-05,2026-03-15,Analyst_C,ELISA_Reader_01,96,H12,H,12,SMP-0864,Unknown,2,1,,54.2586,0.30074,53.8384,53.8384,Quantifiable,0.69,,Pass
PLT-025,BATCH-05,2026-03-18,Analyst_A,ELISA_Reader_01,1,A1,A,1,STD_2000,Standard,1,1,2000.0,2000.0,2.33614,2208.8791,2208.8791,N/A,21.61,95.81,Review
PLT-025,BATCH-05,2026-03-18,Analyst_A,ELISA_Reader_01,2,A2,A,2,STD_2000,Standard,2,1,2000.0,2000.0,2.25308,1623.3996,1623.3996,N/A,21.61,95.81,Review
PLT-025,BATCH-05,2026-03-18,Analyst_A,ELISA_Reader_01,3,A3,A,3,BLANK,Blank,1,1,0.0,0.0,0.05106,1.4126,1.4126,N/A,141.04,,Pass
PLT-025,BATCH-05,2026-03-18,Analyst_A,ELISA_Reader_01,4,A4,A,4,BLANK,Blank,2,1,0.0,0.0,0.04333,0.0019,0.0019,N/A,141.04,,Pass
PLT-025,BATCH-05,2026-03-18,Analyst_A,ELISA_Reader_01,5,A5,A,5,SMP-0865,Unknown,1,2,,219.0875,0.5847,108.068,216.136,Quantifiable,0.55,,Pass
PLT-025,BATCH-05,2026-03-18,Analyst_A,ELISA_Reader_01,6,A6,A,6,SMP-0865,Unknown,2,2,,219.0875,0.58875,108.9133,217.8265,Quantifiable,0.55,,Pass
PLT-025,BATCH-05,2026-03-18,Analyst_A,ELISA_Reader_01,7,A7,A,7,SMP-0866,Unknown,1,1,,25.226,0.15896,25.5858,25.5858,Quantifiable,2.86,,Pass
PLT-025,BATCH-05,2026-03-18,Analyst_A,ELISA_Reader_01,8,A8,A,8,SMP-0866,Unknown,2,1,,25.226,0.15379,24.5704,24.5704,Quantifiable,2.86,,Pass
PLT-025,BATCH-05,2026-03-18,Analyst_A,ELISA_Reader_01,9,A9,A,9,SMP-0867,Unknown,1,2,,746.8656,1.42444,366.8184,733.6369,Quantifiable,0.43,,Pass
PLT-025,BATCH-05,2026-03-18,Analyst_A,ELISA_Reader_01,10,A10,A,10,SMP-0867,Unknown,2,2,,746.8656,1.42905,369.0565,738.1129,Quantifiable,0.43,,Pass
PLT-025,BATCH-05,2026-03-18,Analyst_A,ELISA_Reader_01,11,A11,A,11,SMP-0868,Unknown,1,2,,31.1131,0.11193,16.1032,32.2065,<LLOQ,2.07,,Pass
PLT-025,BATCH-05,2026-03-18,Analyst_A,ELISA_Reader_01,12,A12,A,12,SMP-0868,Unknown,2,2,,31.1131,0.10972,15.6387,31.2773,<LLOQ,2.07,,Pass
PLT-025,BATCH-05,2026-03-18,Analyst_A,ELISA_Reader_01,13,B1,B,1,STD_1000,Standard,1,1,1000.0,1000.0,2.0421,955.565,955.565,N/A,4.79,98.91,Pass
PLT-025,BATCH-05,2026-03-18,Analyst_A,ELISA_Reader_01,14,B2,B,2,STD_1000,Standard,2,1,1000.0,1000.0,2.07447,1022.5605,1022.5605,N/A,4.79,98.91,Pass
PLT-025,BATCH-05,2026-03-18,Analyst_A,ELISA_Reader_01,15,B3,B,3,QC_Low,QC,1,1,50.0,50.0,0.2772,48.063,48.063,N/A,2.26,97.69,Pass
PLT-025,BATCH-05,2026-03-18,Analyst_A,ELISA_Reader_01,16,B4,B,4,QC_Low,QC,2,1,50.0,50.0,0.28552,49.6229,49.6229,N/A,2.26,97.69,Pass
PLT-025,BATCH-05,2026-03-18,Analyst_A,ELISA_Reader_01,17,B5,B,5,SMP-0869,Unknown,1,1,,81.8331,0.45553,82.0172,82.0172,Quantifiable,0.84,,Pass
PLT-025,BATCH-05,2026-03-18,Analyst_A,ELISA_Reader_01,18,B6,B,6,SMP-0869,Unknown,2,1,,81.8331,0.45059,81.0529,81.0529,Quantifiable,0.84,,Pass
PLT-025,BATCH-05,2026-03-18,Analyst_A,ELISA_Reader_01,19,B7,B,7,SMP-0870,Unknown,1,2,,947.9352,1.60622,468.8924,937.7848,Quantifiable,2.64,,Pass
PLT-025,BATCH-05,2026-03-18,Analyst_A,ELISA_Reader_01,20,B8,B,8,SMP-0870,Unknown,2,2,,947.9352,1.63291,486.76,973.5199,Quantifiable,2.64,,Pass
PLT-025,BATCH-05,2026-03-18,Analyst_A,ELISA_Reader_01,21,B9,B,9,SMP-0871,Unknown,1,5,,10.8013,0.05593,2.9578,14.7888,<LLOQ,141.24,,Review
PLT-025,BATCH-05,2026-03-18,Analyst_A,ELISA_Reader_01,22,B10,B,10,SMP-0871,Unknown,2,5,,10.8013,0.04747,0.0019,0.0097,<LLOQ,141.24,,Review
PLT-025,BATCH-05,2026-03-18,Analyst_A,ELISA_Reader_01,23,B11,B,11,SMP-0872,Unknown,1,10,,85.8789,0.07451,7.8061,78.0611,<LLOQ,9.61,,Pass
PLT-025,BATCH-05,2026-03-18,Analyst_A,ELISA_Reader_01,24,B12,B,12,SMP-0872,Unknown,2,10,,85.8789,0.07932,8.9439,89.4393,<LLOQ,9.61,,Pass
PLT-025,BATCH-05,2026-03-18,Analyst_A,ELISA_Reader_01,25,C1,C,1,STD_500,Standard,1,1,500.0,500.0,1.6679,511.5832,511.5832,N/A,1.44,101.28,Pass
PLT-025,BATCH-05,2026-03-18,Analyst_A,ELISA_Reader_01,26,C2,C,2,STD_500,Standard,2,1,500.0,500.0,1.65361,501.2389,501.2389,N/A,1.44,101.28,Pass
PLT-025,BATCH-05,2026-03-18,Analyst_A,ELISA_Reader_01,27,C3,C,3,QC_Mid,QC,1,1,300.0,300.0,1.26439,297.4726,297.4726,N/A,2.51,100.95,Pass
PLT-025,BATCH-05,2026-03-18,Analyst_A,ELISA_Reader_01,28,C4,C,4,QC_Mid,QC,2,1,300.0,300.0,1.29156,308.2139,308.2139,N/A,2.51,100.95,Pass
PLT-025,BATCH-05,2026-03-18,Analyst_A,ELISA_Reader_01,29,C5,C,5,SMP-0873,Unknown,1,1,,72.8888,0.4114,73.4602,73.4602,Quantifiable,0.35,,Pass
PLT-025,BATCH-05,2026-03-18,Analyst_A,ELISA_Reader_01,30,C6,C,6,SMP-0873,Unknown,2,1,,72.8888,0.40951,73.0966,73.0966,Quantifiable,0.35,,Pass
PLT-025,BATCH-05,2026-03-18,Analyst_A,ELISA_Reader_01,31,C7,C,7,SMP-0874,Unknown,1,2,,411.0477,0.99495,207.6567,415.3133,Quantifiable,1.93,,Pass
PLT-025,BATCH-05,2026-03-18,Analyst_A,ELISA_Reader_01,32,C8,C,8,SMP-0874,Unknown,2,2,,411.0477,0.97534,202.0714,404.1427,Quantifiable,1.93,,Pass
PLT-025,BATCH-05,2026-03-18,Analyst_A,ELISA_Reader_01,33,C9,C,9,SMP-0875,Unknown,1,1,,55.6547,0.31806,55.735,55.735,Quantifiable,0.41,,Pass
PLT-025,BATCH-05,2026-03-18,Analyst_A,ELISA_Reader_01,34,C10,C,10,SMP-0875,Unknown,2,1,,55.6547,0.31634,55.4112,55.4112,Quantifiable,0.41,,Pass
PLT-025,BATCH-05,2026-03-18,Analyst_A,ELISA_Reader_01,35,C11,C,11,SMP-0876,Unknown,1,2,,12.4305,0.05956,3.9914,7.9827,<LLOQ,47.54,,Review
PLT-025,BATCH-05,2026-03-18,Analyst_A,ELISA_Reader_01,36,C12,C,12,SMP-0876,Unknown,2,2,,12.4305,0.07546,8.0331,16.0662,<LLOQ,47.54,,Review
PLT-025,BATCH-05,2026-03-18,Analyst_A,ELISA_Reader_01,37,D1,D,1,STD_250,Standard,1,1,250.0,250.0,1.12507,247.6743,247.6743,N/A,47.42,74.19,Review
PLT-025,BATCH-05,2026-03-18,Analyst_A,ELISA_Reader_01,38,D2,D,2,STD_250,Standard,2,1,250.0,250.0,0.65608,123.2859,123.2859,N/A,47.42,74.19,Review
PLT-025,BATCH-05,2026-03-18,Analyst_A,ELISA_Reader_01,39,D3,D,3,QC_High,QC,1,1,1200.0,1200.0,2.13831,1182.3183,1182.3183,N/A,1.26,97.66,Pass
PLT-025,BATCH-05,2026-03-18,Analyst_A,ELISA_Reader_01,40,D4,D,4,QC_High,QC,2,1,1200.0,1200.0,2.13088,1161.4521,1161.4521,N/A,1.26,97.66,Pass
PLT-025,BATCH-05,2026-03-18,Analyst_A,ELISA_Reader_01,41,D5,D,5,SMP-0877,Unknown,1,1,,132.6552,0.70623,134.4067,134.4067,Quantifiable,0.92,,Pass
PLT-025,BATCH-05,2026-03-18,Analyst_A,ELISA_Reader_01,42,D6,D,6,SMP-0877,Unknown,2,1,,132.6552,0.69848,132.6634,132.6634,Quantifiable,0.92,,Pass
PLT-025,BATCH-05,2026-03-18,Analyst_A,ELISA_Reader_01,43,D7,D,7,SMP-0878,Unknown,1,1,,32.3308,0.19691,32.9141,32.9141,Quantifiable,3.62,,Pass
PLT-025,BATCH-05,2026-03-18,Analyst_A,ELISA_Reader_01,44,D8,D,8,SMP-0878,Unknown,2,1,,32.3308,0.18832,31.2698,31.2698,Quantifiable,3.62,,Pass
PLT-025,BATCH-05,2026-03-18,Analyst_A,ELISA_Reader_01,45,D9,D,9,SMP-0879,Unknown,1,5,,34.8297,0.0737,7.6122,38.0612,<LLOQ,10.84,,Pass
PLT-025,BATCH-05,2026-03-18,Analyst_A,ELISA_Reader_01,46,D10,D,10,SMP-0879,Unknown,2,5,,34.8297,0.06928,6.5287,32.6436,<LLOQ,10.84,,Pass
PLT-025,BATCH-05,2026-03-18,Analyst_A,ELISA_Reader_01,47,D11,D,11,SMP-0880,Unknown,1,1,,380.8859,1.458,383.4784,383.4784,Quantifiable,1.74,,Pass
PLT-025,BATCH-05,2026-03-18,Analyst_A,ELISA_Reader_01,48,D12,D,12,SMP-0880,Unknown,2,1,,380.8859,1.43945,374.1633,374.1633,Quantifiable,1.74,,Pass
PLT-025,BATCH-05,2026-03-18,Analyst_A,ELISA_Reader_01,49,E1,E,1,STD_125,Standard,1,1,125.0,125.0,0.66769,125.8276,125.8276,N/A,0.83,100.07,Pass
PLT-025,BATCH-05,2026-03-18,Analyst_A,ELISA_Reader_01,50,E2,E,2,STD_125,Standard,2,1,125.0,125.0,0.66099,124.3578,124.3578,N/A,0.83,100.07,Pass
PLT-025,BATCH-05,2026-03-18,Analyst_A,ELISA_Reader_01,51,E3,E,3,SMP-0881,Unknown,1,1,,26.3011,0.16381,26.5322,26.5322,Quantifiable,9.25,,Pass
PLT-025,BATCH-05,2026-03-18,Analyst_A,ELISA_Reader_01,52,E4,E,4,SMP-0881,Unknown,2,1,,26.3011,0.14722,23.2733,23.2733,Quantifiable,9.25,,Pass
PLT-025,BATCH-05,2026-03-18,Analyst_A,ELISA_Reader_01,53,E5,E,5,SMP-0882,Unknown,1,1,,160.7925,0.82021,161.2409,161.2409,Quantifiable,1.16,,Pass
PLT-025,BATCH-05,2026-03-18,Analyst_A,ELISA_Reader_01,54,E6,E,6,SMP-0882,Unknown,2,1,,160.7925,0.831,163.9061,163.9061,Quantifiable,1.16,,Pass
PLT-025,BATCH-05,2026-03-18,Analyst_A,ELISA_Reader_01,55,E7,E,7,SMP-0883,Unknown,1,2,,743.2518,1.42424,366.7185,733.437,Quantifiable,2.21,,Pass
PLT-025,BATCH-05,2026-03-18,Analyst_A,ELISA_Reader_01,56,E8,E,8,SMP-0883,Unknown,2,2,,743.2518,1.44788,378.364,756.728,Quantifiable,2.21,,Pass
PLT-025,BATCH-05,2026-03-18,Analyst_A,ELISA_Reader_01,57,E9,E,9,SMP-0884,Unknown,1,2,,18.5953,0.09074,11.5411,23.0822,<LLOQ,25.7,,Review
PLT-025,BATCH-05,2026-03-18,Analyst_A,ELISA_Reader_01,58,E10,E,10,SMP-0884,Unknown,2,2,,18.5953,0.07528,7.9911,15.9821,<LLOQ,25.7,,Review
PLT-025,BATCH-05,2026-03-18,Analyst_A,ELISA_Reader_01,59,E11,E,11,SMP-0885,Unknown,1,2,,75.5744,0.22247,37.7668,75.5337,Quantifiable,1.89,,Pass
PLT-025,BATCH-05,2026-03-18,Analyst_A,ELISA_Reader_01,60,E12,E,12,SMP-0885,Unknown,2,2,,75.5744,0.22788,38.7898,77.5797,Quantifiable,1.89,,Pass
PLT-025,BATCH-05,2026-03-18,Analyst_A,ELISA_Reader_01,61,F1,F,1,STD_62.5,Standard,1,1,62.5,62.5,0.34135,60.1221,60.1221,N/A,3.15,98.38,Pass
PLT-025,BATCH-05,2026-03-18,Analyst_A,ELISA_Reader_01,62,F2,F,2,STD_62.5,Standard,2,1,62.5,62.5,0.35582,62.8583,62.8583,N/A,3.15,98.38,Pass
PLT-025,BATCH-05,2026-03-18,Analyst_A,ELISA_Reader_01,63,F3,F,3,SMP-0886,Unknown,1,5,,31.8281,0.06901,6.4619,32.3094,<LLOQ,12.53,,Pass
PLT-025,BATCH-05,2026-03-18,Analyst_A,ELISA_Reader_01,64,F4,F,4,SMP-0886,Unknown,2,5,,31.8281,0.07414,7.718,38.5902,<LLOQ,12.53,,Pass
PLT-025,BATCH-05,2026-03-18,Analyst_A,ELISA_Reader_01,65,F5,F,5,SMP-0887,Unknown,1,1,,14.1742,0.10572,14.7919,14.7919,<LLOQ,5.86,,Pass
PLT-025,BATCH-05,2026-03-18,Analyst_A,ELISA_Reader_01,66,F6,F,6,SMP-0887,Unknown,2,1,,14.1742,0.10022,13.6152,13.6152,<LLOQ,5.86,,Pass
PLT-025,BATCH-05,2026-03-18,Analyst_A,ELISA_Reader_01,67,F7,F,7,SMP-0888,Unknown,1,1,,494.0673,1.6388,490.8225,490.8225,Quantifiable,0.7,,Pass
PLT-025,BATCH-05,2026-03-18,Analyst_A,ELISA_Reader_01,68,F8,F,8,SMP-0888,Unknown,2,1,,494.0673,1.63177,485.9729,485.9729,Quantifiable,0.7,,Pass
PLT-025,BATCH-05,2026-03-18,Analyst_A,ELISA_Reader_01,69,F9,F,9,SMP-0889,Unknown,1,5,,21.0755,0.06162,4.5541,22.7703,<LLOQ,4.37,,Pass
PLT-025,BATCH-05,2026-03-18,Analyst_A,ELISA_Reader_01,70,F10,F,10,SMP-0889,Unknown,2,5,,21.0755,0.06061,4.281,21.4048,<LLOQ,4.37,,Pass
PLT-025,BATCH-05,2026-03-18,Analyst_A,ELISA_Reader_01,71,F11,F,11,SMP-0890,Unknown,1,1,,35.9798,0.21273,35.9235,35.9235,Quantifiable,1.3,,Pass
PLT-025,BATCH-05,2026-03-18,Analyst_A,ELISA_Reader_01,72,F12,F,12,SMP-0890,Unknown,2,1,,35.9798,0.21626,36.5917,36.5917,Quantifiable,1.3,,Pass
PLT-025,BATCH-05,2026-03-18,Analyst_A,ELISA_Reader_01,73,G1,G,1,STD_31.25,Standard,1,1,31.25,31.25,0.18085,29.834,29.834,N/A,3.7,98.03,Pass
PLT-025,BATCH-05,2026-03-18,Analyst_A,ELISA_Reader_01,74,G2,G,2,STD_31.25,Standard,2,1,31.25,31.25,0.18919,31.4367,31.4367,N/A,3.7,98.03,Pass
PLT-025,BATCH-05,2026-03-18,Analyst_A,ELISA_Reader_01,75,G3,G,3,SMP-0891,Unknown,1,2,,49.1583,0.14066,21.9674,43.9348,Quantifiable,8.16,,Pass
PLT-025,BATCH-05,2026-03-18,Analyst_A,ELISA_Reader_01,76,G4,G,4,SMP-0891,Unknown,2,2,,49.1583,0.15423,24.6566,49.3133,Quantifiable,8.16,,Pass
PLT-025,BATCH-05,2026-03-18,Analyst_A,ELISA_Reader_01,77,G5,G,5,SMP-0892,Unknown,1,1,,106.0266,0.57575,106.2059,106.2059,Quantifiable,1.39,,Pass
PLT-025,BATCH-05,2026-03-18,Analyst_A,ELISA_Reader_01,78,G6,G,6,SMP-0892,Unknown,2,1,,106.0266,0.56576,104.1368,104.1368,Quantifiable,1.39,,Pass
PLT-025,BATCH-05,2026-03-18,Analyst_A,ELISA_Reader_01,79,G7,G,7,SMP-0893,Unknown,1,1,,248.254,1.12358,247.1849,247.1849,Quantifiable,0.63,,Pass
PLT-025,BATCH-05,2026-03-18,Analyst_A,ELISA_Reader_01,80,G8,G,8,SMP-0893,Unknown,2,1,,248.254,1.1169,244.9965,244.9965,Quantifiable,0.63,,Pass
PLT-025,BATCH-05,2026-03-18,Analyst_A,ELISA_Reader_01,81,G9,G,9,SMP-0894,Unknown,1,1,,157.1938,0.80424,157.3371,157.3371,Quantifiable,1.15,,Pass
PLT-025,BATCH-05,2026-03-18,Analyst_A,ELISA_Reader_01,82,G10,G,10,SMP-0894,Unknown,2,1,,157.1938,0.81482,159.919,159.919,Quantifiable,1.15,,Pass
PLT-025,BATCH-05,2026-03-18,Analyst_A,ELISA_Reader_01,83,G11,G,11,SMP-0895,Unknown,1,1,,2341.4726,2.40715,3207.4274,3207.4274,>ULOQ,19.8,,Pass
PLT-025,BATCH-05,2026-03-18,Analyst_A,ELISA_Reader_01,84,G12,G,12,SMP-0895,Unknown,2,1,,2341.4726,2.35616,2419.5877,2419.5877,>ULOQ,19.8,,Pass
PLT-025,BATCH-05,2026-03-18,Analyst_A,ELISA_Reader_01,85,H1,H,1,STD_15.625,Standard,1,1,15.625,15.625,0.10966,15.6261,15.6261,N/A,1.42,101.02,Pass
PLT-025,BATCH-05,2026-03-18,Analyst_A,ELISA_Reader_01,86,H2,H,2,STD_15.625,Standard,2,1,15.625,15.625,0.11117,15.9427,15.9427,N/A,1.42,101.02,Pass
PLT-025,BATCH-05,2026-03-18,Analyst_A,ELISA_Reader_01,87,H3,H,3,SMP-0896,Unknown,1,1,,1025.743,2.03231,936.7983,936.7983,Quantifiable,4.43,,Pass
PLT-025,BATCH-05,2026-03-18,Analyst_A,ELISA_Reader_01,88,H4,H,4,SMP-0896,Unknown,2,1,,1025.743,2.06272,997.3181,997.3181,Quantifiable,4.43,,Pass
PLT-025,BATCH-05,2026-03-18,Analyst_A,ELISA_Reader_01,89,H5,H,5,SMP-0897,Unknown,1,1,,589.8495,1.75156,578.5204,578.5204,Quantifiable,0.73,,Pass
PLT-025,BATCH-05,2026-03-18,Analyst_A,ELISA_Reader_01,90,H6,H,6,SMP-0897,Unknown,2,1,,589.8495,1.74471,572.5792,572.5792,Quantifiable,0.73,,Pass
PLT-025,BATCH-05,2026-03-18,Analyst_A,ELISA_Reader_01,91,H7,H,7,SMP-0898,Unknown,1,5,,1770.3218,1.40514,357.6038,1788.0189,Quantifiable,0.34,,Pass
PLT-025,BATCH-05,2026-03-18,Analyst_A,ELISA_Reader_01,92,H8,H,8,SMP-0898,Unknown,2,5,,1770.3218,1.40151,355.9002,1779.5012,Quantifiable,0.34,,Pass
PLT-025,BATCH-05,2026-03-18,Analyst_A,ELISA_Reader_01,93,H9,H,9,SMP-0899,Unknown,1,1,,8.4431,0.07513,7.9537,7.9537,<LLOQ,10.15,,Pass
PLT-025,BATCH-05,2026-03-18,Analyst_A,ELISA_Reader_01,94,H10,H,10,SMP-0899,Unknown,2,1,,8.4431,0.08035,9.1839,9.1839,<LLOQ,10.15,,Pass
PLT-025,BATCH-05,2026-03-18,Analyst_A,ELISA_Reader_01,95,H11,H,11,SMP-0900,Unknown,1,2,,2249.4052,2.11378,1115.9141,2231.8283,Quantifiable,1.11,,Pass
PLT-025,BATCH-05,2026-03-18,Analyst_A,ELISA_Reader_01,96,H12,H,12,SMP-0900,Unknown,2,2,,2249.4052,2.12055,1133.5366,2267.0732,Quantifiable,1.11,,Pass
